title,category,source_link,date_time,location,publisher,description,place_name,zone,zone_group,subcategory,latitude,longitude,address,city,review_text,rating,sentiment_score,severity,confidence,claim_type,source_link_type,incident_id,place_id,place_url,review_id,classifier,text_sha256,retrieved_at,zone_incident_count,zone_scam_count,zone_fraud_count,zone_crime_count,zone_harassment_count,zone_accident_count,zone_natural_disaster_count,zone_unsafe_area_count,zone_infrastructure_hazard_count,zone_top_category,zone_places_scanned,zone_reviews_scanned,zone_negative_reviews,record_type
Warning about scam activities,Scam,https://www.google.com/maps/reviews/data=!4m8!14m7!1m6!2m5!1sChdDSUhNMG9nS0VJQ0FnSURudmJEOW13RRAB!2m1!1s0x0:0x28058ea4a8ae99fc!3m1!1s2@1:CIHM0ogKEICAgIDnvbD9mwE%7C%7C?hl=en,2024-10-09T02:09:11Z,"HPMP+QRQ, Dmello Vaddo, Anjuna, Goa 403509, India (15.584451, 73.737100)",Google Maps (user review),Reviewer warned about many scam activities happening near the beach.,Anjuna beach,Anjuna Beach,Scam and Tourist Trap,SCAM,15.5844512,73.7371005,"HPMP+QRQ, Dmello Vaddo, Anjuna, Goa 403509, India",Anjuna,"When I went it was not crowded.

The beach area is very less compared to other famous places .

I felt it as an average.

Beware of many scam activities happening near to it .

Anjuna Beach, located on the western coast of India, is renowned for its vibrant coral reefs and rich marine biodiversity. The coral formations along Anjuna Beach are integral to the coastal ecosystem, providing habitat for a myriad of marine species while also contributing to the local economy through tourism and fishing. Recent studies have highlighted the significance of these coral patches in maintaining ecological balance and supporting biodiversity (Kaushik, n.d.). Understanding the elemental composition of these corals is crucial, as it offers insights into their health and resilience against environmental stressors.

Research indicates that calcium (Ca) constitutes a major component of coral skeletons, playing a vital role in their structural integrity. A study utilizing Laser-Induced Breakdown Spectroscopy (LIBS) found that coral skeletons from various locations exhibited significant levels of calcium content ranging from 36% to nearly 40% by weight (Haider, n.d.). This high concentration underscores the importance of calcium not only for coral growth but also for resilience against ocean acidification—a pressing issue due to climate change. The findings suggest that monitoring calcium levels can serve as an effective metric for assessing coral health in Anjuna Beach.

Furthermore, interactions between marine organisms at Anjuna Beach illustrate complex ecological relationships. For instance, allelopathic interactions among rocky intertidal species such as *Cinachyrella cf. cavernosa* and *Zoanthus sansibaricus* emphasize how chemical compounds can regulate community dynamics within these ecosystems (Anshika, n.d.). Such interactions are essential for understanding species coexistence and competition in delicate habitats like those found at Anjuna Beach.

Not recommended to visit if you have time constraints.",3,-0.2,3,0.9,WARNING,REVIEW,INC-4fa5090442632ffa,ChIJ0RksR4PpvzsR_JmuqKSOBSg,https://www.google.com/maps/search/?api=1&query=Anjuna%20beach&query_place_id=ChIJ0RksR4PpvzsR_JmuqKSOBSg,ChdDSUhNMG9nS0VJQ0FnSURudmJEOW13RRAB,ANAKIN_AI,7810b7e76598bdddc6721093428a2cc4e13dfaee3b4cdf69d50aeb5d255189b1,2026-09-26T10:02:11.609Z,3,1,0,0,0,0,0,2,0,Unsafe area,2,70,15,incident
Unsafe water conditions for children,Unsafe area,https://www.google.com/maps/reviews/data=!4m8!14m7!1m6!2m5!1sCi9DQUlRQUNvZENodHljRjlvT2twQ1ZHdENVSE5HV1VOWFNVNXlUVGhJWjJoUGJtYxAB!2m1!1s0x0:0x28058ea4a8ae99fc!3m1!1s2@1:CAIQACodChtycF9oOkpCVGtCUHNGWUNXSU5yTThIZ2hPbmc%7C%7C?hl=en,2025-08-28T11:13:46Z,"HPMP+QRQ, Dmello Vaddo, Anjuna, Goa 403509, India (15.584451, 73.737100)",Google Maps (user review),Reviewer stated it is not a safe beach to get into the water with kids.,Anjuna beach,Anjuna Beach,Scam and Tourist Trap,STREET_SAFETY,15.5844512,73.7371005,"HPMP+QRQ, Dmello Vaddo, Anjuna, Goa 403509, India",Anjuna,Good beach point to watch the sea. Nothing much other than to do. Cannot get down to the water with kids. Not a safe beach to get into water.,3,-0.3,2,0.9,PERCEPTION,REVIEW,INC-5998823efe4477e8,ChIJ0RksR4PpvzsR_JmuqKSOBSg,https://www.google.com/maps/search/?api=1&query=Anjuna%20beach&query_place_id=ChIJ0RksR4PpvzsR_JmuqKSOBSg,Ci9DQUlRQUNvZENodHljRjlvT2twQ1ZHdENVSE5HV1VOWFNVNXlUVGhJWjJoUGJtYxAB,ANAKIN_AI,25fe0dd3f20553fc747975d47384b4b8f6868d8cc8b79b02bf6c0640ee0ab2f1,2026-09-26T10:02:11.609Z,3,1,0,0,0,0,0,2,0,Unsafe area,2,70,15,incident
Dangerous cliff walking and unsafe swimming,Unsafe area,https://www.google.com/maps/reviews/data=!4m8!14m7!1m6!2m5!1sChZDSUhNMG9nS0VJQ0FnSUNVcWFtT2NREAE!2m1!1s0x0:0x28058ea4a8ae99fc!3m1!1s2@1:CIHM0ogKEICAgICUqamOcQ%7C%7C?hl=en,2019-07-28T07:26:07Z,"HPMP+QRQ, Dmello Vaddo, Anjuna, Goa 403509, India (15.584451, 73.737100)",Google Maps (user review),Reviewer stated that swimming is not recommended and walking on the cliff is highly dangerous.,Anjuna beach,Anjuna Beach,Scam and Tourist Trap,OTHER,15.5844512,73.7371005,"HPMP+QRQ, Dmello Vaddo, Anjuna, Goa 403509, India",Anjuna,Beach? Where is it? Wrongly lead to Anjuna beach end up in seein parking lots and tourist traffic's along with some shops. A view of the Arabian sea saves the day. Swimming not recommended and walking on the cliff highly dangerous. Take a few pics and move on to some better beaches .that's what I recommend,3,-0.4,3,0.85,USER_REPORTED,REVIEW,INC-08ab12b068084d82,ChIJ0RksR4PpvzsR_JmuqKSOBSg,https://www.google.com/maps/search/?api=1&query=Anjuna%20beach&query_place_id=ChIJ0RksR4PpvzsR_JmuqKSOBSg,ChZDSUhNMG9nS0VJQ0FnSUNVcWFtT2NREAE,ANAKIN_AI,e2d7f797ef12add18ac63ab1f897554bed614c00f0d58d5787b6af6e69ee61d0,2026-09-26T10:02:11.609Z,3,1,0,0,0,0,0,2,0,Unsafe area,2,70,15,incident
Hidden charges for water sports,Fraud,https://www.google.com/maps/reviews/data=!4m8!14m7!1m6!2m5!1sChZDSUhNMG9nS0VJQ0FnSUR2eXFTVWV3EAE!2m1!1s0x0:0xba7066c0ee35c1e0!3m1!1s2@1:CIHM0ogKEICAgIDvyqSUew%7C%7C?hl=en,2024-12-19T10:20:34Z,"Goa, India (15.555279, 73.751731)",Google Maps (user review),Reviewer reported high and hidden charges for water sports.,Baga Beach,Baga Beach,Scam and Tourist Trap,OVERCHARGING,15.5552787,73.7517307,"Goa, India",,Worthless...... Rude people..... High Water sports charges including hidden charges inside the sea....,1,-0.9,2,0.9,USER_REPORTED,REVIEW,INC-61e982ce98997d88,ChIJ_96h2BzqvzsR4ME17sBmcLo,https://www.google.com/maps/search/?api=1&query=Baga%20Beach&query_place_id=ChIJ_96h2BzqvzsR4ME17sBmcLo,ChZDSUhNMG9nS0VJQ0FnSUR2eXFTVWV3EAE,ANAKIN_AI,418928d3604cc18819444bb46a7ad2afb3be0d64f0a152d3270f0f276c682581,2026-09-26T10:02:11.609Z,8,2,2,0,3,0,0,1,0,Harassment,2,35,35,incident
Overpriced shacks and frauds,Fraud,https://www.google.com/maps/reviews/data=!4m8!14m7!1m6!2m5!1sChdDSUhNMG9nS0VJQ0FnSURDbnU2aXV3RRAB!2m1!1s0x0:0xba7066c0ee35c1e0!3m1!1s2@1:CIHM0ogKEICAgIDCnu6iuwE%7C%7C?hl=en,2020-09-28T08:50:45Z,"Goa, India (15.555279, 73.751731)",Google Maps (user review),Reviewer states that shacks are overpriced and there are frauds.,Baga Beach,Baga Beach,Scam and Tourist Trap,OVERCHARGING,15.5552787,73.7517307,"Goa, India",,"Very much dirty beach, too many frauds and shacks here are over priced.
Not recommended.",1,-0.7,2,0.9,USER_ALLEGATION,REVIEW,INC-9421391a75f42177,ChIJ_96h2BzqvzsR4ME17sBmcLo,https://www.google.com/maps/search/?api=1&query=Baga%20Beach&query_place_id=ChIJ_96h2BzqvzsR4ME17sBmcLo,ChdDSUhNMG9nS0VJQ0FnSURDbnU2aXV3RRAB,ANAKIN_AI,3eeaf185bef17aa63422ab1a49281bd776c3b27ec8741e0029a64009a5ccdd90,2026-09-26T10:02:11.609Z,8,2,2,0,3,0,0,1,0,Harassment,2,35,35,incident
Harassment and attempted grab on street,Harassment,https://www.google.com/maps/reviews/data=!4m8!14m7!1m6!2m5!1sChdDSUhNMG9nS0VJQ0FnSURfdUtyLWdnRRAB!2m1!1s0x0:0xba7066c0ee35c1e0!3m1!1s2@1:CIHM0ogKEICAgID_uKr-ggE%7C%7C?hl=en,2025-01-21T11:52:40Z,"Goa, India (15.555279, 73.751731)",Google Maps (user review),Reviewer reported being rushed and grabbed by individuals demanding money on the street road.,Baga Beach,Baga Beach,Scam and Tourist Trap,HARASSMENT,15.5552787,73.7517307,"Goa, India",,"Worst experience is when we just reached there and we were walking through the street road, the transgender people rushed towards us and tried to grab my husband and asking for money. But we escaped really quick and couldn't enjoy the beach. Beware of these kind of people at night time. There were no police or security people to control them.",1,-0.9,3,0.95,USER_REPORTED,REVIEW,INC-df608a15ad1f0748,ChIJ_96h2BzqvzsR4ME17sBmcLo,https://www.google.com/maps/search/?api=1&query=Baga%20Beach&query_place_id=ChIJ_96h2BzqvzsR4ME17sBmcLo,ChdDSUhNMG9nS0VJQ0FnSURfdUtyLWdnRRAB,ANAKIN_AI,26e272d5a60cc5257a78874c80dc283b27bd8f67136a967d1ec61008ffcbee3e,2026-09-26T10:02:11.609Z,8,2,2,0,3,0,0,1,0,Harassment,2,35,35,incident
Constant harassment on beach,Harassment,https://www.google.com/maps/reviews/data=!4m8!14m7!1m6!2m5!1sChZDSUhNMG9nS0VJQ0FnSUNEb29XZFNBEAE!2m1!1s0x0:0xba7066c0ee35c1e0!3m1!1s2@1:CIHM0ogKEICAgICDooWdSA%7C%7C?hl=en,2024-03-26T04:35:30Z,"Goa, India (15.555279, 73.751731)",Google Maps (user review),Reviewer stated that visitors get harassed constantly on the beach.,Baga Beach,Baga Beach,Scam and Tourist Trap,HARASSMENT,15.5552787,73.7517307,"Goa, India",,"People say that you should go here to party. That is false, every other beach close is better. Baga beach is filthy, you get harassed constantly, all the bars play extremely loud music. You will get tinnitus. The vibe and the party on this beach is awful.",1,-0.8,2,0.9,USER_REPORTED,REVIEW,INC-7b40033147bab149,ChIJ_96h2BzqvzsR4ME17sBmcLo,https://www.google.com/maps/search/?api=1&query=Baga%20Beach&query_place_id=ChIJ_96h2BzqvzsR4ME17sBmcLo,ChZDSUhNMG9nS0VJQ0FnSUNEb29XZFNBEAE,ANAKIN_AI,05b344f92f6b084e5f8f840b8e62ff7fd93dafb8148403784dcb1ce5163c6f40,2026-09-26T10:02:11.609Z,8,2,2,0,3,0,0,1,0,Harassment,2,35,35,incident
Tourists disturbed by local thugs,Harassment,https://www.google.com/maps/reviews/data=!4m8!14m7!1m6!2m5!1sChZDSUhNMG9nS0VJQ0FnSUQyX0tHbE53EAE!2m1!1s0x0:0xba7066c0ee35c1e0!3m1!1s2@1:CIHM0ogKEICAgID2_KGlNw%7C%7C?hl=en,2022-07-12T08:29:42Z,"Goa, India (15.555279, 73.751731)",Google Maps (user review),Reviewer reported that local thugs unnecessarily disturb tourists.,Baga Beach,Baga Beach,Scam and Tourist Trap,HARASSMENT,15.5552787,73.7517307,"Goa, India",,Very bad experinece. There are some gundas. They are disturbing tourist unnecessarily. Donot visit here. Not reccomedded at all. Please stay away from this place...,1,-0.9,3,0.9,USER_REPORTED,REVIEW,INC-c288b4f287b311cd,ChIJ_96h2BzqvzsR4ME17sBmcLo,https://www.google.com/maps/search/?api=1&query=Baga%20Beach&query_place_id=ChIJ_96h2BzqvzsR4ME17sBmcLo,ChZDSUhNMG9nS0VJQ0FnSUQyX0tHbE53EAE,ANAKIN_AI,c3099f5e002d781ed888b91cc545b5801102c5b89aa872602ee1e0e7ae072173,2026-09-26T10:02:11.609Z,8,2,2,0,3,0,0,1,0,Harassment,2,35,35,incident
Tourist scams at beach,Scam,https://www.google.com/maps/reviews/data=!4m8!14m7!1m6!2m5!1sChdDSUhNMG9nS0VKR3BtNnU2cU1iSW1RRRAB!2m1!1s0x0:0xba7066c0ee35c1e0!3m1!1s2@1:CIHM0ogKEJGpm6u6qMbImQE%7C%7C?hl=en,2025-06-04T18:46:58Z,"Goa, India (15.555279, 73.751731)",Google Maps (user review),Reviewer mentions there are tourist scams at the beach.,Baga Beach,Baga Beach,Scam and Tourist Trap,TOURIST_SCAM,15.5552787,73.7517307,"Goa, India",,"Baga Beach used to be one of my favorite spots during my childhood — it was quiet, clean, and peaceful, perfect for family outings and enjoying nature. Sadly, things have changed a lot over the years. Now it’s overcrowded, filled with loud music, and the atmosphere feels chaotic. There are tourist scams, litter everywhere, and the charm it once had is lost. It's disappointing to see how commercialization has taken over what was once a beautiful beach.",1,-0.7,2,0.9,WARNING,REVIEW,INC-842194998f727d0a,ChIJ_96h2BzqvzsR4ME17sBmcLo,https://www.google.com/maps/search/?api=1&query=Baga%20Beach&query_place_id=ChIJ_96h2BzqvzsR4ME17sBmcLo,ChdDSUhNMG9nS0VKR3BtNnU2cU1iSW1RRRAB,ANAKIN_AI,383c365e545d419d0b0435c4b06a01e880f0855776e0001f4944fec0b56fb994,2026-09-26T10:02:11.609Z,8,2,2,0,3,0,0,1,0,Harassment,2,35,35,incident
Water sports scam and extra charges,Scam,https://www.google.com/maps/reviews/data=!4m8!14m7!1m6!2m5!1sChdDSUhNMG9nS0VJQ0FnSUR2eHUzM3RBRRAB!2m1!1s0x0:0xba7066c0ee35c1e0!3m1!1s2@1:CIHM0ogKEICAgIDvxu33tAE%7C%7C?hl=en,2024-12-20T02:52:19Z,"Goa, India (15.555279, 73.751731)",Google Maps (user review),Reviewer experienced a scam with water sports tickets where staff insisted on extra charges and shortened the duration.,Baga Beach,Baga Beach,Scam and Tourist Trap,SCAM,15.5552787,73.7517307,"Goa, India",,"Don't try water sports activities here ...stay away....rude staff....a big scam in view of money and duration.
I bought 4 tickets for para sailing @3200  and when reached the boat they started to insist me for extra 8k. I just denied, after that we got a 25 seconds duration sailing movement with clubbing 4 persons in 2 pairs i.e. 25+25 sec.",1,-0.9,2,0.98,USER_REPORTED,REVIEW,INC-1da3d789bd45b37a,ChIJ_96h2BzqvzsR4ME17sBmcLo,https://www.google.com/maps/search/?api=1&query=Baga%20Beach&query_place_id=ChIJ_96h2BzqvzsR4ME17sBmcLo,ChdDSUhNMG9nS0VJQ0FnSUR2eHUzM3RBRRAB,ANAKIN_AI,3d5998179ff69438de81d906e8256d699e80918ffa1585e1c397acf2023e2273,2026-09-26T10:02:11.609Z,8,2,2,0,3,0,0,1,0,Harassment,2,35,35,incident
Rowdy crowd and safety concerns for families,Unsafe area,https://www.google.com/maps/reviews/data=!4m8!14m7!1m6!2m5!1sChZDSUhNMG9nS0VJQ0FnSURKNzl1LUJnEAE!2m1!1s0x0:0xba7066c0ee35c1e0!3m1!1s2@1:CIHM0ogKEICAgIDJ79u-Bg%7C%7C?hl=en,2023-07-25T15:35:37Z,"Goa, India (15.555279, 73.751731)",Google Maps (user review),Reviewer advised that families or females should not go alone due to rowdy crowds.,Baga Beach,Baga Beach,Scam and Tourist Trap,STREET_SAFETY,15.5552787,73.7517307,"Goa, India",,"I was on the beach today. I think one of the worst beach to visit unless one is okay with all the filthy dirty water and rowdy crowd. Won’t advise family or females to go alone.
Just imagine on a rainy day the conditions of the beach is worst than gutter what will happen in holiday season? Access to the beach is pathetic though there is a parking lot. Don’t understand how the government is managing it?",1,-0.8,2,0.92,PERCEPTION,REVIEW,INC-c0c7451f78ec42fa,ChIJ_96h2BzqvzsR4ME17sBmcLo,https://www.google.com/maps/search/?api=1&query=Baga%20Beach&query_place_id=ChIJ_96h2BzqvzsR4ME17sBmcLo,ChZDSUhNMG9nS0VJQ0FnSURKNzl1LUJnEAE,ANAKIN_AI,9fb7bcd1036469d68d12ed9d4906b8f0f94cbd8ea44954c33bff8c8727fd1bc5,2026-09-26T10:02:11.609Z,8,2,2,0,3,0,0,1,0,Harassment,2,35,35,incident
High Parking Charges and Overcharging,Fraud,https://www.google.com/maps/reviews/data=!4m8!14m7!1m6!2m5!1sCi9DQUlRQUNvZENodHljRjlvT25OeGVFaDVMVGRXZEZwbk4zb3RTbWxaTWtOWWEwRRAB!2m1!1s0x0:0xcb592fad5d257d17!3m1!1s2@1:CAIQACodChtycF9oOnNxeEh5LTdWdFpnN3otSmlZMkNYa0E%7C%7C?hl=en,2026-06-17T18:15:20Z,"Goa, India (15.549441, 73.753486)",Google Maps (user review),Reviewer stated that parking tickets are excessively high and accused locals of looting tourists.,Calangute Beach,Calangute Beach,Scam and Tourist Trap,OVERCHARGING,15.549441,73.7534857,"Goa, India",,Beach is good but ticket of car parking is too much high. It was 200₹ which I don't think worth. Goa people are looting tourists. Should avoid goa and better to visit other states.,1,-0.8,2,0.9,USER_REPORTED,REVIEW,INC-33e77c849c7cd58e,ChIJK-30SAHqvzsRF30lXa0vWcs,https://www.google.com/maps/search/?api=1&query=Calangute%20Beach&query_place_id=ChIJK-30SAHqvzsRF30lXa0vWcs,Ci9DQUlRQUNvZENodHljRjlvT25OeGVFaDVMVGRXZEZwbk4zb3RTbWxaTWtOWWEwRRAB,ANAKIN_AI,dac84c91fd6d3c2d6aeadd1b5b987b29f1a45b9205128883db580a194ac7ef33,2026-09-26T10:02:11.609Z,16,4,7,0,4,0,0,1,0,Fraud,2,35,35,incident
Shacks Overcharging and Serving Rotten Food,Fraud,https://www.google.com/maps/reviews/data=!4m8!14m7!1m6!2m5!1sCi9DQUlRQUNvZENodHljRjlvT2psclpsTlJjbUo2UkRSclRIRkZURVZDZUZwRlFuYxAB!2m1!1s0x0:0xcb592fad5d257d17!3m1!1s2@1:CAIQACodChtycF9oOjlrZlNRcmJ6RDRrTHFFTEVCeFpFQnc%7C%7C?hl=en,2026-05-21T20:04:41Z,"Goa, India (15.549441, 73.753486)",Google Maps (user review),Reviewer reported that beach shacks grossly overcharge items above MRP and serve rotten fish.,Calangute Beach,Calangute Beach,Scam and Tourist Trap,OVERCHARGING,15.549441,73.7534857,"Goa, India",,"Is there any option for - star rating?

Dirty, shacks loot the customers, price of a item MRP is 99rs and they charge 300.

No control of govt, horrible govt management, rotten fish served in most of the shacks,  u can't even ask about it, they will argue, plz don't waste your valuable time and money.vagator , arambol is far better than this dustbin.",1,-0.95,3,0.95,USER_REPORTED,REVIEW,INC-c42f5a85578d0810,ChIJK-30SAHqvzsRF30lXa0vWcs,https://www.google.com/maps/search/?api=1&query=Calangute%20Beach&query_place_id=ChIJK-30SAHqvzsRF30lXa0vWcs,Ci9DQUlRQUNvZENodHljRjlvT2psclpsTlJjbUo2UkRSclRIRkZURVZDZUZwRlFuYxAB,ANAKIN_AI,338350bc5aef8648615ac690da9287c53d9ef7a14232e3944567b5bbc7a25744,2026-09-26T10:02:11.609Z,16,4,7,0,4,0,0,1,0,Fraud,2,35,35,incident
Hotel Overcharging and Rude Staff,Fraud,https://www.google.com/maps/reviews/data=!4m8!14m7!1m6!2m5!1sCi9DQUlRQUNvZENodHljRjlvT25KbmMwMTBabll3YTFWZk5rb3RRMkp6WlVSdk5uYxAB!2m1!1s0x0:0xcb592fad5d257d17!3m1!1s2@1:CAIQACodChtycF9oOnJnc010ZnYwa1VfNkotQ2JzZURvNnc%7C%7C?hl=en,2025-11-22T03:40:38Z,"Goa, India (15.549441, 73.753486)",Google Maps (user review),Reviewer stated that hotels near the beach overcharge and misbehave with people rudely.,Calangute Beach,Calangute Beach,Scam and Tourist Trap,OVERCHARGING,15.549441,73.7534857,"Goa, India",,The hotel near calangute beach are very bad. They overcharged and misbhieave with people kine of very rude. I will suggest go outside of calgunte and then eat,1,-0.8,2,0.85,USER_ALLEGATION,REVIEW,INC-3ea690f45ee4cce3,ChIJK-30SAHqvzsRF30lXa0vWcs,https://www.google.com/maps/search/?api=1&query=Calangute%20Beach&query_place_id=ChIJK-30SAHqvzsRF30lXa0vWcs,Ci9DQUlRQUNvZENodHljRjlvT25KbmMwMTBabll3YTFWZk5rb3RRMkp6WlVSdk5uYxAB,ANAKIN_AI,9365c5f7af40d05aef094d1889278b312f6ebbcf0f36dfee8fdae2fab757e412,2026-09-26T10:02:11.609Z,16,4,7,0,4,0,0,1,0,Fraud,2,35,35,incident
Overcharging and Poor Service on Rides,Fraud,https://www.google.com/maps/reviews/data=!4m8!14m7!1m6!2m5!1sChZDSUhNMG9nS0VJQ0FnTURvaHZxa0NBEAE!2m1!1s0x0:0xcb592fad5d257d17!3m1!1s2@1:CIHM0ogKEICAgMDohvqkCA%7C%7C?hl=en,2025-04-24T06:53:05Z,"Goa, India (15.549441, 73.753486)",Google Maps (user review),"Reviewer reported facing variable pricing, inadequate safety measures during boat rides, and being asked to pay extra money.",Calangute Beach,Calangute Beach,Scam and Tourist Trap,OVERCHARGING,15.549441,73.7534857,"Goa, India",,"They are fraud. A complete fraud. They charge differently for each client based on bargain power. The boat assigned was so basic... No security measures taken care.. the rides and scba all were for less than 2 mins. Lunch was  only rice.. breakfast was one samosa...

There was a lot of meas when boarding for the ride. I was asked to pay extra money as well ...

Pls avoid this.",1,-0.8,3,0.95,USER_REPORTED,REVIEW,INC-ee4673baec5ca9e5,ChIJK-30SAHqvzsRF30lXa0vWcs,https://www.google.com/maps/search/?api=1&query=Calangute%20Beach&query_place_id=ChIJK-30SAHqvzsRF30lXa0vWcs,ChZDSUhNMG9nS0VJQ0FnTURvaHZxa0NBEAE,ANAKIN_AI,14175004ab2e90c3f591eb09663df79d112316fb553bdd56087ef439ea7a96a1,2026-09-26T10:02:11.609Z,16,4,7,0,4,0,0,1,0,Fraud,2,35,35,incident
Shack Owners Overcharging Visitors,Fraud,https://www.google.com/maps/reviews/data=!4m8!14m7!1m6!2m5!1sChZDSUhNMG9nS0VJQ0FnSUQxd2JiS2R3EAE!2m1!1s0x0:0xcb592fad5d257d17!3m1!1s2@1:CIHM0ogKEICAgID1wbbKdw%7C%7C?hl=en,2024-01-07T16:34:26Z,"Goa, India (15.549441, 73.753486)",Google Maps (user review),Reviewer stated that beach shack owners argue and overcharge visitors.,Calangute Beach,Calangute Beach,Scam and Tourist Trap,OVERCHARGING,15.549441,73.7534857,"Goa, India",,"Avoid going there; the crowd was on the verge of bursting, and I can't fathom where people keep emerging, dirtying the entire beach. The beach shack owners are like pests, always ready to argue and overcharge you.",1,-0.75,2,0.9,USER_REPORTED,REVIEW,INC-1eea9135285da206,ChIJK-30SAHqvzsRF30lXa0vWcs,https://www.google.com/maps/search/?api=1&query=Calangute%20Beach&query_place_id=ChIJK-30SAHqvzsRF30lXa0vWcs,ChZDSUhNMG9nS0VJQ0FnSUQxd2JiS2R3EAE,ANAKIN_AI,25c9de1e68984d270657e05b15414c611807c73a3b5809631c19240ce4b8ee6b,2026-09-26T10:02:11.609Z,16,4,7,0,4,0,0,1,0,Fraud,2,35,35,incident
Parking Mafia Overcharging Fees,Fraud,https://www.google.com/maps/reviews/data=!4m8!14m7!1m6!2m5!1sChZDSUhNMG9nS0VJQ0FnSUNwOS1hVEJREAE!2m1!1s0x0:0xcb592fad5d257d17!3m1!1s2@1:CIHM0ogKEICAgICp9-aTBQ%7C%7C?hl=en,2023-08-12T13:34:13Z,"Goa, India (15.549441, 73.753486)",Google Maps (user review),Reviewer reported aggressive parking mafia charging excessive fees on public roads.,Calangute Beach,Calangute Beach,Scam and Tourist Trap,OVERCHARGING,15.549441,73.7534857,"Goa, India",,PARKING MAFIA all over Goa and especially at this place. Charging 200rs for parking on a public road ? Even charging government employees and being rude to us. This beach is the worst if you're looking for cleanliness and serenity. There is no peace and there are SCAMS every corner of this place and even around it so be careful.,1,-0.85,2,0.9,USER_REPORTED,REVIEW,INC-e2a36469f08af3ec,ChIJK-30SAHqvzsRF30lXa0vWcs,https://www.google.com/maps/search/?api=1&query=Calangute%20Beach&query_place_id=ChIJK-30SAHqvzsRF30lXa0vWcs,ChZDSUhNMG9nS0VJQ0FnSUNwOS1hVEJREAE,ANAKIN_AI,e2b489d7ce14b5125ae1a0b24ad7b867352cec2a8b3bc38b4227d2b437ae1667,2026-09-26T10:02:11.609Z,16,4,7,0,4,0,0,1,0,Fraud,2,35,35,incident
Fraudulent Parking Fee Collection,Fraud,https://www.google.com/maps/reviews/data=!4m8!14m7!1m6!2m5!1sChZDSUhNMG9nS0VJQ0FnSURTa3FDWUxBEAE!2m1!1s0x0:0xcb592fad5d257d17!3m1!1s2@1:CIHM0ogKEICAgIDSkqCYLA%7C%7C?hl=en,2020-12-19T12:47:43Z,"Goa, India (15.549441, 73.753486)",Google Maps (user review),Reviewer reported fraudulent individuals collecting unauthorized parking money.,Calangute Beach,Calangute Beach,Scam and Tourist Trap,OVERCHARGING,15.549441,73.7534857,"Goa, India",,"Place is crowded,  so many fraud peoples are collecting money for parking,",1,-0.7,2,0.9,USER_REPORTED,REVIEW,INC-6210b00a2a353ee0,ChIJK-30SAHqvzsRF30lXa0vWcs,https://www.google.com/maps/search/?api=1&query=Calangute%20Beach&query_place_id=ChIJK-30SAHqvzsRF30lXa0vWcs,ChZDSUhNMG9nS0VJQ0FnSURTa3FDWUxBEAE,ANAKIN_AI,c5ae540eca89622a2d9b85c201cfad41907832e2250702c4bbc62ccb4f0e834c,2026-09-26T10:02:11.609Z,16,4,7,0,4,0,0,1,0,Fraud,2,35,35,incident
Unsafe Experience and Harassment,Harassment,https://www.google.com/maps/reviews/data=!4m8!14m7!1m6!2m5!1sCi9DQUlRQUNvZENodHljRjlvT2tFd2NFaHNaVVpIYlZCTFZFNWFVelI1TW1NdFdGRRAB!2m1!1s0x0:0xcb592fad5d257d17!3m1!1s2@1:CAIQACodChtycF9oOkEwcEhsZUZHbVBLVE5aUzR5MmMtWFE%7C%7C?hl=en,2026-05-19T05:14:24Z,"Goa, India (15.549441, 73.753486)",Google Maps (user review),"Reviewer reported feeling unsafe due to creepy behavior, continuous staring, and being followed by people.",Calangute Beach,Calangute Beach,Scam and Tourist Trap,HARASSMENT,15.549441,73.7534857,"Goa, India",,"The place itself is beautiful, but the experience was very uncomfortable. Many people behaved in a creepy and mannerless way  staring continuously, asking for selfies, and following us. As girls, we did not feel safe there at all. Please be careful while visiting.",1,-0.9,3,0.95,USER_REPORTED,REVIEW,INC-ffa7cf96453d6f29,ChIJK-30SAHqvzsRF30lXa0vWcs,https://www.google.com/maps/search/?api=1&query=Calangute%20Beach&query_place_id=ChIJK-30SAHqvzsRF30lXa0vWcs,Ci9DQUlRQUNvZENodHljRjlvT2tFd2NFaHNaVVpIYlZCTFZFNWFVelI1TW1NdFdGRRAB,ANAKIN_AI,76d0e9748cdb5f8dd98abe7dc4985297ed0cb5e47753570917ea957931d78ea6,2026-09-26T10:02:11.609Z,16,4,7,0,4,0,0,1,0,Fraud,2,35,35,incident
Staring and Discomfort for Female Tourist,Harassment,https://www.google.com/maps/reviews/data=!4m8!14m7!1m6!2m5!1sChdDSUhNMG9nS0VJQ0FnSUNqbi15WG1BRRAB!2m1!1s0x0:0xcb592fad5d257d17!3m1!1s2@1:CIHM0ogKEICAgICjn-yXmAE%7C%7C?hl=en,2024-04-27T12:53:04Z,"Goa, India (15.549441, 73.753486)",Google Maps (user review),Reviewer reported feeling uncomfortable as a female foreign tourist due to continuous staring by local men.,Calangute Beach,Calangute Beach,Scam and Tourist Trap,HARASSMENT,15.549441,73.7534857,"Goa, India",,"Beach is full of people and is not a white sand beach. Over rated. Full of local people on their holidays and as a female foreign tourist, I wouldn’t recommend. I was fully cloth with t-shirt, long pants, hat and shades just to check out the beach and local men were already staring as if they never see a non Indian female person before. I cannot imagine how it would be if I am wearing anything more beach appropriate.",1,-0.8,2,0.9,USER_REPORTED,REVIEW,INC-5557e550be4a236f,ChIJK-30SAHqvzsRF30lXa0vWcs,https://www.google.com/maps/search/?api=1&query=Calangute%20Beach&query_place_id=ChIJK-30SAHqvzsRF30lXa0vWcs,ChdDSUhNMG9nS0VJQ0FnSUNqbi15WG1BRRAB,ANAKIN_AI,e523dd176aa0cf55275688945abebf4e196a760ff20cc55903e44ea4fb528747,2026-09-26T10:02:11.609Z,16,4,7,0,4,0,0,1,0,Fraud,2,35,35,incident
Harassment and Unwanted Staring,Harassment,https://www.google.com/maps/reviews/data=!4m8!14m7!1m6!2m5!1sChdDSUhNMG9nS0VJQ0FnSUNaaC1pRzhBRRAB!2m1!1s0x0:0xcb592fad5d257d17!3m1!1s2@1:CIHM0ogKEICAgICZh-iG8AE%7C%7C?hl=en,2023-09-19T09:10:54Z,"Goa, India (15.549441, 73.753486)",Google Maps (user review),"Reviewer reported facing harassment, staring, and unwanted photos as a female foreigner.",Calangute Beach,Calangute Beach,Scam and Tourist Trap,HARASSMENT,15.549441,73.7534857,"Goa, India",,"This is a nice beach itself but I don't recommend to go here as a foreigner, especially not if you're a woman! People are obnoxious here and will stare at you, take pictures and just not leave you alone. There are better and calmer beaches in Goa",1,-0.85,3,0.95,USER_REPORTED,REVIEW,INC-8c9ff2e06b018055,ChIJK-30SAHqvzsRF30lXa0vWcs,https://www.google.com/maps/search/?api=1&query=Calangute%20Beach&query_place_id=ChIJK-30SAHqvzsRF30lXa0vWcs,ChdDSUhNMG9nS0VJQ0FnSUNaaC1pRzhBRRAB,ANAKIN_AI,a82961bb232645b076369f2fef9e614c6ae5a3376f98f775fbae1003af7000d6,2026-09-26T10:02:11.609Z,16,4,7,0,4,0,0,1,0,Fraud,2,35,35,incident
Aggressive Fruit Sellers Warning,Harassment,https://www.google.com/maps/reviews/data=!4m8!14m7!1m6!2m5!1sChdDSUhNMG9nS0VJQ0FnSUNSX2FpSzNRRRAB!2m1!1s0x0:0xcb592fad5d257d17!3m1!1s2@1:CIHM0ogKEICAgICR_aiK3QE%7C%7C?hl=en,2023-04-08T23:49:57Z,"Goa, India (15.549441, 73.753486)",Google Maps (user review),Reviewer warned that some fruit sellers act aggressively and may mess with visitors over minor things.,Calangute Beach,Calangute Beach,Scam and Tourist Trap,HARASSMENT,15.549441,73.7534857,"Goa, India",,"Don't waste your time in Calangute Beach. This place is only for crowd lovers. Rather, you can spend the evening and night at Baga Beach. There are other beautiful beaches and places in Goa.
Also, *some* fruit sellers are rowdies, they may mess with you for little things. If you are interested in visiting the island, kindly, enquiry and confirm the water sports activities before doing (not enjoying).",1,-0.7,2,0.8,USER_ALLEGATION,REVIEW,INC-247756026f037d60,ChIJK-30SAHqvzsRF30lXa0vWcs,https://www.google.com/maps/search/?api=1&query=Calangute%20Beach&query_place_id=ChIJK-30SAHqvzsRF30lXa0vWcs,ChdDSUhNMG9nS0VJQ0FnSUNSX2FpSzNRRRAB,ANAKIN_AI,03ba47af19e8bc0453d1bc99662fdf8cfde59c659c54872cd622e6f4990dded2,2026-09-26T10:02:11.609Z,16,4,7,0,4,0,0,1,0,Fraud,2,35,35,incident
Scams Reported at Location,Scam,https://www.google.com/maps/reviews/data=!4m8!14m7!1m6!2m5!1sCi9DQUlRQUNvZENodHljRjlvT25KTlREQlBRVVp1YlU0M1YyVnlkSHBuU3kxbmJWRRAB!2m1!1s0x0:0xcb592fad5d257d17!3m1!1s2@1:CAIQACodChtycF9oOnJNTDBPQUZubU43V2VydHpnSy1nbVE%7C%7C?hl=en,2026-05-28T17:39:24Z,"Goa, India (15.549441, 73.753486)",Google Maps (user review),Reviewer reported people attempting to scam them.,Calangute Beach,Calangute Beach,Scam and Tourist Trap,SCAM,15.549441,73.7534857,"Goa, India",,Their were people scamming us and their were no untensils and there were too many lights,1,-0.8,2,0.85,USER_REPORTED,REVIEW,INC-d592fb0c527faca9,ChIJK-30SAHqvzsRF30lXa0vWcs,https://www.google.com/maps/search/?api=1&query=Calangute%20Beach&query_place_id=ChIJK-30SAHqvzsRF30lXa0vWcs,Ci9DQUlRQUNvZENodHljRjlvT25KTlREQlBRVVp1YlU0M1YyVnlkSHBuU3kxbmJWRRAB,ANAKIN_AI,54045ab548e228dd7929775403842e1d8ef0641745bba96202ff7b315c5e1441,2026-09-26T10:02:11.609Z,16,4,7,0,4,0,0,1,0,Fraud,2,35,35,incident
Water Sports Packages Scam,Scam,https://www.google.com/maps/reviews/data=!4m8!14m7!1m6!2m5!1sChdDSUhNMG9nS0VJQ0FnSUR6MHYtVjZBRRAB!2m1!1s0x0:0xcb592fad5d257d17!3m1!1s2@1:CIHM0ogKEICAgIDz0v-V6AE%7C%7C?hl=en,2024-06-09T00:12:01Z,"Goa, India (15.549441, 73.753486)",Google Maps (user review),Reviewer stated that water sports packages are a scam with overcrowded boats and short activity durations.,Calangute Beach,Calangute Beach,Scam and Tourist Trap,TOURIST_SCAM,15.549441,73.7534857,"Goa, India",,"A very crowded and noisy beach, where littering is common. Avoid the water sports packages at all costs. These packages, advertised as all-inclusive from morning till evening, are a scam. They overcrowd the boats beyond capacity, with 60 people on a boat meant for 40. Parasailing lasts only 30 seconds to a minute, and scuba diving is just a quick dip. If you question them, the boat staff can be very rude and unprofessional.",1,-0.85,3,0.9,USER_REPORTED,REVIEW,INC-856cfd6fe5a9d7f1,ChIJK-30SAHqvzsRF30lXa0vWcs,https://www.google.com/maps/search/?api=1&query=Calangute%20Beach&query_place_id=ChIJK-30SAHqvzsRF30lXa0vWcs,ChdDSUhNMG9nS0VJQ0FnSUR6MHYtVjZBRRAB,ANAKIN_AI,88a62600bdb15ff547f1f197c81668f23b17211bcd33fe182a1fbce8c48ba23c,2026-09-26T10:02:11.609Z,16,4,7,0,4,0,0,1,0,Fraud,2,35,35,incident
Warning: Tourist Scams and Overcharging,Scam,https://www.google.com/maps/reviews/data=!4m8!14m7!1m6!2m5!1sChZDSUhNMG9nS0VJQ0FnSUNENVk2Zkh3EAE!2m1!1s0x0:0xcb592fad5d257d17!3m1!1s2@1:CIHM0ogKEICAgICD5Y6fHw%7C%7C?hl=en,2024-03-30T18:11:14Z,"Goa, India (15.549441, 73.753486)",Google Maps (user review),"Reviewer warned that tourists are targeted by scams, overcharged for food and watersports, and face aggression when raising concerns.",Calangute Beach,Calangute Beach,Scam and Tourist Trap,TOURIST_SCAM,15.549441,73.7534857,"Goa, India",,"If possible, kindly avoid this place. The DJ sound is very alluring, which can lead to scams targeting innocent tourists. Avoid the food and watersports at Calangute Beach, as they tend to overcharge for services. If you voice any concerns, they may become aggressive and speak rudely. I've experienced this firsthand, so I'm sharing this to raise awareness among other tourists.",1,-0.85,3,0.95,WARNING,REVIEW,INC-6594f9f2f937c2c5,ChIJK-30SAHqvzsRF30lXa0vWcs,https://www.google.com/maps/search/?api=1&query=Calangute%20Beach&query_place_id=ChIJK-30SAHqvzsRF30lXa0vWcs,ChZDSUhNMG9nS0VJQ0FnSUNENVk2Zkh3EAE,ANAKIN_AI,b7e4c68bc4ba83137d76297e2bba257b5089bfeab84604b5239d568d3e9e1fae,2026-09-26T10:02:11.609Z,16,4,7,0,4,0,0,1,0,Fraud,2,35,35,incident
Beach Shack Food Overcharging Scam,Scam,https://www.google.com/maps/reviews/data=!4m8!14m7!1m6!2m5!1sChZDSUhNMG9nS0VJQ0FnSUNwXy1QbWRnEAE!2m1!1s0x0:0xcb592fad5d257d17!3m1!1s2@1:CIHM0ogKEICAgICp_-Pmdg%7C%7C?hl=en,2023-08-13T18:51:51Z,"Goa, India (15.549441, 73.753486)",Google Maps (user review),Reviewer reported being heavily overcharged and scammed by a beach shack for food orders.,Calangute Beach,Calangute Beach,Scam and Tourist Trap,SCAM,15.549441,73.7534857,"Goa, India",,"Be very carefull while ordering food at this beach shack
The first beach shack on your left when you enter Calangute beach

We ordered king first and chicken ( two starters and the bill was Rs.5400

He got one full king fish and charged Rs3500 for it
And oke chkn plater with worst items for Rs1600

Save your self from Scamsters in and around Calangute beach",1,-0.95,3,0.95,USER_REPORTED,REVIEW,INC-2e16320f16a2ae40,ChIJK-30SAHqvzsRF30lXa0vWcs,https://www.google.com/maps/search/?api=1&query=Calangute%20Beach&query_place_id=ChIJK-30SAHqvzsRF30lXa0vWcs,ChZDSUhNMG9nS0VJQ0FnSUNwXy1QbWRnEAE,ANAKIN_AI,c5ebf42a28d792a9232f8b339dbf27a0e2b5c593d49578ec96e6975f619f6558,2026-09-26T10:02:11.609Z,16,4,7,0,4,0,0,1,0,Fraud,2,35,35,incident
Felt Unsafe and Scammed by Rentals,Unsafe area,https://www.google.com/maps/reviews/data=!4m8!14m7!1m6!2m5!1sChdDSUhNMG9nS0VJQ0FnTURRX3VTUzJBRRAB!2m1!1s0x0:0xcb592fad5d257d17!3m1!1s2@1:CIHM0ogKEICAgMDQ_uSS2AE%7C%7C?hl=en,2025-03-11T10:53:40Z,"Goa, India (15.549441, 73.753486)",Google Maps (user review),Reviewer felt unsafe due to rude locals and alleged scams by vehicle rental services.,Calangute Beach,Calangute Beach,Scam and Tourist Trap,OTHER,15.549441,73.7534857,"Goa, India",,After 5 yrs i hve visited goa. Goa is not same anymore. People are rude with tourist. Car or scooter hiring services and transfers service providers will do anything to scam you. Didnt feel safe anymore now. Too much costly. Will plan for another beach destination like bali or Phuket in same cost,1,-0.8,2,0.9,PERCEPTION,REVIEW,INC-a52ba41a42055054,ChIJK-30SAHqvzsRF30lXa0vWcs,https://www.google.com/maps/search/?api=1&query=Calangute%20Beach&query_place_id=ChIJK-30SAHqvzsRF30lXa0vWcs,ChdDSUhNMG9nS0VJQ0FnTURRX3VTUzJBRRAB,ANAKIN_AI,e66630c5c7f9e5774e73e068a755b0bb53d3c840fd837d49471b048f55015384,2026-09-26T10:02:11.609Z,16,4,7,0,4,0,0,1,0,Fraud,2,35,35,incident
Hidden extra charges during beach boat ride,Fraud,https://www.google.com/maps/reviews/data=!4m8!14m7!1m6!2m5!1sChdDSUhNMG9nS0VJQ0FnSURoMS1TMHRBRRAB!2m1!1s0x0:0xfa2f8c6c1efa4aef!3m1!1s2@1:CIHM0ogKEICAgIDh1-S0tAE%7C%7C?hl=en,2023-03-20T01:59:55Z,"Candolim Beach Rd, Candolim, Goa 403515, India (15.517975, 73.762612)",Google Maps (user review),Reviewer reported a ticket counter fraud where extra unexpected money was demanded from passengers on the boat.,Candolim Beach,Candolim Beach,Scam and Tourist Trap,OVERCHARGING,15.5179749,73.7626122,"Candolim Beach Rd, Candolim, Goa 403515, India",Candolim,There is ticket counter in beach for water sports fraud people we took ticket for couple at 1500 but when we enter in boat that guy ask again 1000 extra from every person from the boat.. For extra dip in water..,1,-0.9,3,0.95,USER_REPORTED,REVIEW,INC-294f778efeac2d6c,ChIJv9F7IjzBvzsR70r6HmyML_o,https://www.google.com/maps/search/?api=1&query=Candolim%20Beach&query_place_id=ChIJv9F7IjzBvzsR70r6HmyML_o,ChdDSUhNMG9nS0VJQ0FnSURoMS1TMHRBRRAB,ANAKIN_AI,20d0bcff6f3f5568d3cb86a7a0c9cf99ae9dfa72dd4707441e655f9f47eb753e,2026-09-26T10:02:11.609Z,13,6,1,0,2,0,0,4,0,Scam,2,35,35,incident
Abusive individuals and unsafe environment,Harassment,https://www.google.com/maps/reviews/data=!4m8!14m7!1m6!2m5!1sCi9DQUlRQUNvZENodHljRjlvT21WSFRWRlFPVmhmZHkxcmIwUXpkbGR0VDBSbWRuYxAB!2m1!1s0x0:0xfa2f8c6c1efa4aef!3m1!1s2@1:CAIQACodChtycF9oOmVHTVFQOVhfdy1rb0QzdldtT0Rmdnc%7C%7C?hl=en,2026-02-27T22:06:34Z,"Candolim Beach Rd, Candolim, Goa 403515, India (15.517975, 73.762612)",Google Maps (user review),Reviewer stated that abusive persons are present everywhere and customers are not safe.,Candolim Beach,Candolim Beach,Scam and Tourist Trap,HARASSMENT,15.5179749,73.7626122,"Candolim Beach Rd, Candolim, Goa 403515, India",Candolim,"Just overpriced overhyped no fun here, abusive persons in every shop, every beach, every club not safe for customers they will ask extra money for even parking your bike even for 1 minute.",1,-0.9,3,0.9,USER_ALLEGATION,REVIEW,INC-b126d3a842f8f97c,ChIJv9F7IjzBvzsR70r6HmyML_o,https://www.google.com/maps/search/?api=1&query=Candolim%20Beach&query_place_id=ChIJv9F7IjzBvzsR70r6HmyML_o,Ci9DQUlRQUNvZENodHljRjlvT21WSFRWRlFPVmhmZHkxcmIwUXpkbGR0VDBSbWRuYxAB,ANAKIN_AI,84ae4d8a3368512ac41419dfc83a71779f3163176d747170b425f1ff53551df7,2026-09-26T10:02:11.609Z,13,6,1,0,2,0,0,4,0,Scam,2,35,35,incident
Constant harassment by touts and drug dealers,Harassment,https://www.google.com/maps/reviews/data=!4m8!14m7!1m6!2m5!1sCi9DQUlRQUNvZENodHljRjlvT20xSmNqSndVR2hWYTJob056Sk5OMnN6UVVVeWVuYxAB!2m1!1s0x0:0xfa2f8c6c1efa4aef!3m1!1s2@1:CAIQACodChtycF9oOm1JcjJwUGhVa2hoNzJNN2szQUUyenc%7C%7C?hl=en,2025-10-21T15:05:33Z,"Candolim Beach Rd, Candolim, Goa 403515, India (15.517975, 73.762612)",Google Maps (user review),Reviewer stated being constantly hassled by touts and drug dealers on the beach.,Candolim Beach,Candolim Beach,Scam and Tourist Trap,HARASSMENT,15.5179749,73.7626122,"Candolim Beach Rd, Candolim, Goa 403515, India",Candolim,"If you love 3rd rate western-priced hotels, being hassled by touts every 10 metres on the beach, drug dealers, hearing the word “taxi” 40-50 times a day (even as you enter your hotel), unnavigable pavements, interminable honking, sad and dejected looking shop owners… questionable food options and empty beach bars… did I mention the taxi guys?… then Candolim is the place for you!",1,-0.8,2,0.9,PERCEPTION,REVIEW,INC-e00e50be49a74ccc,ChIJv9F7IjzBvzsR70r6HmyML_o,https://www.google.com/maps/search/?api=1&query=Candolim%20Beach&query_place_id=ChIJv9F7IjzBvzsR70r6HmyML_o,Ci9DQUlRQUNvZENodHljRjlvT20xSmNqSndVR2hWYTJob056Sk5OMnN6UVVVeWVuYxAB,ANAKIN_AI,722768ed53de92df88900b0c52cc02f06f634e56e2bdce785f41662cda7f5970,2026-09-26T10:02:11.609Z,13,6,1,0,2,0,0,4,0,Scam,2,35,35,incident
Tourist water sports speed boat scam,Scam,https://www.google.com/maps/reviews/data=!4m8!14m7!1m6!2m5!1sCi9DQUlRQUNvZENodHljRjlvT2poVWVrMXRNbVJIVTJSVVp6WklZM0JuYTFSWFJYYxAB!2m1!1s0x0:0xfa2f8c6c1efa4aef!3m1!1s2@1:CAIQACodChtycF9oOjhUek1tMmRHU2RUZzZIY3Bna1RXRXc%7C%7C?hl=en,2025-11-24T14:11:36Z,"Candolim Beach Rd, Candolim, Goa 403515, India (15.517975, 73.762612)",Google Maps (user review),Reviewer reported being scammed by local boat operators who overcharged for a shortened water sports ride.,Candolim Beach,Candolim Beach,Scam and Tourist Trap,TOURIST_SCAM,15.5179749,73.7626122,"Candolim Beach Rd, Candolim, Goa 403515, India",Candolim,"Beautiful place to visit but if your traveling for the first time people scam you like your uneducated in first they speak so politely that u people will think you should try once  .... but once you take a package like 3500 , 3000 or 2000 people will take u in a speed boat whether ur 2 or 6 it's the same price no reduction ....they will take u in a speed boat and stop in middle of ocean and tell that's fort that's light house that's central jail blah blah blah but there is no use paying them they tell it's 1/4 an hour ride but it's just 10 mins ride for 3500 amount ..... in the name of government people are scamming here ..... just looting people worst experience ever i had😮‍💨",1,-0.8,3,0.95,USER_REPORTED,REVIEW,INC-34f9a7f132a75289,ChIJv9F7IjzBvzsR70r6HmyML_o,https://www.google.com/maps/search/?api=1&query=Candolim%20Beach&query_place_id=ChIJv9F7IjzBvzsR70r6HmyML_o,Ci9DQUlRQUNvZENodHljRjlvT2poVWVrMXRNbVJIVTJSVVp6WklZM0JuYTFSWFJYYxAB,ANAKIN_AI,07e8531092333fac706915df17bf4ac6453f641c3d493fe714c3dbc1992b73b0,2026-09-26T10:02:11.609Z,13,6,1,0,2,0,0,4,0,Scam,2,35,35,incident
Deceptive water sports pricing and ride,Scam,https://www.google.com/maps/reviews/data=!4m8!14m7!1m6!2m5!1sCi9DQUlRQUNvZENodHljRjlvT21OYU1taHlPSFZJYkdSa05sbDZiVTh4WjNSME5tYxAB!2m1!1s0x0:0xfa2f8c6c1efa4aef!3m1!1s2@1:CAIQACodChtycF9oOmNaMmhyOHVIbGRkNll6bU8xZ3R0Nmc%7C%7C?hl=en,2025-11-24T13:57:10Z,"Candolim Beach Rd, Candolim, Goa 403515, India (15.517975, 73.762612)",Google Maps (user review),Reviewer reported a deceptive water sports package where operators overcharged and provided a shortened ride.,Candolim Beach,Candolim Beach,Scam and Tourist Trap,TOURIST_SCAM,15.5179749,73.7626122,"Candolim Beach Rd, Candolim, Goa 403515, India",Candolim,"Beach is wonderful neat and clean .....
but worst experience in water sports they speak so politely and make you feel the package would feel great but once after payment they take you in a speed boat and tell see there is a dolphin that's the fort that's the light house and that's the central jail etc..... they charge people 3500 whether its 1 , 2 or 6 they charge you the same amount for every one they tell its a hallf an hour ride you would enjoy a lot but its waste of money and dump people who take you to ride are like thief's they just take you till middle of the ocean and stop ... asking people to pay extra like 3000 or 2000 when people wont agree they reduce and force people to take a ride........its so annoying that people get irritated ........when we report in the counter there is no response for the complaint they just nod there heads in the name of goa government people are just lotting public....like people are uneducated no value for public remark or money...... not even single piece is worth in the package..........i would surely not recommend people to play water sports in candolim beach its just waste of money......... when people come for enjoying they should feel satisfied there is no use of paying the money........ worst experience of goa ever........",1,-0.8,3,0.95,USER_REPORTED,REVIEW,INC-afe023cf27208a02,ChIJv9F7IjzBvzsR70r6HmyML_o,https://www.google.com/maps/search/?api=1&query=Candolim%20Beach&query_place_id=ChIJv9F7IjzBvzsR70r6HmyML_o,Ci9DQUlRQUNvZENodHljRjlvT21OYU1taHlPSFZJYkdSa05sbDZiVTh4WjNSME5tYxAB,ANAKIN_AI,f38c92a3d435582949a410200d11875d7f5d7c5771bc4919e57aa1648c560435,2026-09-26T10:02:11.609Z,13,6,1,0,2,0,0,4,0,Scam,2,35,35,incident
Unfulfilled water sports booking scam and refund refusal,Scam,https://www.google.com/maps/reviews/data=!4m8!14m7!1m6!2m5!1sCi9DQUlRQUNvZENodHljRjlvT21sTWR5MTBVVGN4U2tsbGJscEhXVEUwYjNGVVFXYxAB!2m1!1s0x0:0xfa2f8c6c1efa4aef!3m1!1s2@1:CAIQACodChtycF9oOmlMdy10UTcxSkllblpHWTE0b3FUQWc%7C%7C?hl=en,2025-10-12T09:25:14Z,"Candolim Beach Rd, Candolim, Goa 403515, India (15.517975, 73.762612)",Google Maps (user review),Reviewer reported a booking scam where promised water sports were unavailable and refunds were refused.,Candolim Beach,Candolim Beach,Scam and Tourist Trap,BOOKING_SCAM,15.5179749,73.7626122,"Candolim Beach Rd, Candolim, Goa 403515, India",Candolim,"Worst ever services. It’s a scam book at your own risk. They promised us water sports and when we reached the place there were no water sports and when we asked for refund they didn’t even refund the amount.

Left us in heat roaming around to get the answer, spoiled our last day in Goa. Never book with them",1,-0.9,3,0.95,USER_REPORTED,REVIEW,INC-6cdf085698c5ecaf,ChIJv9F7IjzBvzsR70r6HmyML_o,https://www.google.com/maps/search/?api=1&query=Candolim%20Beach&query_place_id=ChIJv9F7IjzBvzsR70r6HmyML_o,Ci9DQUlRQUNvZENodHljRjlvT21sTWR5MTBVVGN4U2tsbGJscEhXVEUwYjNGVVFXYxAB,ANAKIN_AI,ae5ee4f1bf452d57cb0ff309b15dc117fbedf14536cf8bd2cb8b1afa50ac66b5,2026-09-26T10:02:11.609Z,13,6,1,0,2,0,0,4,0,Scam,2,35,35,incident
Water sports scam and short rides,Scam,https://www.google.com/maps/reviews/data=!4m8!14m7!1m6!2m5!1sChZDSUhNMG9nS0VJQ0FnSUNQNnRtdmJBEAE!2m1!1s0x0:0xfa2f8c6c1efa4aef!3m1!1s2@1:CIHM0ogKEICAgICP6tmvbA%7C%7C?hl=en,2024-11-23T09:36:40Z,"Candolim Beach Rd, Candolim, Goa 403515, India (15.517975, 73.762612)",Google Maps (user review),Reviewer stated that water sports operators lied about ride durations and overcharged them.,Candolim Beach,Candolim Beach,Scam and Tourist Trap,TOURIST_SCAM,15.5179749,73.7626122,"Candolim Beach Rd, Candolim, Goa 403515, India",Candolim,"Water sports is terrible, they are bunch of cons and cheaters.. For parasliding they charge 1500, only for 1 min. Secondly the guides are also a big liar.. Green shirt ones.. For speed boat I asked how long we can ride, he told me 10 mins for 2k but it was only for 2 mins and take pictures then pay 1k more for extra ride.. Only beach is good/",1,-0.9,2,0.95,USER_REPORTED,REVIEW,INC-eed0ca13979f9cdc,ChIJv9F7IjzBvzsR70r6HmyML_o,https://www.google.com/maps/search/?api=1&query=Candolim%20Beach&query_place_id=ChIJv9F7IjzBvzsR70r6HmyML_o,ChZDSUhNMG9nS0VJQ0FnSUNQNnRtdmJBEAE,ANAKIN_AI,338a57abe5499d39268d8b44c86503ec0ca1012252e5b7d2667a087c5c416b46,2026-09-26T10:02:11.609Z,13,6,1,0,2,0,0,4,0,Scam,2,35,35,incident
Locals overcharge and cheat tourists,Scam,https://www.google.com/maps/reviews/data=!4m8!14m7!1m6!2m5!1sChZDSUhNMG9nS0VJQ0FnSUMzaTR2N0VnEAE!2m1!1s0x0:0xfa2f8c6c1efa4aef!3m1!1s2@1:CIHM0ogKEICAgIC3i4v7Eg%7C%7C?hl=en,2024-11-09T05:35:47Z,"Candolim Beach Rd, Candolim, Goa 403515, India (15.517975, 73.762612)",Google Maps (user review),Reviewer stated that locals overcharge and cheat tourists for beach activities.,Candolim Beach,Candolim Beach,Scam and Tourist Trap,TOURIST_SCAM,15.5179749,73.7626122,"Candolim Beach Rd, Candolim, Goa 403515, India",Candolim,"Crowded, dirty and locals will charge extra for any activity. It's a dirty beach with street dogs, buffaloes and people using the same beach water. The locals will convince you to spend money for everything and will over charge and cheat you. Rather go to south goa where the beaches are  more peaceful and clean",1,-0.8,2,0.9,USER_REPORTED,REVIEW,INC-0473128cea23f3a9,ChIJv9F7IjzBvzsR70r6HmyML_o,https://www.google.com/maps/search/?api=1&query=Candolim%20Beach&query_place_id=ChIJv9F7IjzBvzsR70r6HmyML_o,ChZDSUhNMG9nS0VJQ0FnSUMzaTR2N0VnEAE,ANAKIN_AI,98416fc14da2b7c132ca4fd5313b1be0062807336fc99f9982f7da5e0e163c9e,2026-09-26T10:02:11.609Z,13,6,1,0,2,0,0,4,0,Scam,2,35,35,incident
Intentional sand trap vehicle extortion scam,Scam,https://www.google.com/maps/reviews/data=!4m8!14m7!1m6!2m5!1sChZDSUhNMG9nS0VJQ0FnSURoek8tSEFnEAE!2m1!1s0x0:0xfa2f8c6c1efa4aef!3m1!1s2@1:CIHM0ogKEICAgIDhzO-HAg%7C%7C?hl=en,2023-03-03T08:44:32Z,"Candolim Beach Rd, Candolim, Goa 403515, India (15.517975, 73.762612)",Google Maps (user review),Reviewer reported an intentional setup where vehicles get stuck in soft sand and locals extort money to pull them out.,Candolim Beach,Candolim Beach,Scam and Tourist Trap,TOURIST_SCAM,15.5179749,73.7626122,"Candolim Beach Rd, Candolim, Goa 403515, India",Candolim,"BEWARE…. Overrated Beach, there are many ways shown to reach the shacks. Some has soft sand, probable intentional setup for the vehicles to stuck. Local kids and few youngsters are waiting for the vehicle to stuck in sand. Asks for money around ₹3000 to get it out. Nearby taxi drivers charged ₹1000 to pull the vehicle out.",1,-0.9,3,0.95,USER_REPORTED,REVIEW,INC-d467022a77c9f240,ChIJv9F7IjzBvzsR70r6HmyML_o,https://www.google.com/maps/search/?api=1&query=Candolim%20Beach&query_place_id=ChIJv9F7IjzBvzsR70r6HmyML_o,ChZDSUhNMG9nS0VJQ0FnSURoek8tSEFnEAE,ANAKIN_AI,24961493d98060807c796e64079ad50fd0bea528045ae5b084b288396a3316a3,2026-09-26T10:02:11.609Z,13,6,1,0,2,0,0,4,0,Scam,2,35,35,incident
Expensive cabs and discomfort for girls group,Unsafe area,https://www.google.com/maps/reviews/data=!4m8!14m7!1m6!2m5!1sCi9DQUlRQUNvZENodHljRjlvT2tVeGJIRTNhWGxQZWtKWVJHOUdjMU50ZURkWVkyYxAB!2m1!1s0x0:0xfa2f8c6c1efa4aef!3m1!1s2@1:CAIQACodChtycF9oOkUxbHE3aXlPekJYRG9Gc1NteDdYY2c%7C%7C?hl=en,2025-11-23T12:03:57Z,"Candolim Beach Rd, Candolim, Goa 403515, India (15.517975, 73.762612)",Google Maps (user review),Reviewer travelling as a girls group expressed feeling hassled by cab prices and overall environment.,Candolim Beach,Candolim Beach,Scam and Tourist Trap,OTHER,15.5179749,73.7626122,"Candolim Beach Rd, Candolim, Goa 403515, India",Candolim,"Goa is the worst place to go to, super expensive cabs, super annoying prices and cabs, hating every minute of being here as a girls group. The weather is too hot to come in november. It is not worth it.",1,-0.8,2,0.8,PERCEPTION,REVIEW,INC-89f2a5df533823c6,ChIJv9F7IjzBvzsR70r6HmyML_o,https://www.google.com/maps/search/?api=1&query=Candolim%20Beach&query_place_id=ChIJv9F7IjzBvzsR70r6HmyML_o,Ci9DQUlRQUNvZENodHljRjlvT2tVeGJIRTNhWGxQZWtKWVJHOUdjMU50ZURkWVkyYxAB,ANAKIN_AI,2ecb3174ebb2c7fe5a69ec1fcba137d8e47774dac19ecf09461ab2801c1101bf,2026-09-26T10:02:11.609Z,13,6,1,0,2,0,0,4,0,Scam,2,35,35,incident
Felt unsafe for dinner,Unsafe area,https://www.google.com/maps/reviews/data=!4m8!14m7!1m6!2m5!1sCi9DQUlRQUNvZENodHljRjlvT2xsb09FRTFTbWhTYlVkTWIxWnZTVm96WDFWVldrRRAB!2m1!1s0x0:0xfa2f8c6c1efa4aef!3m1!1s2@1:CAIQACodChtycF9oOlloOEE1SmhSbUdMb1ZvSVozX1VVWkE%7C%7C?hl=en,2025-10-15T05:38:42Z,"Candolim Beach Rd, Candolim, Goa 403515, India (15.517975, 73.762612)",Google Maps (user review),Reviewer felt the beach was unsafe for dinner at night.,Candolim Beach,Candolim Beach,Scam and Tourist Trap,OTHER,15.5179749,73.7626122,"Candolim Beach Rd, Candolim, Goa 403515, India",Candolim,"I visited this beach for dinner at shacks but it was disappointing. No vibe at all. Also i didn't find it safe. So, if you are planning for dinner at Candolim it's a big NO.",1,-0.7,2,0.85,PERCEPTION,REVIEW,INC-b9330862f7921e8d,ChIJv9F7IjzBvzsR70r6HmyML_o,https://www.google.com/maps/search/?api=1&query=Candolim%20Beach&query_place_id=ChIJv9F7IjzBvzsR70r6HmyML_o,Ci9DQUlRQUNvZENodHljRjlvT2xsb09FRTFTbWhTYlVkTWIxWnZTVm96WDFWVldrRRAB,ANAKIN_AI,133927ae7da1c9cc0541e0fdf442627b4ce36c1f994c4b7a3ee7fd54b7ac9884,2026-09-26T10:02:11.609Z,13,6,1,0,2,0,0,4,0,Scam,2,35,35,incident
Area felt unsafe for kids,Unsafe area,https://www.google.com/maps/reviews/data=!4m8!14m7!1m6!2m5!1sChZDSUhNMG9nS0VJQ0FnSUR4MXVfNk5nEAE!2m1!1s0x0:0xfa2f8c6c1efa4aef!3m1!1s2@1:CIHM0ogKEICAgIDx1u_6Ng%7C%7C?hl=en,2023-06-07T17:50:49Z,"Candolim Beach Rd, Candolim, Goa 403515, India (15.517975, 73.762612)",Google Maps (user review),Reviewer stated the area was not safe for kids to play outside.,Candolim Beach,Candolim Beach,Scam and Tourist Trap,OTHER,15.5179749,73.7626122,"Candolim Beach Rd, Candolim, Goa 403515, India",Candolim,Wasted a day going there. Didn't realise that Baga beach was close by and a much better option. The beach is good if you want to stay on the beach and not play in the water.  We walked almost a km stretch to find a better place for kids to play but didn't find any. It wasn't safe and our kids had to play outside.,1,-0.6,2,0.8,PERCEPTION,REVIEW,INC-e1f1643367647f21,ChIJv9F7IjzBvzsR70r6HmyML_o,https://www.google.com/maps/search/?api=1&query=Candolim%20Beach&query_place_id=ChIJv9F7IjzBvzsR70r6HmyML_o,ChZDSUhNMG9nS0VJQ0FnSUR4MXVfNk5nEAE,ANAKIN_AI,5718667943cded6dcf529b75dc3f5679ddbdb232faa118fbff2351ccb32d0329,2026-09-26T10:02:11.609Z,13,6,1,0,2,0,0,4,0,Scam,2,35,35,incident
Unsafe swimming conditions due to strong winds,Unsafe area,https://www.google.com/maps/reviews/data=!4m8!14m7!1m6!2m5!1sChdDSUhNMG9nS0VJQ0FnSUR4c0t6ZnRBRRAB!2m1!1s0x0:0xfa2f8c6c1efa4aef!3m1!1s2@1:CIHM0ogKEICAgIDxsKzftAE%7C%7C?hl=en,2023-05-31T02:42:25Z,"Candolim Beach Rd, Candolim, Goa 403515, India (15.517975, 73.762612)",Google Maps (user review),Reviewer stated that swimming is not safe due to strong winds and dangerous conditions.,Candolim Beach,Candolim Beach,Scam and Tourist Trap,OTHER,15.5179749,73.7626122,"Candolim Beach Rd, Candolim, Goa 403515, India",Candolim,Not safe to swim in. It's even more dangerous when the winds are strong. The sand is soft making it difficult to walk on especially if you have trouble with your feet. The sunsets and early mornings are beautiful. There are lots of shacks to choose from. Ideal for a family outing or a day with friends.,1,-0.4,2,0.9,PERCEPTION,REVIEW,INC-930b9e95464b0476,ChIJv9F7IjzBvzsR70r6HmyML_o,https://www.google.com/maps/search/?api=1&query=Candolim%20Beach&query_place_id=ChIJv9F7IjzBvzsR70r6HmyML_o,ChdDSUhNMG9nS0VJQ0FnSUR4c0t6ZnRBRRAB,ANAKIN_AI,cf5f30458bfe5fe5aaca93bcb7b791a35cbc307a5a598474190fda9aa7973b1d,2026-09-26T10:02:11.609Z,13,6,1,0,2,0,0,4,0,Scam,2,35,35,incident
Assault by staff at beach bar,Crime,https://www.google.com/maps/reviews/data=!4m8!14m7!1m6!2m5!1sChdDSUhNMG9nS0VJQ0FnSUNkLTY2djdnRRAB!2m1!1s0x0:0xb5de1b202cad0935!3m1!1s2@1:CIHM0ogKEICAgICd-66v7gE%7C%7C?hl=en,2024-02-18T18:37:26Z,"Goa, India (15.280532, 73.911995)",Google Maps (user review),Reviewer witnessed a waiter physically assaulting an individual with a stick.,Colva Beach,Colva Beach,Street-Crime and High-Risk,ASSAULT,15.2805316,73.9119945,"Goa, India",,"Strongly disliked this venue. It was unclean, malodorous, and excessively crowded. The initial beach bar we visited was marred by a group of noisy young men, and shockingly, one of the waiters proceeded to physically assault an individual with a stick, while his associates joined in. Quite distasteful. The beach itself was strewn with litter, and there were numerous spit marks, presumably from individuals spitting chewing tobacco on the sand. Unpleasant to walk on. Certainly, I won't be returning.",1,-0.9,3,0.95,USER_REPORTED,REVIEW,INC-f76d4aef30fe8394,ChIJo3Ithhi0vzsRNQmtLCAb3rU,https://www.google.com/maps/search/?api=1&query=Colva%20Beach&query_place_id=ChIJo3Ithhi0vzsRNQmtLCAb3rU,ChdDSUhNMG9nS0VJQ0FnSUNkLTY2djdnRRAB,ANAKIN_AI,55a606e02d19a4100afd17885f86286923672fd026e17f1b5e6a984a6b0f7c0b,2026-09-26T10:02:11.609Z,6,1,1,1,0,0,0,3,0,Unsafe area,1,35,35,incident
Forced sitting charges and overcharging,Fraud,https://www.google.com/maps/reviews/data=!4m8!14m7!1m6!2m5!1sChdDSUhNMG9nS0VJQ0FnSUQzMF9QTXNRRRAB!2m1!1s0x0:0xb5de1b202cad0935!3m1!1s2@1:CIHM0ogKEICAgID30_PMsQE%7C%7C?hl=en,2024-11-18T16:32:02Z,"Goa, India (15.280532, 73.911995)",Google Maps (user review),Reviewer reported being forced to pay high sitting charges and extra fees at a shack.,Colva Beach,Colva Beach,Street-Crime and High-Risk,OVERCHARGING,15.2805316,73.9119945,"Goa, India",,"Beach is good, but these shack people charge you hefty amounts, I was with family and we decided to sit on one shack and have dinner (SEA SUN & SAND SHACK) but due to loud music my child felt uncomfortable and got cranky and we decided to leave. We had just one bread butter there but they forced us to pay shack charges of Rs 500 for sitting just 15 minutes.
I requested them but all they want is to make money, even their menu prices are overpriced. THEY CHARGE YOU EXTRA 10% for shack and beach sun view.",1,-0.8,2,0.9,USER_REPORTED,REVIEW,INC-7decf5c637dd65be,ChIJo3Ithhi0vzsRNQmtLCAb3rU,https://www.google.com/maps/search/?api=1&query=Colva%20Beach&query_place_id=ChIJo3Ithhi0vzsRNQmtLCAb3rU,ChdDSUhNMG9nS0VJQ0FnSUQzMF9QTXNRRRAB,ANAKIN_AI,67aac1ffaadfcb5e838a8253decd72c3bc0e2d8052aad253719f21bcb3db1c9a,2026-09-26T10:02:11.609Z,6,1,1,1,0,0,0,3,0,Unsafe area,1,35,35,incident
Photoshoot scam and harassment,Scam,https://www.google.com/maps/reviews/data=!4m8!14m7!1m6!2m5!1sChdDSUhNMG9nS0VJQ0FnSUNma3NERnRBRRAB!2m1!1s0x0:0xb5de1b202cad0935!3m1!1s2@1:CIHM0ogKEICAgICfksDFtAE%7C%7C?hl=en,2024-12-27T13:15:59Z,"Goa, India (15.280532, 73.911995)",Google Maps (user review),Reviewer reported being trapped by photographers demanding full purchase of all photos under threat.,Colva Beach,Colva Beach,Street-Crime and High-Risk,TOURIST_SCAM,15.2805316,73.9119945,"Goa, India",,"Beware of these photoshoot fraudster.
They are doing big scam on this beach.
Local authorities should take strict action against them.
We asked for photos and they wasted complete time by taking multiple photos and at time of giving them to use they asked us to take all the photos or else they will not give. There are multiple photographer teamed up
Attaching videos for these photo shoot monsters",1,-0.9,2,0.95,USER_REPORTED,REVIEW,INC-e903f665afe10d1a,ChIJo3Ithhi0vzsRNQmtLCAb3rU,https://www.google.com/maps/search/?api=1&query=Colva%20Beach&query_place_id=ChIJo3Ithhi0vzsRNQmtLCAb3rU,ChdDSUhNMG9nS0VJQ0FnSUNma3NERnRBRRAB,ANAKIN_AI,272931125d04f6794516bcdd69e9a0bf672e2263dc53c3a277a2f023b1749d65,2026-09-26T10:02:11.609Z,6,1,1,1,0,0,0,3,0,Unsafe area,1,35,35,incident
Unfair treatment by lifeguards,Unsafe area,https://www.google.com/maps/reviews/data=!4m8!14m7!1m6!2m5!1sCi9DQUlRQUNvZENodHljRjlvT2xGbE5WcFZSRk5qV25CQ1p6QXhRMWR1Vm5Ga1RIYxAB!2m1!1s0x0:0xb5de1b202cad0935!3m1!1s2@1:CAIQACodChtycF9oOlFlNVpVRFNjWnBCZzAxQ1duVnFkTHc%7C%7C?hl=en,2026-01-18T09:05:06Z,"Goa, India (15.280532, 73.911995)",Google Maps (user review),Reviewer reported facing unfair treatment and discrimination by lifeguards who forced them to leave shallow water.,Colva Beach,Colva Beach,Street-Crime and High-Risk,OTHER,15.2805316,73.9119945,"Goa, India",,"I had a very disappointing experience at Colva Beach today. We were at the shore with our children, staying in shallow water, but the lifeguards forced us to leave while allowing foreign tourists to continue swimming at the same spot. It was clear discrimination against Indian tourists. Yet we were targeted while others were ignored. This kind of behavior is unacceptable. I hope the authorities and @DrishtiMarine take note of this unfair treatment.""",1,-0.8,1,0.85,USER_REPORTED,REVIEW,INC-2f5f407a0bf3c952,ChIJo3Ithhi0vzsRNQmtLCAb3rU,https://www.google.com/maps/search/?api=1&query=Colva%20Beach&query_place_id=ChIJo3Ithhi0vzsRNQmtLCAb3rU,Ci9DQUlRQUNvZENodHljRjlvT2xGbE5WcFZSRk5qV25CQ1p6QXhRMWR1Vm5Ga1RIYxAB,ANAKIN_AI,e95f7bed98348b040883753cd53e131a8a251df60ed37c3fa6f39c4a31bd3b66,2026-09-26T10:02:11.609Z,6,1,1,1,0,0,0,3,0,Unsafe area,1,35,35,incident
Not Worth Visiting at Night,Unsafe area,https://www.google.com/maps/reviews/data=!4m8!14m7!1m6!2m5!1sChdDSUhNMG9nS0VJQ0FnSURybmJ5WG5nRRAB!2m1!1s0x0:0xb5de1b202cad0935!3m1!1s2@1:CIHM0ogKEICAgIDrnbyXngE%7C%7C?hl=en,2024-07-19T09:08:54Z,"Goa, India (15.280532, 73.911995)",Google Maps (user review),Reviewer states the beach is not worth visiting at night and was avoided.,Colva Beach,Colva Beach,Street-Crime and High-Risk,UNSAFE_AT_NIGHT,15.2805316,73.9119945,"Goa, India",,"It's a dirty , littered and over crowded beach. The water made my feet itchy.
At night too ,it is not worth a visit.
We were just 700 m away from this beach,but avoided it for the rest of the trip",1,-0.8,2,0.95,PERCEPTION,REVIEW,INC-519c9381de5d44c2,ChIJo3Ithhi0vzsRNQmtLCAb3rU,https://www.google.com/maps/search/?api=1&query=Colva%20Beach&query_place_id=ChIJo3Ithhi0vzsRNQmtLCAb3rU,ChdDSUhNMG9nS0VJQ0FnSURybmJ5WG5nRRAB,ANAKIN_AI,f1edb4646a03c7c33805607afee28cfe3947b3153a8b8b0baadc94910d09330b,2026-09-26T10:02:11.609Z,6,1,1,1,0,0,0,3,0,Unsafe area,1,35,35,incident
Isolated and Deserted at Night,Unsafe area,https://www.google.com/maps/reviews/data=!4m8!14m7!1m6!2m5!1sChZDSUhNMG9nS0VJQ0FnSUQ1c0tDMGNBEAE!2m1!1s0x0:0xb5de1b202cad0935!3m1!1s2@1:CIHM0ogKEICAgID5sKC0cA%7C%7C?hl=en,2023-10-19T02:33:20Z,"Goa, India (15.280532, 73.911995)",Google Maps (user review),"Reviewer states that at night there is not a single person on the beach, making it feel like a horror place.",Colva Beach,Colva Beach,Street-Crime and High-Risk,ISOLATED_AREA,15.2805316,73.9119945,"Goa, India",,"Fully Paisa barbad beach & hotel also not clean and clear.
At night time no any single person on a beach feel as like we are came on horror place.",1,-0.9,2,0.95,PERCEPTION,REVIEW,INC-1bfc5f2cc1f5886e,ChIJo3Ithhi0vzsRNQmtLCAb3rU,https://www.google.com/maps/search/?api=1&query=Colva%20Beach&query_place_id=ChIJo3Ithhi0vzsRNQmtLCAb3rU,ChZDSUhNMG9nS0VJQ0FnSUQ1c0tDMGNBEAE,ANAKIN_AI,3eacd300e379c41654a842d62fde3550d063c1dbbf29a0f51f1a2fee2dbc1516,2026-09-26T10:02:11.609Z,6,1,1,1,0,0,0,3,0,Unsafe area,1,35,35,incident
Monkeys snatching belongings,Crime,https://www.google.com/maps/reviews/data=!4m8!14m7!1m6!2m5!1sChZDSUhNMG9nS0VJQ0FnTUR3azYzT09BEAE!2m1!1s0x0:0x200ad6639b6bb353!3m1!1s2@1:CIHM0ogKEICAgMDwk63OOA%7C%7C?hl=en,2025-03-28T02:58:12Z,"Kulem Station FOB, Kolem, Goa 403410, India (15.336353, 74.244316)",Google Maps (user review),Reviewer stated that monkeys are present to snatch belongings and noted issues with local pricing.,Official Dudhsagar Waterfalls Booking,Dudhsagar Waterfalls,Street-Crime and High-Risk,THEFT,15.3363533,74.244316,"Kulem Station FOB, Kolem, Goa 403410, India",Kolem,"Why is that much hype given to this place?
There are so many other good water falls in the country.
So many monkies are there to snatch your belongings.
Authorities are looting about ₹854/- for half hour journey inside forest through local vehicle through very rough roads.
This place is crowded through out year except monsoon, till authorities are looting.
People around base point are roaming to give cash as replacement of online payment service and charging ₹50/- for ₹1000/-, still authorities are not accepting fully online payment.",1,-0.7,2,0.85,USER_REPORTED,REVIEW,INC-139779f07f6cc23d,ChIJA1ETXxQHvzsRU7Nrm2PWCiA,https://www.google.com/maps/search/?api=1&query=Official%20Dudhsagar%20Waterfalls%20Booking&query_place_id=ChIJA1ETXxQHvzsRU7Nrm2PWCiA,ChZDSUhNMG9nS0VJQ0FnTUR3azYzT09BEAE,ANAKIN_AI,4d55a1a3a56a773a9fc686831fbdb26650f5fc1b03ec82288150f590539696ad,2026-09-26T10:02:11.609Z,29,10,5,1,1,0,0,11,1,Unsafe area,2,70,70,incident
Overpriced parking and goods,Fraud,https://www.google.com/maps/reviews/data=!4m8!14m7!1m6!2m5!1sCi9DQUlRQUNvZENodHljRjlvT214YVdYTkpNM2hyWDJscmRITnhUM1pqVnpGbmNXYxAB!2m1!1s0x0:0x200ad6639b6bb353!3m1!1s2@1:CAIQACodChtycF9oOmxaWXNJM3hrX2lrdHNxT3ZjVzFncWc%7C%7C?hl=en,2026-01-03T04:45:00Z,"Kulem Station FOB, Kolem, Goa 403410, India (15.336353, 74.244316)",Google Maps (user review),Reviewer reported that parking and basic items were openly overpriced and sold above MRP.,Official Dudhsagar Waterfalls Booking,Dudhsagar Waterfalls,Street-Crime and High-Risk,OVERCHARGING,15.3363533,74.244316,"Kulem Station FOB, Kolem, Goa 403410, India",Kolem,"⭐⭐⭐⭐⭐ for Nature | ⭐ for Management & Authorities
My visit to Dudhsagar Waterfall was honestly disappointing overall, except for the natural beauty. I would not recommend this place unless you are very particular and desperate to visit it.

Tourists are neither valued nor respected here. Everything felt openly overpriced and exploitative. Parking itself costs ₹300, and that too in an unsecured area. Basic items like breakfast, water bottles, and snacks are sold well above MRP, and you are not even allowed to question it.

The safari is arranged by a government setup, but the organizers are least bothered about tourists. Vehicles are arranged purely at their convenience. We had to wait nearly 3 hours in a queue just to get a safari vehicle. Since we had already traveled 2 hours from the Baga beach area, we had no option but to wait.

I was assisting a couple from Singapore, and the local agents were extremely rude and unprofessional. Instead of helping, they told me to “mind my own business” and warned me that this is their locality and we must go by their rules. This behavior was shocking and unacceptable, especially at an international tourist destination.

Yes, the waterfall experience itself is beautiful and powerful, and nature deserves full credit. But the locals and the government authorities managing this place are pathetic in terms of hospitality, crowd management, and respect for visitors.

I would strongly suggest skipping this overhyped destination. A similar or even better waterfall experience can be enjoyed at Jog Falls near Gokarna, with much more affordable, organized, and seamless arrangements. Even beach and nature experiences in Gokarna are far more peaceful and tourist-friendly.

I give 5 stars ⭐⭐⭐⭐⭐ to nature, but not even 1 star to the people and authorities who are ruining the reputation of this place. Unfortunately, because of such experiences, Goa tourism is getting affected compared to earlier days.",1,-0.8,2,0.95,USER_REPORTED,REVIEW,INC-1ca18548ba85cc39,ChIJA1ETXxQHvzsRU7Nrm2PWCiA,https://www.google.com/maps/search/?api=1&query=Official%20Dudhsagar%20Waterfalls%20Booking&query_place_id=ChIJA1ETXxQHvzsRU7Nrm2PWCiA,Ci9DQUlRQUNvZENodHljRjlvT214YVdYTkpNM2hyWDJscmRITnhUM1pqVnpGbmNXYxAB,ANAKIN_AI,33d273df224a7ce62387ad2871130a128f090cb28efc764eba0d35a229e12a37,2026-09-26T10:02:11.609Z,29,10,5,1,1,0,0,11,1,Unsafe area,2,70,70,incident
Overcharged for jeep safari,Fraud,https://www.google.com/maps/reviews/data=!4m8!14m7!1m6!2m5!1sCi9DQUlRQUNvZENodHljRjlvT21wYWNUSnhOMmM1ZWxsT1VIZE1SV2d0V1dSNVRtYxAB!2m1!1s0x0:0x200ad6639b6bb353!3m1!1s2@1:CAIQACodChtycF9oOmpacTJxN2c5ellOUHdMRWgtWWR5Tmc%7C%7C?hl=en,2025-12-08T04:11:12Z,"Kulem Station FOB, Kolem, Goa 403410, India (15.336353, 74.244316)",Google Maps (user review),Reviewer reported being overcharged for a jeep safari.,Official Dudhsagar Waterfalls Booking,Dudhsagar Waterfalls,Street-Crime and High-Risk,OVERCHARGING,15.3363533,74.244316,"Kulem Station FOB, Kolem, Goa 403410, India",Kolem,It's kind of scam they will charge too much..for 7 members they charged 5800 around for jeep safari considering the distance,1,-0.8,2,0.95,USER_REPORTED,REVIEW,INC-b5a6b5a298739f78,ChIJA1ETXxQHvzsRU7Nrm2PWCiA,https://www.google.com/maps/search/?api=1&query=Official%20Dudhsagar%20Waterfalls%20Booking&query_place_id=ChIJA1ETXxQHvzsRU7Nrm2PWCiA,Ci9DQUlRQUNvZENodHljRjlvT21wYWNUSnhOMmM1ZWxsT1VIZE1SV2d0V1dSNVRtYxAB,ANAKIN_AI,b2260d5df8df0a6565cd8d6e3eb3ff03d11304a28402a427d70b3d7b7c11a940,2026-09-26T10:02:11.609Z,29,10,5,1,1,0,0,11,1,Unsafe area,2,70,70,incident
Overpriced management and service,Fraud,https://www.google.com/maps/reviews/data=!4m8!14m7!1m6!2m5!1sCi9DQUlRQUNvZENodHljRjlvT2xkRmJHcG5USE0yV2tVM2VVdHRPR2hUWjB4NFMwRRAB!2m1!1s0x0:0x200ad6639b6bb353!3m1!1s2@1:CAIQACodChtycF9oOldFbGpnTHM2WkU3eUttOGhTZ0x4S0E%7C%7C?hl=en,2025-10-26T18:32:08Z,"Kulem Station FOB, Kolem, Goa 403410, India (15.336353, 74.244316)",Google Maps (user review),Reviewer reported that the experience cost around ₹900 per person and was highly overpriced.,Official Dudhsagar Waterfalls Booking,Dudhsagar Waterfalls,Street-Crime and High-Risk,OVERCHARGING,15.3363533,74.244316,"Kulem Station FOB, Kolem, Goa 403410, India",Kolem,"Very Poor Management and Overpriced Experience
Visited Dudhsagar Waterfall on 21st October 2025. The overall experience was extremely disappointing. The management was completely unorganized, no online booking — I had to stand in line twice due to their inefficiency. The overall is cost around ₹900 per person, which is highly overpriced for the kind of service provided. The young drivers were very rude, and if you’re late by even 2–4 minutes, they cancel your booking without any consideration. Overall, it was a horrible and frustrating experience — definitely not worth the time or money.",1,-0.8,1,0.9,USER_REPORTED,REVIEW,INC-570e12b850ccd3da,ChIJA1ETXxQHvzsRU7Nrm2PWCiA,https://www.google.com/maps/search/?api=1&query=Official%20Dudhsagar%20Waterfalls%20Booking&query_place_id=ChIJA1ETXxQHvzsRU7Nrm2PWCiA,Ci9DQUlRQUNvZENodHljRjlvT2xkRmJHcG5USE0yV2tVM2VVdHRPR2hUWjB4NFMwRRAB,ANAKIN_AI,661dce935a980f192df9b79305dcc5e59d5ca14cb53d96bb2091e3f7aab3508f,2026-09-26T10:02:11.609Z,29,10,5,1,1,0,0,11,1,Unsafe area,2,70,70,incident
Cab driver dispute over change,Fraud,https://www.google.com/maps/reviews/data=!4m8!14m7!1m6!2m5!1sChdDSUhNMG9nS0VJQ0FnSUMzcXRQYTdBRRAB!2m1!1s0x0:0xfd9448e7283b0225!3m1!1s2@1:CIHM0ogKEICAgIC3qtPa7AE%7C%7C?hl=en,2024-12-03T09:36:35Z,"Sonauli, Goa 403410, India (15.314438, 74.314307)",Google Maps (user review),Reviewer reported a conflict with a cab driver who refused to return change.,Dudhsagar Falls,Dudhsagar Waterfalls,Street-Crime and High-Risk,OTHER_FRAUD,15.3144375,74.3143073,"Sonauli, Goa 403410, India",Sonauli,"Absolutely horrific experience with this trip. Travelled with my family and the cab driver was a scoundrel as we asked for the change back and didn’t let him keep the money. The wait time are super long, the journey albeit expensive, is also painfully long. The waterfall is very good though. Having said that, in my book, it is not worth all this hassle. Doing something else would be better.

PS: Adding the driver’s number plate so that you can avoid him.",1,-0.8,2,0.85,USER_REPORTED,REVIEW,INC-acf6730f29df8171,ChIJQ4srFBimvzsRJQI7KOdIlP0,https://www.google.com/maps/search/?api=1&query=Dudhsagar%20Falls&query_place_id=ChIJQ4srFBimvzsRJQI7KOdIlP0,ChdDSUhNMG9nS0VJQ0FnSUMzcXRQYTdBRRAB,ANAKIN_AI,63c201bea1d037c74244f11151df9887a184d5b16412492d08b59cb3cff1bd97,2026-09-26T10:02:11.609Z,29,10,5,1,1,0,0,11,1,Unsafe area,2,70,70,incident
Unexpected extra charges for meals,Fraud,https://www.google.com/maps/reviews/data=!4m8!14m7!1m6!2m5!1sChdDSUhNMG9nS0VJQ0FnSUNubkpDWGxnRRAB!2m1!1s0x0:0x200ad6639b6bb353!3m1!1s2@1:CIHM0ogKEICAgICnnJCXlgE%7C%7C?hl=en,2024-09-23T17:39:55Z,"Kulem Station FOB, Kolem, Goa 403410, India (15.336353, 74.244316)",Google Maps (user review),Reviewer reported unfulfilled inclusions and unexpected extra charges for lunch after arrival.,Official Dudhsagar Waterfalls Booking,Dudhsagar Waterfalls,Street-Crime and High-Risk,OVERCHARGING,15.3363533,74.244316,"Kulem Station FOB, Kolem, Goa 403410, India",Kolem,"The Dudhsagar Sagar Trek is great experience and I would suggest to visit the falls by trek as this gives the opportunity to connect with nature.

As far the booking with Castle Rock Adventures is concerned, me and my team did not had a great experience. It was very unpleasant. Post going through few reviews from Google, we contacted Suresh for booking. We tried and negotiated the price for 1200 per person. Post reaching the Kulem Station, we contacted the guide Raju and came to know that food was not part of the price. So we agreed to pay extra 150 per person for lunch and we spent extra money for breakfast. The trek was supposed to begin by 8:30 AM but our guide was delaying because he was waiting for other members. We pushed him and post that we started our trek with another guide. The other guide was good and stayed with us the entire time. During lunch time, we observed that our lunch was spoiled and had to manage with snacks that we had kept with us. Since the lunch was arranged by Raju we questioned him but he was in denial and informed us he cannot do any thing regarding this as his food was fine. So in the end the amount we spent for lunch went for toss. This caused a lot of inconvenience for us. Never expected such kind of service from trek company.

As per my experience, I would suggest to reach the Kulem Station and book the guide there. You can probably negotiate with them. There is a decent restaurant named Durga Restaurant at around 200 meters from Kulem Station. They serve good food for breakfast. For packed lunch, the option provided is Veg Briyani or Veg Fried Rice. You can check with the restaurant as they might be able to help you. Other forest entry charges you can pay directly at check post. If you speak to guide, they will assist you with all the details. Since there is no clock room in Kulem Station, you can either keep your bag in restaurant or the guide will assist you.

I hope that this review would assist you. Do share your experience.",1,-0.6,2,0.85,USER_REPORTED,REVIEW,INC-f64ff71eb81056c0,ChIJA1ETXxQHvzsRU7Nrm2PWCiA,https://www.google.com/maps/search/?api=1&query=Official%20Dudhsagar%20Waterfalls%20Booking&query_place_id=ChIJA1ETXxQHvzsRU7Nrm2PWCiA,ChdDSUhNMG9nS0VJQ0FnSUNubkpDWGxnRRAB,ANAKIN_AI,2360d0578d8fb878f63fb267f42ff91841ef5c5cac3b81de40051ee3806c1d70,2026-09-26T10:02:11.609Z,29,10,5,1,1,0,0,11,1,Unsafe area,2,70,70,incident
Extortion and blocked access on trek,Harassment,https://www.google.com/maps/reviews/data=!4m8!14m7!1m6!2m5!1sChdDSUhNMG9nS0VJQ0FnSUM2bm92VzZBRRAB!2m1!1s0x0:0x200ad6639b6bb353!3m1!1s2@1:CIHM0ogKEICAgIC6novW6AE%7C%7C?hl=en,2021-09-05T07:54:09Z,"Kulem Station FOB, Kolem, Goa 403410, India (15.336353, 74.244316)",Google Maps (user review),Reviewer experienced individuals impersonating officials demanding money and armed men blocking access during trekking.,Official Dudhsagar Waterfalls Booking,Dudhsagar Waterfalls,Street-Crime and High-Risk,HARASSMENT,15.3363533,74.244316,"Kulem Station FOB, Kolem, Goa 403410, India",Kolem,Worst experience ever. I started from Vasco taking daily passenger train. After reaching kollem Started trekking. Barely had I reached 500m there was a man claiming to be from rpf. He said trekking not allowed on railway track. After a small talk he permitted for ₹100 from each member. We walked for 2 hours straight. When we reached sonalium station there were 2 more guys in uniform with guns. They didn't allowed anyone to pass from there. Only people coming from dudh sagar could be seen. All the trekking we did went in vain. We were lucky enough to catch the goods train. It leaved us around 0.5 km from station. Reached kollem station and the train to Vasco just left in front of our eyes. Asked outside no bus or anymeans to go back. Had to wait for next train at 5.10 pm. Moral of the story never never plan trekking from kollem side. I don't know why people claim to be very nice experience from kollem for me it was horrible. Many people came from castle rock side and they dropped there at 3-4 in the morning. So plan your journey from there only.,1,-0.9,3,0.92,USER_REPORTED,REVIEW,INC-1dc058cb04735c01,ChIJA1ETXxQHvzsRU7Nrm2PWCiA,https://www.google.com/maps/search/?api=1&query=Official%20Dudhsagar%20Waterfalls%20Booking&query_place_id=ChIJA1ETXxQHvzsRU7Nrm2PWCiA,ChdDSUhNMG9nS0VJQ0FnSUM2bm92VzZBRRAB,ANAKIN_AI,0d2dee9868a9e7f180f8bd57be1131512b257d97ee4e452591ee1bfd41b2b037,2026-09-26T10:02:11.609Z,29,10,5,1,1,0,0,11,1,Unsafe area,2,70,70,incident
Poor road and equipment conditions,Infrastructure hazard,https://www.google.com/maps/reviews/data=!4m8!14m7!1m6!2m5!1sChZDSUhNMG9nS0VJQ0FnSUNfNHNEdGJnEAE!2m1!1s0x0:0x200ad6639b6bb353!3m1!1s2@1:CIHM0ogKEICAgIC_4sDtbg%7C%7C?hl=en,2025-01-14T11:13:43Z,"Kulem Station FOB, Kolem, Goa 403410, India (15.336353, 74.244316)",Google Maps (user review),Reviewer stated that internal roads are in very bad condition and life jackets provided were in bad condition.,Official Dudhsagar Waterfalls Booking,Dudhsagar Waterfalls,Street-Crime and High-Risk,BROKEN_ROAD,15.3363533,74.244316,"Kulem Station FOB, Kolem, Goa 403410, India",Kolem,"Don't waste your time...
See pics...
If you book online...it is first step only
When you come at token office...you have to stand in line for token...it takes minimum 1.5 to 2 hours...
After you take token... They provide us life jacket... It was in very bed condition...
After one driver come with mahindra jip & drive to you to fall.
Fall is around 12 km away from village.
Internal road are in very bad condition...
Also one entry check post their.
Again you paid 100rs for each person.
& For children 50...

After you reach at fall parking area...
Condition is that you have to spend 90 minutes only...🙏🥱
From parking to fall walking distance required 15 minutes, same for return 15 minutes...in one hour you have to change your clothes if you want or also for your children...also if you go with your bag... This one is very bad condition... because if monkeys look your bag alone or with some weak person... They open it for find food or other accessories...🤣😭
Also at fall area water level is in deep.
Not suitable for ladies, children.
If you are sweemer then ok & enjoy.
But all this activity you have only one hour 🥳🙊
So don't waste your time...
Go to some beaches or enjoy in your hotel swimming pool.
Ohh other... food charges very high...

After this all exam you get nothing.

Thank you 🥱😃",1,-0.7,2,0.9,USER_REPORTED,REVIEW,INC-7cd8795d1710b10c,ChIJA1ETXxQHvzsRU7Nrm2PWCiA,https://www.google.com/maps/search/?api=1&query=Official%20Dudhsagar%20Waterfalls%20Booking&query_place_id=ChIJA1ETXxQHvzsRU7Nrm2PWCiA,ChZDSUhNMG9nS0VJQ0FnSUNfNHNEdGJnEAE,ANAKIN_AI,98196dc9da1e8d53e8ec57a2e66d4b96d79b19882963a112ed28239ab3c7a48d,2026-09-26T10:02:11.609Z,29,10,5,1,1,0,0,11,1,Unsafe area,2,70,70,incident
Forced transport scam,Scam,https://www.google.com/maps/reviews/data=!4m8!14m7!1m6!2m5!1sCi9DQUlRQUNvZENodHljRjlvT21wa2NYQkpRbVJUU1ZKa1RsbzNMVTl4YTB4SExYYxAB!2m1!1s0x0:0xfd9448e7283b0225!3m1!1s2@1:CAIQACodChtycF9oOmpkcXBJQmRTSVJkTlo3LU9xa0xHLXc%7C%7C?hl=en,2026-01-25T05:33:24Z,"Sonauli, Goa 403410, India (15.314438, 74.314307)",Google Maps (user review),Reviewer alleges a scam where private vehicles are stopped and forced to pay high prices for official transport.,Dudhsagar Falls,Dudhsagar Waterfalls,Street-Crime and High-Risk,TOURIST_SCAM,15.3144375,74.3143073,"Sonauli, Goa 403410, India",Sonauli,"For those  who are planning to visit dudhsagar waterfalls
1.it is full of scam private vehicles can't enter waterfall they will stop u ahead of 13km and says to park ur vehicle here and need a govt vehicle to go falls,and for a person it costs  1080 ruppes and travel time 30 min and no online payment only cash.",1,-0.8,2,0.9,USER_ALLEGATION,REVIEW,INC-6bc90242e82b10b5,ChIJQ4srFBimvzsRJQI7KOdIlP0,https://www.google.com/maps/search/?api=1&query=Dudhsagar%20Falls&query_place_id=ChIJQ4srFBimvzsRJQI7KOdIlP0,Ci9DQUlRQUNvZENodHljRjlvT21wa2NYQkpRbVJUU1ZKa1RsbzNMVTl4YTB4SExYYxAB,ANAKIN_AI,059a4c391b69c35fdef69752432b6c61d4391f3966395574f2657663f7491332,2026-09-26T10:02:11.609Z,29,10,5,1,1,0,0,11,1,Unsafe area,2,70,70,incident
Advance payment taken and provider disappeared,Scam,https://www.google.com/maps/reviews/data=!4m8!14m7!1m6!2m5!1sCi9DQUlRQUNvZENodHljRjlvT25kSlNXMUJjamQ1VEcwNVZUZ3lkMFIzV1ZwcmFFRRAB!2m1!1s0x0:0x200ad6639b6bb353!3m1!1s2@1:CAIQACodChtycF9oOndJSW1Bcjd5TG05VTgyd0R3WVpraEE%7C%7C?hl=en,2025-12-17T04:58:37Z,"Kulem Station FOB, Kolem, Goa 403410, India (15.336353, 74.244316)",Google Maps (user review),Reviewer stated that an advance payment was taken and the provider disappeared without arranging the tour or refunding.,Official Dudhsagar Waterfalls Booking,Dudhsagar Waterfalls,Street-Crime and High-Risk,BOOKING_SCAM,15.3363533,74.244316,"Kulem Station FOB, Kolem, Goa 403410, India",Kolem,"This guy is big fraud,don't book from here.he took advance and disappeared ..didnt arrange the tour n no refund.
Not even receiving my calls
BIG TIME FRAUD...suresh",1,-0.95,3,0.95,USER_REPORTED,REVIEW,INC-60e3f8165b5aee3e,ChIJA1ETXxQHvzsRU7Nrm2PWCiA,https://www.google.com/maps/search/?api=1&query=Official%20Dudhsagar%20Waterfalls%20Booking&query_place_id=ChIJA1ETXxQHvzsRU7Nrm2PWCiA,Ci9DQUlRQUNvZENodHljRjlvT25kSlNXMUJjamQ1VEcwNVZUZ3lkMFIzV1ZwcmFFRRAB,ANAKIN_AI,f4781081d9e36795f01f0e13d3fe1f7c30b3b35e383ef02564fb344cd80e048e,2026-09-26T10:02:11.609Z,29,10,5,1,1,0,0,11,1,Unsafe area,2,70,70,incident
Jeep safari booking scam,Scam,https://www.google.com/maps/reviews/data=!4m8!14m7!1m6!2m5!1sCi9DQUlRQUNvZENodHljRjlvT2xVMmFEQnhZMFp0VkdadGFYQmpOMEZzZDJ4eWNYYxAB!2m1!1s0x0:0x200ad6639b6bb353!3m1!1s2@1:CAIQACodChtycF9oOlU2aDBxY0ZtVGZtaXBjN0Fsd2xycXc%7C%7C?hl=en,2025-11-29T04:42:07Z,"Kulem Station FOB, Kolem, Goa 403410, India (15.336353, 74.244316)",Google Maps (user review),Reviewer stated that booking money was taken for a jeep safari and the organizers stopped responding.,Official Dudhsagar Waterfalls Booking,Dudhsagar Waterfalls,Street-Crime and High-Risk,BOOKING_SCAM,15.3363533,74.244316,"Kulem Station FOB, Kolem, Goa 403410, India",Kolem,🚨🚨🚨Scam alert 🚨🚨🚨.... They will take the booking amount for jeep safari.. later they simply avoid your calls and messages without responding.... Big scam.... Please buy the tickets in offline only... Don't trust these scamsters,1,-0.9,3,0.95,USER_REPORTED,REVIEW,INC-59ddc06066c7af9e,ChIJA1ETXxQHvzsRU7Nrm2PWCiA,https://www.google.com/maps/search/?api=1&query=Official%20Dudhsagar%20Waterfalls%20Booking&query_place_id=ChIJA1ETXxQHvzsRU7Nrm2PWCiA,Ci9DQUlRQUNvZENodHljRjlvT2xVMmFEQnhZMFp0VkdadGFYQmpOMEZzZDJ4eWNYYxAB,ANAKIN_AI,992a904c737e6c18081c3ed318efa97082234a8901c5da791d57720493729a16,2026-09-26T10:02:11.609Z,29,10,5,1,1,0,0,11,1,Unsafe area,2,70,70,incident
Fake booking websites warning,Scam,https://www.google.com/maps/reviews/data=!4m8!14m7!1m6!2m5!1sCi9DQUlRQUNvZENodHljRjlvT25SNmVGUk1XWE53WTNaS2F6ZDVOVTlMVXpWVlYxRRAB!2m1!1s0x0:0x200ad6639b6bb353!3m1!1s2@1:CAIQACodChtycF9oOnR6eFRMWXNwY3ZKazd5NU9LUzVVV1E%7C%7C?hl=en,2025-10-25T19:44:25Z,"Kulem Station FOB, Kolem, Goa 403410, India (15.336353, 74.244316)",Google Maps (user review),Reviewer warned that booking websites are fake and entry is restricted.,Official Dudhsagar Waterfalls Booking,Dudhsagar Waterfalls,Street-Crime and High-Risk,BOOKING_SCAM,15.3363533,74.244316,"Kulem Station FOB, Kolem, Goa 403410, India",Kolem,Websites are fake and if you want to go than go by tour agent. Orelse waste of time and energy as entry not possible,1,-0.85,2,0.9,WARNING,REVIEW,INC-32fff077d811cb79,ChIJA1ETXxQHvzsRU7Nrm2PWCiA,https://www.google.com/maps/search/?api=1&query=Official%20Dudhsagar%20Waterfalls%20Booking&query_place_id=ChIJA1ETXxQHvzsRU7Nrm2PWCiA,Ci9DQUlRQUNvZENodHljRjlvT25SNmVGUk1XWE53WTNaS2F6ZDVOVTlMVXpWVlYxRRAB,ANAKIN_AI,8163f0fd7054d25adb4bed91d77e7c06b6faeeaecb28454a6704345d9bab411d,2026-09-26T10:02:11.609Z,29,10,5,1,1,0,0,11,1,Unsafe area,2,70,70,incident
Major tourist ticket scam and poor management,Scam,https://www.google.com/maps/reviews/data=!4m8!14m7!1m6!2m5!1sCi9DQUlRQUNvZENodHljRjlvT21veWFITkpZa3RCUzNvd2VXTTNVVE5QVUdaM1EwRRAB!2m1!1s0x0:0xfd9448e7283b0225!3m1!1s2@1:CAIQACodChtycF9oOmoyaHNJYktBS3oweWM3UTNPUGZ3Q0E%7C%7C?hl=en,2025-10-23T15:26:14Z,"Sonauli, Goa 403410, India (15.314438, 74.314307)",Google Maps (user review),"Reviewer alleged a tourist scam involving ticket availability, long queues, and extra unannounced charges.",Dudhsagar Falls,Dudhsagar Waterfalls,Street-Crime and High-Risk,TOURIST_SCAM,15.3144375,74.3143073,"Sonauli, Goa 403410, India",Sonauli,"Biggest tourist scam in Goa!
We went two days in a row, and both days were full of frustration.

Day 1: Left from Baga Beach at 6 AM, drove 80 km (2 hours) and stood 2 hours in queue, only to be told “tickets are over.” We had to return without seeing anything.

Day 2: Tried again next morning — stood 4 hours in queue just to get tickets (₹700 per person). Then, they charged ₹250 extra per person for forest entry and made us wait another hour.

The Bolero jeep ride was uncomfortable, overcrowded, and dusty. Drivers were rude and just rushing trips for more money. After 45 minutes of bumpy ride, we reached the waterfall — and it was honestly nothing great. Small fall, overcrowded, dirty surroundings, and no proper place to sit or relax.

Every step they ask for money — parking fees, entry fees, forest fees, camera fees, even for basic seating!
No toilets, no drinking water, no cleanliness — just chaos and greed.

We wasted two full days and more than ₹1000 per person for this nonsense. Dudhsagar is completely overhyped and badly managed.

If you’ve seen waterfalls in Konkan or Maharashtra, you’ll realize how fake the Goa hype is.

Please don’t fall for this trap. GOA is full of scams — and Dudhsagar is the worst one",1,-0.9,3,0.95,USER_ALLEGATION,REVIEW,INC-7bfcc89f9a6244d0,ChIJQ4srFBimvzsRJQI7KOdIlP0,https://www.google.com/maps/search/?api=1&query=Dudhsagar%20Falls&query_place_id=ChIJQ4srFBimvzsRJQI7KOdIlP0,Ci9DQUlRQUNvZENodHljRjlvT21veWFITkpZa3RCUzNvd2VXTTNVVE5QVUdaM1EwRRAB,ANAKIN_AI,b0cd94613e4c8b7c1fbbaf66c3fa23628cb13a008ebfc93056f883bab682a273,2026-09-26T10:02:11.609Z,29,10,5,1,1,0,0,11,1,Unsafe area,2,70,70,incident
False promises and extra money demands,Scam,https://www.google.com/maps/reviews/data=!4m8!14m7!1m6!2m5!1sCi9DQUlRQUNvZENodHljRjlvT21sVmIxcFpVVGxPTUVzM2VWRlFaemxoTjFSUVRsRRAB!2m1!1s0x0:0x200ad6639b6bb353!3m1!1s2@1:CAIQACodChtycF9oOmlVb1pZUTlOMEs3eVFQZzlhN1RQTlE%7C%7C?hl=en,2025-07-01T12:36:50Z,"Kulem Station FOB, Kolem, Goa 403410, India (15.336353, 74.244316)",Google Maps (user review),Reviewer claimed they were promised food that was not provided and then pressured to pay extra money.,Official Dudhsagar Waterfalls Booking,Dudhsagar Waterfalls,Street-Crime and High-Risk,TOURIST_SCAM,15.3363533,74.244316,"Kulem Station FOB, Kolem, Goa 403410, India",Kolem,"Biggest Scam Alert 🚨
They promised food but didn’t provide any — not even basic snacks or water.
After the trek, they had the audacity to ask for extra money, claiming it’s for the forest guards. Totally unprofessional and shady behavior. Avoid at all costs!",1,-0.9,3,0.95,USER_REPORTED,REVIEW,INC-4377750aff5cfb18,ChIJA1ETXxQHvzsRU7Nrm2PWCiA,https://www.google.com/maps/search/?api=1&query=Official%20Dudhsagar%20Waterfalls%20Booking&query_place_id=ChIJA1ETXxQHvzsRU7Nrm2PWCiA,Ci9DQUlRQUNvZENodHljRjlvT21sVmIxcFpVVGxPTUVzM2VWRlFaemxoTjFSUVRsRRAB,ANAKIN_AI,b22c7eb5a9b8a2077ab5fc8e0d16675cedc568497afd07b2021c03e71301b12b,2026-09-26T10:02:11.609Z,29,10,5,1,1,0,0,11,1,Unsafe area,2,70,70,incident
Monsoon closure guide scam and extra charges,Scam,https://www.google.com/maps/reviews/data=!4m8!14m7!1m6!2m5!1sCi9DQUlRQUNvZENodHljRjlvT2s1aVpIVmFWSE5OU1RRM1VpMXRaRFJPZEZoWWNVRRAB!2m1!1s0x0:0xfd9448e7283b0225!3m1!1s2@1:CAIQACodChtycF9oOk5iZHVaVHNNSTQ3Ui1tZDROdFhYcUE%7C%7C?hl=en,2025-06-29T03:47:00Z,"Sonauli, Goa 403410, India (15.314438, 74.314307)",Google Maps (user review),Reviewer reported guides forcing alternative routes with unnecessary charges during monsoon closure.,Dudhsagar Falls,Dudhsagar Waterfalls,Street-Crime and High-Risk,TOURIST_SCAM,15.3144375,74.3143073,"Sonauli, Goa 403410, India",Sonauli,"Falls is closed due to heavy monsoon, their guide force you to take alternate river streem which is totally waste of money and unnecessary charge. Pathetic experience. So plan your trip when the falls vehicle route is open for all vehicles and avoid guide as much as.",1,-0.8,2,0.9,USER_REPORTED,REVIEW,INC-b2492bbb8d70cec0,ChIJQ4srFBimvzsRJQI7KOdIlP0,https://www.google.com/maps/search/?api=1&query=Dudhsagar%20Falls&query_place_id=ChIJQ4srFBimvzsRJQI7KOdIlP0,Ci9DQUlRQUNvZENodHljRjlvT2s1aVpIVmFWSE5OU1RRM1VpMXRaRFJPZEZoWWNVRRAB,ANAKIN_AI,95026ea875006419ad583b1cd72b4d79dbb691da92e43531c837f955232669af,2026-09-26T10:02:11.609Z,29,10,5,1,1,0,0,11,1,Unsafe area,2,70,70,incident
Local cheating and expensive ticketing,Scam,https://www.google.com/maps/reviews/data=!4m8!14m7!1m6!2m5!1sChdDSUhNMG9nS0VJQ0FnSUR2ejZfYW9RRRAB!2m1!1s0x0:0xfd9448e7283b0225!3m1!1s2@1:CIHM0ogKEICAgIDvz6_aoQE%7C%7C?hl=en,2024-12-25T09:24:25Z,"Sonauli, Goa 403410, India (15.314438, 74.314307)",Google Maps (user review),Reviewer reported that nearby locals cheat visitors.,Dudhsagar Falls,Dudhsagar Waterfalls,Street-Crime and High-Risk,TOURIST_SCAM,15.3144375,74.3143073,"Sonauli, Goa 403410, India",Sonauli,Very bad management. Per head cost is Rs.810 which is too expensive. You have to stand in a queue like ration shop. Nearby locals will cheat you. Not worth coming to this place. Goa Government should take action. We went back after seeing such a long time to get the jeep drive. I consider my ticket amount is donated to Goa government.,1,-0.85,2,0.85,USER_REPORTED,REVIEW,INC-21876d55a9eb7fb0,ChIJQ4srFBimvzsRJQI7KOdIlP0,https://www.google.com/maps/search/?api=1&query=Dudhsagar%20Falls&query_place_id=ChIJQ4srFBimvzsRJQI7KOdIlP0,ChdDSUhNMG9nS0VJQ0FnSUR2ejZfYW9RRRAB,ANAKIN_AI,4727129c2b0c48dc98364468aaaa63188d6ff099b402956ebee3f85fc7b33926,2026-09-26T10:02:11.609Z,29,10,5,1,1,0,0,11,1,Unsafe area,2,70,70,incident
Scammers promising unauthorized trips,Scam,https://www.google.com/maps/reviews/data=!4m8!14m7!1m6!2m5!1sChdDSUhNMG9nS0VJQ0FnSUNQamZfSXNBRRAB!2m1!1s0x0:0x200ad6639b6bb353!3m1!1s2@1:CIHM0ogKEICAgICPjf_IsAE%7C%7C?hl=en,2024-11-26T21:26:41Z,"Kulem Station FOB, Kolem, Goa 403410, India (15.336353, 74.244316)",Google Maps (user review),Reviewer warned about multiple scammers promising unauthorized trips to the falls after closing hours.,Official Dudhsagar Waterfalls Booking,Dudhsagar Waterfalls,Street-Crime and High-Risk,TOURIST_SCAM,15.3363533,74.244316,"Kulem Station FOB, Kolem, Goa 403410, India",Kolem,"Dudhsagar location is incorrect on Google map as it shows 6 km from Mollem road. However, it is more than 30 km journey. It opens at 8 am and closes by 3 pm as tickets will stop by that. You need to Book in advance and you need to hire govt wildlife approved vehicle for visiting the Dudhsagar as it comes under forest department. There are multiple scammers who will promise to take you to the Dudhsagar Falls beyond 4pm.",1,-0.6,2,0.95,WARNING,REVIEW,INC-5e979a687d23d066,ChIJA1ETXxQHvzsRU7Nrm2PWCiA,https://www.google.com/maps/search/?api=1&query=Official%20Dudhsagar%20Waterfalls%20Booking&query_place_id=ChIJA1ETXxQHvzsRU7Nrm2PWCiA,ChdDSUhNMG9nS0VJQ0FnSUNQamZfSXNBRRAB,ANAKIN_AI,1f24c111e261cb4ec6453f83362e0cc8ba53eef715bb6687041b0abec01c95c4,2026-09-26T10:02:11.609Z,29,10,5,1,1,0,0,11,1,Unsafe area,2,70,70,incident
Package food scam and poor behavior,Scam,https://www.google.com/maps/reviews/data=!4m8!14m7!1m6!2m5!1sChZDSUhNMG9nS0VJQ0FnSUM3NW8yTlRREAE!2m1!1s0x0:0x200ad6639b6bb353!3m1!1s2@1:CIHM0ogKEICAgIC75o2NTQ%7C%7C?hl=en,2024-08-15T10:57:47Z,"Kulem Station FOB, Kolem, Goa 403410, India (15.336353, 74.244316)",Google Maps (user review),Reviewer stated they were scammed when a package including food failed to provide lunch and involved aggressive behavior.,Official Dudhsagar Waterfalls Booking,Dudhsagar Waterfalls,Street-Crime and High-Risk,TOURIST_SCAM,15.3363533,74.244316,"Kulem Station FOB, Kolem, Goa 403410, India",Kolem,"The Guide who took us for trek Chethan was really good.
But don't trust this guy called Suresh he literally scammed us, the package offered for us was with breakfast and lunch. After the trek he didn't give the lunch and when we asked him to reduce the price his tone was really bad.
Never trust his package he is  a big Scammer.",1,-0.9,3,0.95,USER_REPORTED,REVIEW,INC-2749145d585b24e3,ChIJA1ETXxQHvzsRU7Nrm2PWCiA,https://www.google.com/maps/search/?api=1&query=Official%20Dudhsagar%20Waterfalls%20Booking&query_place_id=ChIJA1ETXxQHvzsRU7Nrm2PWCiA,ChZDSUhNMG9nS0VJQ0FnSUM3NW8yTlRREAE,ANAKIN_AI,2532d0b7076ffe157b249f90f0b501e7cba3017eef901a145aae848c702c34f1,2026-09-26T10:02:11.609Z,29,10,5,1,1,0,0,11,1,Unsafe area,2,70,70,incident
Unsafe conditions for families with wildlife,Unsafe area,https://www.google.com/maps/reviews/data=!4m8!14m7!1m6!2m5!1sCi9DQUlRQUNvZENodHljRjlvT25oT1gweGtkVEZUYUU1SE9XZzRUbEZHTVUxR1ZGRRAB!2m1!1s0x0:0xfd9448e7283b0225!3m1!1s2@1:CAIQACodChtycF9oOnhOX0xkdTFTaE5HOWg4TlFGMU1GVFE%7C%7C?hl=en,2026-04-10T17:27:44Z,"Sonauli, Goa 403410, India (15.314438, 74.314307)",Google Maps (user review),Reviewer felt the place is totally unsafe for families due to monkeys and fish.,Dudhsagar Falls,Dudhsagar Waterfalls,Street-Crime and High-Risk,OTHER,15.3144375,74.3143073,"Sonauli, Goa 403410, India",Sonauli,Bakwas... total waist of money and time...whole day will be spoiled...there are number of monkeys....even in the water there are fishes.... totally unsafe for family....,1,-0.9,2,0.8,PERCEPTION,REVIEW,INC-ef9d4b876eb35d94,ChIJQ4srFBimvzsRJQI7KOdIlP0,https://www.google.com/maps/search/?api=1&query=Dudhsagar%20Falls&query_place_id=ChIJQ4srFBimvzsRJQI7KOdIlP0,Ci9DQUlRQUNvZENodHljRjlvT25oT1gweGtkVEZUYUU1SE9XZzRUbEZHTVUxR1ZGRRAB,ANAKIN_AI,bb0359dd57d27011e0bff661d113502f628faf420b06e771e038822bfe8b6ca1,2026-09-26T10:02:11.609Z,29,10,5,1,1,0,0,11,1,Unsafe area,2,70,70,incident
Aggressive monkeys at waterfall,Unsafe area,https://www.google.com/maps/reviews/data=!4m8!14m7!1m6!2m5!1sCi9DQUlRQUNvZENodHljRjlvT2xsWVowOTRXbTVWWmpKNk4yMUpUalU0UVRObVpsRRAB!2m1!1s0x0:0xfd9448e7283b0225!3m1!1s2@1:CAIQACodChtycF9oOllYZ094Wm5VZjJ6N21JTjU4QTNmZlE%7C%7C?hl=en,2025-12-28T06:37:33Z,"Sonauli, Goa 403410, India (15.314438, 74.314307)",Google Maps (user review),Reviewer warns that monkeys at the waterfall can attack visitors.,Dudhsagar Falls,Dudhsagar Waterfalls,Street-Crime and High-Risk,OTHER,15.3144375,74.3143073,"Sonauli, Goa 403410, India",Sonauli,"The road from the parking of dudhsagar warerfall to the base of waterfall is very rough and uneven. It takes approx 45 minutes to reach base of waterfall by the private jeeps authorised for the commutation. I would not suggest this place for kids and elderly people. The government charges Rs 250/person and the jeep drivers charge Rs 600/person, yet there is no proper arrangements from the concerned authorities to reach the base of waterfall. Be carefull of the monkeys at waterfall, they can attack you. there is no smooth, clear pavement to reach base of the waterfall so, put on good quality shoes as you have to go through the big stones, and uneven surface. The waterfall has good depth and only swimmers can go down the bottom of waterfall. I would not  suggest non-swimmers to enter as there are no proper safety measures taken by the authorities.",1,-0.8,3,0.95,USER_REPORTED,REVIEW,INC-06d5626153a05670,ChIJQ4srFBimvzsRJQI7KOdIlP0,https://www.google.com/maps/search/?api=1&query=Dudhsagar%20Falls&query_place_id=ChIJQ4srFBimvzsRJQI7KOdIlP0,Ci9DQUlRQUNvZENodHljRjlvT2xsWVowOTRXbTVWWmpKNk4yMUpUalU0UVRObVpsRRAB,ANAKIN_AI,c8252dc0adb0c73d79a58a20ea292b126f0d1aff16b0ae5ffd3b6f55de90b467,2026-09-26T10:02:11.609Z,29,10,5,1,1,0,0,11,1,Unsafe area,2,70,70,incident
Safety and security warning,Unsafe area,https://www.google.com/maps/reviews/data=!4m8!14m7!1m6!2m5!1sCi9DQUlRQUNvZENodHljRjlvT25aMVluSkNUM2QxYlRKc1NUUjBiVmxLU0hobU5GRRAB!2m1!1s0x0:0x200ad6639b6bb353!3m1!1s2@1:CAIQACodChtycF9oOnZ1YnJCT3d1bTJsSTR0bVlKSHhmNFE%7C%7C?hl=en,2025-11-14T07:57:57Z,"Kulem Station FOB, Kolem, Goa 403410, India (15.336353, 74.244316)",Google Maps (user review),Reviewer warned about dangerous conditions and lack of security at the location.,Official Dudhsagar Waterfalls Booking,Dudhsagar Waterfalls,Street-Crime and High-Risk,THREAT,15.3363533,74.244316,"Kulem Station FOB, Kolem, Goa 403410, India",Kolem,Do not waste your time and money here. The gangs of Wasseypur is here and no one will come to save you.,1,-0.9,3,0.85,WARNING,REVIEW,INC-99b6db31b43b8269,ChIJA1ETXxQHvzsRU7Nrm2PWCiA,https://www.google.com/maps/search/?api=1&query=Official%20Dudhsagar%20Waterfalls%20Booking&query_place_id=ChIJA1ETXxQHvzsRU7Nrm2PWCiA,Ci9DQUlRQUNvZENodHljRjlvT25aMVluSkNUM2QxYlRKc1NUUjBiVmxLU0hobU5GRRAB,ANAKIN_AI,6d5df1ad843d50cb6d5b0ca2598937e2eaf9be070bd82c2ab59db9f51d0e96fd,2026-09-26T10:02:11.609Z,29,10,5,1,1,0,0,11,1,Unsafe area,2,70,70,incident
Crowding and police intervention over ticket queues,Unsafe area,https://www.google.com/maps/reviews/data=!4m8!14m7!1m6!2m5!1sCi9DQUlRQUNvZENodHljRjlvT2paQ1Z6Vldia2xtYkU5QllXRTVURTQ0VFdsYVUzYxAB!2m1!1s0x0:0xfd9448e7283b0225!3m1!1s2@1:CAIQACodChtycF9oOjZCVzVWbklmbE9BYWE5TE44TWlaU3c%7C%7C?hl=en,2025-10-23T06:50:27Z,"Sonauli, Goa 403410, India (15.314438, 74.314307)",Google Maps (user review),"Reviewer reported extreme crowding, long wait times in the sun, and arguments involving police and angry crowds.",Dudhsagar Falls,Dudhsagar Waterfalls,Street-Crime and High-Risk,OTHER,15.3144375,74.3143073,"Sonauli, Goa 403410, India",Sonauli,"Complete lack of management,the line for tickets is not even long but still took 4 hours just to get tickets which is the process before even entering the jeep to the waterfall it is extremely crowded even on a weekday. Wished to get tickets before but the online website doesn't even let you book the tickets online. The only method of entry is through the 4 hour line in the hot sun. The management is so poor that even the local police officials are facing the angry crowds shouting and arguments. The ridiculous wait time required seating area for the rest of the people there to visit but the sheer number of people crowded over by the waiting did not even leave areas to wait and sit down people had to sit on the footpaths causing even more crowding",1,-0.85,2,0.9,USER_REPORTED,REVIEW,INC-43d8d9b8ef62444b,ChIJQ4srFBimvzsRJQI7KOdIlP0,https://www.google.com/maps/search/?api=1&query=Dudhsagar%20Falls&query_place_id=ChIJQ4srFBimvzsRJQI7KOdIlP0,Ci9DQUlRQUNvZENodHljRjlvT2paQ1Z6Vldia2xtYkU5QllXRTVURTQ0VFdsYVUzYxAB,ANAKIN_AI,d22512fc9ccf41391d64c05c1f0307fdf480f8e683feda85ff76fc1be726918f,2026-09-26T10:02:11.609Z,29,10,5,1,1,0,0,11,1,Unsafe area,2,70,70,incident
Stranded outside property at night in rain,Unsafe area,https://www.google.com/maps/reviews/data=!4m8!14m7!1m6!2m5!1sCi9DQUlRQUNvZENodHljRjlvT21Fd1JIVk9YMnROT1hCMVZGbHJUelYyWlVwdFRVRRAB!2m1!1s0x0:0x200ad6639b6bb353!3m1!1s2@1:CAIQACodChtycF9oOmEwRHVOX2tNOXB1VFlrTzV2ZUptTUE%7C%7C?hl=en,2025-08-19T11:04:54Z,"Kulem Station FOB, Kolem, Goa 403410, India (15.336353, 74.244316)",Google Maps (user review),Reviewer stated they were stranded on the road at 2 AM in heavy rain after the property denied their room.,Official Dudhsagar Waterfalls Booking,Dudhsagar Waterfalls,Street-Crime and High-Risk,UNSAFE_AT_NIGHT,15.3363533,74.244316,"Kulem Station FOB, Kolem, Goa 403410, India",Kolem,Worst experience i traveled from pune and when i reach at the stay property they denied to give room now i was helpless standing on road at 2 am when it was heavily raining don’t trust this guy don’t book with this particular guy altho trek was good we went by hiring local guide and paid forest entry fees don’t trust this fellow,1,-0.95,4,0.95,USER_REPORTED,REVIEW,INC-81eedf630ea50b90,ChIJA1ETXxQHvzsRU7Nrm2PWCiA,https://www.google.com/maps/search/?api=1&query=Official%20Dudhsagar%20Waterfalls%20Booking&query_place_id=ChIJA1ETXxQHvzsRU7Nrm2PWCiA,Ci9DQUlRQUNvZENodHljRjlvT21Fd1JIVk9YMnROT1hCMVZGbHJUelYyWlVwdFRVRRAB,ANAKIN_AI,d7cd55caf787e8486c4d8bc5cba9d1c3ef0114944e6182fb11de9420d4e2f248,2026-09-26T10:02:11.609Z,29,10,5,1,1,0,0,11,1,Unsafe area,2,70,70,incident
Lack of safety swimmers and deep water risks,Unsafe area,https://www.google.com/maps/reviews/data=!4m8!14m7!1m6!2m5!1sChdDSUhNMG9nS0VKM3J4dnVFNHZuTm1BRRAB!2m1!1s0x0:0x200ad6639b6bb353!3m1!1s2@1:CIHM0ogKEJ3rxvuE4vnNmAE%7C%7C?hl=en,2025-06-01T16:08:45Z,"Kulem Station FOB, Kolem, Goa 403410, India (15.336353, 74.244316)",Google Maps (user review),"Reviewer reported deep water with no lifeguards or safety swimmers, making it unsafe.",Official Dudhsagar Waterfalls Booking,Dudhsagar Waterfalls,Street-Crime and High-Risk,ISOLATED_AREA,15.3363533,74.244316,"Kulem Station FOB, Kolem, Goa 403410, India",Kolem,Dudhsagar is not well because per person is 1500 and you can't enjoy it dhudhsagar management don't give time to enjoy to have fun. It is very deep  if you go without any experience of swimming your money is waste for dudhsagar tour. They misbehave with us all management. There is no facility for us. If a person sank in water so there are no swimmers which help us. If have to go so go on your risk. It is not safe for us. They give 90 minutes (1.5 hour).The dudhsagar management have to keep atleast 2 swimmers to help us. There is no facility,1,-0.85,3,0.9,USER_REPORTED,REVIEW,INC-5b34f40578194314,ChIJA1ETXxQHvzsRU7Nrm2PWCiA,https://www.google.com/maps/search/?api=1&query=Official%20Dudhsagar%20Waterfalls%20Booking&query_place_id=ChIJA1ETXxQHvzsRU7Nrm2PWCiA,ChdDSUhNMG9nS0VKM3J4dnVFNHZuTm1BRRAB,ANAKIN_AI,27488fd5ab9a36785b559e6a1a526960a33672494257dab61e98e9fde1819037,2026-09-26T10:02:11.609Z,29,10,5,1,1,0,0,11,1,Unsafe area,2,70,70,incident
Chaos and safety concerns at waterfalls,Unsafe area,https://www.google.com/maps/reviews/data=!4m8!14m7!1m6!2m5!1sChdDSUhNMG9nS0VLejR2N2VUaXVXSDRRRRAB!2m1!1s0x0:0x200ad6639b6bb353!3m1!1s2@1:CIHM0ogKEKz4v7eTiuWH4QE%7C%7C?hl=en,2025-05-06T14:08:46Z,"Kulem Station FOB, Kolem, Goa 403410, India (15.336353, 74.244316)",Google Maps (user review),"Reviewer reported chaos, physical scuffles between visitors, and safety risks at the location.",Official Dudhsagar Waterfalls Booking,Dudhsagar Waterfalls,Street-Crime and High-Risk,OTHER,15.3363533,74.244316,"Kulem Station FOB, Kolem, Goa 403410, India",Kolem,"Confusion, chaos and no clarity. You need to buy a booking online by paying 200 pdf rupees per person. Then the crap part a full jeep is 3920rs. Fixed. 7 people. We were 4 and booked a full jeep. We reached the falls. One andra lady pushed another lady for space and we had a brief ladies mma. I intervened. Then a white couple with a child were sunbathing and a few visitors were fixed on her. Soon after 30 mins came the piglets 30 of them and we got off the water. We saw a train pass by. Its risky and having a life jacket is mandatory. Guys don't go here. Its neither class not safe. Waste of time and energy",1,-0.8,2,0.9,USER_REPORTED,REVIEW,INC-213e2eda662dd1d9,ChIJA1ETXxQHvzsRU7Nrm2PWCiA,https://www.google.com/maps/search/?api=1&query=Official%20Dudhsagar%20Waterfalls%20Booking&query_place_id=ChIJA1ETXxQHvzsRU7Nrm2PWCiA,ChdDSUhNMG9nS0VLejR2N2VUaXVXSDRRRRAB,ANAKIN_AI,eaef7d24a393c46d1f061ad549612b0b0788cdcb8b0df289d4e3a19363589ecf,2026-09-26T10:02:11.609Z,29,10,5,1,1,0,0,11,1,Unsafe area,2,70,70,incident
Aggressive monkeys and no lifeguards,Unsafe area,https://www.google.com/maps/reviews/data=!4m8!14m7!1m6!2m5!1sChdDSUhNMG9nS0VJQ0FnTUNBMDhXYTZBRRAB!2m1!1s0x0:0xfd9448e7283b0225!3m1!1s2@1:CIHM0ogKEICAgMCA08Wa6AE%7C%7C?hl=en,2025-02-04T01:43:37Z,"Sonauli, Goa 403410, India (15.314438, 74.314307)",Google Maps (user review),Reviewer reports aggressive monkeys opening bags and deep water with no lifeguards available.,Dudhsagar Falls,Dudhsagar Waterfalls,Street-Crime and High-Risk,OTHER,15.3144375,74.3143073,"Sonauli, Goa 403410, India",Sonauli,There are soo many horrible monkeys here. They will open your bag chain and take all the things out in search of eatables they take my baby’s diapers too. Water is soo deep and no life guard available. They have their union you have to pay around 900 per person to reach their just to see a small fall. I went in feb beginning waterfall on that much big don’t know about other months but not an all worthy. They will make your car park near ticket counter and parking charge 150 Rs. then 1 hour journey is there full or muddy road with is dusty. Horrible,1,-0.9,3,0.95,USER_REPORTED,REVIEW,INC-588d1be29bcdb3b8,ChIJQ4srFBimvzsRJQI7KOdIlP0,https://www.google.com/maps/search/?api=1&query=Dudhsagar%20Falls&query_place_id=ChIJQ4srFBimvzsRJQI7KOdIlP0,ChdDSUhNMG9nS0VJQ0FnTUNBMDhXYTZBRRAB,ANAKIN_AI,d4b3656548621be9fcdc00fe9a2976d5c4e69a20b31de1d064242ee8f5f166da,2026-09-26T10:02:11.609Z,29,10,5,1,1,0,0,11,1,Unsafe area,2,70,70,incident
Water snake in pond,Unsafe area,https://www.google.com/maps/reviews/data=!4m8!14m7!1m6!2m5!1sChdDSUhNMG9nS0VJQ0FnSURmeU9ubWlRRRAB!2m1!1s0x0:0xfd9448e7283b0225!3m1!1s2@1:CIHM0ogKEICAgIDfyOnmiQE%7C%7C?hl=en,2025-01-03T16:29:25Z,"Sonauli, Goa 403410, India (15.314438, 74.314307)",Google Maps (user review),Reviewer saw a water snake in the pond making it dangerous to swim.,Dudhsagar Falls,Dudhsagar Waterfalls,Street-Crime and High-Risk,OTHER,15.3144375,74.3143073,"Sonauli, Goa 403410, India",Sonauli,"Total waste of money and 1 day of your expensive Goa trip. It takes almost 2 hrs from Panaji to reach at Molem village where you have to stand in line for 2 hrs to get tickets-850/person which i dont feel worthy. You have to go through 3 channel to get final go for 11km rough and tiring journey in Govt authorised local old Sumo and Boleros.After reaching at main point,I feel that waterfalls in Amboli ghats are much much better than DudhSagar. Please dont waste your precious money and time. Also I saw one water snake
in pond which makes it dangerous to swim. Outside pond area is very dirty and stinking due to Monkey stool, under-wears and Child napkins.",1,-0.8,2,0.9,USER_REPORTED,REVIEW,INC-35af09d7fd3e42db,ChIJQ4srFBimvzsRJQI7KOdIlP0,https://www.google.com/maps/search/?api=1&query=Dudhsagar%20Falls&query_place_id=ChIJQ4srFBimvzsRJQI7KOdIlP0,ChdDSUhNMG9nS0VJQ0FnSURmeU9ubWlRRRAB,ANAKIN_AI,8feee29d7c685cc2274639134dd07f045a4f95e6f1ed49d212efe55f7c42e47f,2026-09-26T10:02:11.609Z,29,10,5,1,1,0,0,11,1,Unsafe area,2,70,70,incident
Dangerous safety aspects reported,Unsafe area,https://www.google.com/maps/reviews/data=!4m8!14m7!1m6!2m5!1sChdDSUhNMG9nS0VJQ0FnSURWN09DdDNRRRAB!2m1!1s0x0:0xfd9448e7283b0225!3m1!1s2@1:CIHM0ogKEICAgIDV7OCt3QE%7C%7C?hl=en,2023-12-11T12:51:49Z,"Sonauli, Goa 403410, India (15.314438, 74.314307)",Google Maps (user review),Reviewer stated that the location has a very dangerous aspect of safety.,Dudhsagar Falls,Dudhsagar Waterfalls,Street-Crime and High-Risk,OTHER,15.3144375,74.3143073,"Sonauli, Goa 403410, India",Sonauli,"Waste your time
Waste your money
Location very dangerous aspect of safety
Hard rock
Don't Go",1,-0.9,3,0.85,PERCEPTION,REVIEW,INC-2e08a8037a12b706,ChIJQ4srFBimvzsRJQI7KOdIlP0,https://www.google.com/maps/search/?api=1&query=Dudhsagar%20Falls&query_place_id=ChIJQ4srFBimvzsRJQI7KOdIlP0,ChdDSUhNMG9nS0VJQ0FnSURWN09DdDNRRRAB,ANAKIN_AI,5d3f9dca168c3c3bce12458d217e3fcf11723d3e977b5f84c9161f61313c724e,2026-09-26T10:02:11.609Z,29,10,5,1,1,0,0,11,1,Unsafe area,2,70,70,incident
Dangerous deep water area,Unsafe area,https://www.google.com/maps/reviews/data=!4m8!14m7!1m6!2m5!1sChdDSUhNMG9nS0VJQ0FnSURtamF1dnVRRRAB!2m1!1s0x0:0xfd9448e7283b0225!3m1!1s2@1:CIHM0ogKEICAgIDmjauvuQE%7C%7C?hl=en,2022-02-05T12:04:22Z,"Sonauli, Goa 403410, India (15.314438, 74.314307)",Google Maps (user review),Reviewer feels the deep water area without ground support is dangerous for children and women.,Dudhsagar Falls,Dudhsagar Waterfalls,Street-Crime and High-Risk,ISOLATED_AREA,15.3144375,74.3143073,"Sonauli, Goa 403410, India",Sonauli,It's a place where you can feel the worst worst class road of jungle safari about 10 km then after when you will @dudh Sagar you will fell it's too dengerous becouse of its depth 20 ft without any ground support it's not good specially for child and women's as well if you have extra time to spend then only think about to come here else north and south goa has too many places to visit and enjoy .,1,-0.9,2,0.9,PERCEPTION,REVIEW,INC-b8a24b51336e11d1,ChIJQ4srFBimvzsRJQI7KOdIlP0,https://www.google.com/maps/search/?api=1&query=Dudhsagar%20Falls&query_place_id=ChIJQ4srFBimvzsRJQI7KOdIlP0,ChdDSUhNMG9nS0VJQ0FnSURtamF1dnVRRRAB,ANAKIN_AI,6283b250acceb6f4b6d19ed9f4ff3f09cb51be604d750d1e04b3f309d4179e6a,2026-09-26T10:02:11.609Z,29,10,5,1,1,0,0,11,1,Unsafe area,2,70,70,incident
Food poisoning from airport restaurant,Accident,https://www.google.com/maps/reviews/data=!4m8!14m7!1m6!2m5!1sCi9DQUlRQUNvZENodHljRjlvT2t4emQxUkhkbXhQV21NMWFWSkpSbVptUldsVWNGRRAB!2m1!1s0x0:0xb7d429222d347557!3m1!1s2@1:CAIQACodChtycF9oOkxzd1RHdmxPWmM1aVJJRmZmRWlUcFE%7C%7C?hl=en,2026-02-16T17:14:57Z,"Airport Rd, Dabolim, Goa 403801, India (15.380496, 73.833165)",Google Maps (user review),Reviewer reported contracting food poisoning after eating at a restaurant inside the airport.,Goa Dabolim International Airport,Goa International Airport Dabolim,Scam and Tourist Trap,OTHER,15.3804965,73.8331652,"Airport Rd, Dabolim, Goa 403801, India",Dabolim,"Really disappointed with our experience at Goa Dabolim International Airport yesterday. The toilets were extremely dirty and poorly maintained — not what you expect from an international airport.

Worse, three of us who ate at Kailash Parbat ended up with food poisoning. We’ve been vomiting and dealing with severe stomach issues since. It completely ruined the end of our trip.

Cleanliness and food safety should be basic standards. This needs serious attention.",1,-0.9,2,0.95,USER_REPORTED,REVIEW,INC-ac13629d83610647,ChIJTfgMjPrHvzsRV3U0LSIp1Lc,https://www.google.com/maps/search/?api=1&query=Goa%20Dabolim%20International%20Airport&query_place_id=ChIJTfgMjPrHvzsRV3U0LSIp1Lc,Ci9DQUlRQUNvZENodHljRjlvT2t4emQxUkhkbXhQV21NMWFWSkpSbVptUldsVWNGRRAB,ANAKIN_AI,cd9ce5a28479429ab71a3ccc5396c8120b38dd9f96ca68f2dea85586099710b5,2026-09-26T10:02:11.609Z,4,0,1,0,1,1,0,0,1,Fraud,1,35,35,incident
Overcharged prices at airport,Fraud,https://www.google.com/maps/reviews/data=!4m8!14m7!1m6!2m5!1sChdDSUhNMG9nS0VJQ0FnSURBM0lpazhnRRAB!2m1!1s0x0:0xb7d429222d347557!3m1!1s2@1:CIHM0ogKEICAgIDA3Iik8gE%7C%7C?hl=en,2018-08-26T07:35:18Z,"Airport Rd, Dabolim, Goa 403801, India (15.380496, 73.833165)",Google Maps (user review),Reviewer stated that water bottles and products are sold at overcharged prices.,Goa Dabolim International Airport,Goa International Airport Dabolim,Scam and Tourist Trap,OVERCHARGING,15.3804965,73.8331652,"Airport Rd, Dabolim, Goa 403801, India",Dabolim,"This is the worst ever airport i have ever visited in my life. No minimum facilities as provided in other airports. Even after SC judgements water bottles are not available to MRP. Inferior quality products at overcharged prices. Will not going to visit goa, if govt doesnt do something to promote goa tourism",1,-0.9,1,0.85,USER_REPORTED,REVIEW,INC-47ae66c907c92a9d,ChIJTfgMjPrHvzsRV3U0LSIp1Lc,https://www.google.com/maps/search/?api=1&query=Goa%20Dabolim%20International%20Airport&query_place_id=ChIJTfgMjPrHvzsRV3U0LSIp1Lc,ChdDSUhNMG9nS0VJQ0FnSURBM0lpazhnRRAB,ANAKIN_AI,9f3f5495a16774ffb9f8dee8f3ab35822b300305fcfbb63dff2aeb46227a7dd7,2026-09-26T10:02:11.609Z,4,0,1,0,1,1,0,0,1,Fraud,1,35,35,incident
Alleged harassment and mismanagement,Harassment,https://www.google.com/maps/reviews/data=!4m8!14m7!1m6!2m5!1sCi9DQUlRQUNvZENodHljRjlvT210d1lsRm5jMkZHTUVwbVYzVjZTM3B4U1VaaGEyYxAB!2m1!1s0x0:0xb7d429222d347557!3m1!1s2@1:CAIQACodChtycF9oOmtwYlFnc2FGMEpmV3V6S3pxSUZha2c%7C%7C?hl=en,2026-02-28T08:42:45Z,"Airport Rd, Dabolim, Goa 403801, India (15.380496, 73.833165)",Google Maps (user review),Reviewer alleged that airport staff and police deliberately harass passengers and mismanage procedures.,Goa Dabolim International Airport,Goa International Airport Dabolim,Scam and Tourist Trap,HARASSMENT,15.3804965,73.8331652,"Airport Rd, Dabolim, Goa 403801, India",Dabolim,"The worst airport in India. Deliberately and intentionally harrasses passengers. They feel good by harrasing. people, a guy was about to miss his flight due to the police's mismanagement. They are slow, lazy and unwilling to work. Without any reason kept our luggages for 40 mins. The lounge girls denied the access whereas it was clearly showing we had access. Super pathetic airport. Would never imagine this mess. Will never visit again. People are unsupportive and worst.",1,-0.95,2,0.85,USER_ALLEGATION,REVIEW,INC-49ecaf6e5c29f724,ChIJTfgMjPrHvzsRV3U0LSIp1Lc,https://www.google.com/maps/search/?api=1&query=Goa%20Dabolim%20International%20Airport&query_place_id=ChIJTfgMjPrHvzsRV3U0LSIp1Lc,Ci9DQUlRQUNvZENodHljRjlvT210d1lsRm5jMkZHTUVwbVYzVjZTM3B4U1VaaGEyYxAB,ANAKIN_AI,8adb1cc066c001761b86542e932face5731904ef25b87d740d79530ddd0bbd24,2026-09-26T10:02:11.609Z,4,0,1,0,1,1,0,0,1,Fraud,1,35,35,incident
Forced to walk on dangerous road,Infrastructure hazard,https://www.google.com/maps/reviews/data=!4m8!14m7!1m6!2m5!1sCi9DQUlRQUNvZENodHljRjlvT210MFVqQmhjbmxXTlV0cWMxTTNiMUppVGs1QlZtYxAB!2m1!1s0x0:0xb7d429222d347557!3m1!1s2@1:CAIQACodChtycF9oOmt0UjBhcnlWNUtqc1M3b1JiTk5BVmc%7C%7C?hl=en,2026-05-20T06:09:32Z,"Airport Rd, Dabolim, Goa 403801, India (15.380496, 73.833165)",Google Maps (user review),"Reviewer stated that rental cars are not allowed, forcing passengers to walk on a dangerous road.",Goa Dabolim International Airport,Goa International Airport Dabolim,Scam and Tourist Trap,BROKEN_ROAD,15.3804965,73.8331652,"Airport Rd, Dabolim, Goa 403801, India",Dabolim,"No infant queue any where. Too much time on security checking for everyone  because of outdated machines. Food prices like vietnam airport, inr 600 for a dosa and 700 for a nominal thali and that too is not available. Food quality below average. No airport buggy carts for needy or atleast not visible.
Rental cars not allowed focing passengers to walk on road which is  very dangerous. no trolley allowed till rental car. overall a pathetic airport",1,-0.9,2,0.9,USER_REPORTED,REVIEW,INC-1199e2749045000f,ChIJTfgMjPrHvzsRV3U0LSIp1Lc,https://www.google.com/maps/search/?api=1&query=Goa%20Dabolim%20International%20Airport&query_place_id=ChIJTfgMjPrHvzsRV3U0LSIp1Lc,Ci9DQUlRQUNvZENodHljRjlvT210MFVqQmhjbmxXTlV0cWMxTTNiMUppVGs1QlZtYxAB,ANAKIN_AI,69855669809c4b3ef1717d8cb174ffa55e94371da7589df1835d7dda9a3afcdd,2026-09-26T10:02:11.609Z,4,0,1,0,1,1,0,0,1,Fraud,1,35,35,incident
Theft of Money and Cards,Crime,https://www.google.com/maps/reviews/data=!4m8!14m7!1m6!2m5!1sChdDSUhNMG9nS0VJQ0FnSUM0N2U3TDZRRRAB!2m1!1s0x0:0x422ad8561a0185e0!3m1!1s2@1:CIHM0ogKEICAgIC47e7L6QE%7C%7C?hl=en,2019-06-11T09:16:40Z,"Bus Stand, Patto Centre, Panaji, Goa 403001, India (15.495510, 73.836901)",Google Maps (user review),"Reviewer reported losing money, ATM cards, and ID cards at the location with no CCTV or help available.",Kadamba Transport Corp.,Kadamba Bus Stand Panaji,Street-Crime and High-Risk,THEFT,15.4955103,73.8369012,"Bus Stand, Patto Centre, Panaji, Goa 403001, India",Panaji,"I have lost my money, ATM cards and ID card over here.
No cctv available
No one there to help
All are on there own business",1,-0.9,3,0.95,USER_REPORTED,REVIEW,INC-0c0b290ccf04ade3,ChIJOR0oaIPAvzsR4IUBGlbYKkI,https://www.google.com/maps/search/?api=1&query=Kadamba%20Transport%20Corp.&query_place_id=ChIJOR0oaIPAvzsR4IUBGlbYKkI,ChdDSUhNMG9nS0VJQ0FnSUM0N2U3TDZRRRAB,ANAKIN_AI,f75696423b781cc5a20386c3c5bd4287c1688d7143cecc5591d7394ac2f722d0,2026-09-26T10:02:11.609Z,2,0,1,1,0,0,0,0,0,Fraud,1,35,30,incident
Forced to Pay Twice for Tickets,Fraud,https://www.google.com/maps/reviews/data=!4m8!14m7!1m6!2m5!1sChZDSUhNMG9nS0VJQ0FnSURldF8tMlJREAE!2m1!1s0x0:0x422ad8561a0185e0!3m1!1s2@1:CIHM0ogKEICAgIDet_-2RQ%7C%7C?hl=en,2022-10-22T06:20:48Z,"Bus Stand, Patto Centre, Panaji, Goa 403001, India (15.495510, 73.836901)",Google Maps (user review),"Reviewer reported being forced to buy a new ticket twice due to crowding and staff behavior, which they described as looting tourists.",Kadamba Transport Corp.,Kadamba Bus Stand Panaji,Street-Crime and High-Risk,OVERCHARGING,15.4955103,73.8369012,"Bus Stand, Patto Centre, Panaji, Goa 403001, India",Panaji,"Negative rating should be allowed by Google. I have purchased ticket, the bus is so crowded and they didn't allowed to travel in next bus. Staff rude behaviour to purchase new ticket for next bus. Twice I bought due to this irresponsible behaviour.  There is notice which is very small no tourist can notice. Looting tourists like anything.",1,-0.9,2,0.9,USER_REPORTED,REVIEW,INC-9645963069e9c8c1,ChIJOR0oaIPAvzsR4IUBGlbYKkI,https://www.google.com/maps/search/?api=1&query=Kadamba%20Transport%20Corp.&query_place_id=ChIJOR0oaIPAvzsR4IUBGlbYKkI,ChZDSUhNMG9nS0VJQ0FnSURldF8tMlJREAE,ANAKIN_AI,3e1cfb1fb27db1eb319137fc07b0768c29f0a277bfaee57c14dc2ac5014f91a6,2026-09-26T10:02:11.609Z,2,0,1,1,0,0,0,0,0,Fraud,1,35,30,incident
Aggressive taxi drivers threatening physical harm,Crime,https://www.google.com/maps/reviews/data=!4m8!14m7!1m6!2m5!1sCi9DQUlRQUNvZENodHljRjlvT25WU01GOVdXalJzWVc1clZWQnNaVTV2UlVaWVMxRRAB!2m1!1s0x0:0x439939b319ebbf40!3m1!1s2@1:CAIQACodChtycF9oOnVSMF9WWjRsYW5rVVBsZU5vRUZYS1E%7C%7C?hl=en,2025-11-17T04:52:29Z,"7X8C+W8H, Sanscar Society, Margao, Goa 403601, India (15.267323, 73.970873)",Google Maps (user review),Reviewer stated that taxi drivers outside are aggressive and will hit individuals who do not share their whereabouts.,Madgaon Railway Station,Madgaon Railway Station,Street-Crime and High-Risk,ASSAULT,15.2673231,73.9708732,"7X8C+W8H, Sanscar Society, Margao, Goa 403601, India",Margao,"Taxi Drivers waiting outside are gundas/Rowdys. They wont just ask you if you want taxi, they want to know all you’re whereabouts like where you’re going. If you don’t say they will hit you. Become very aggressive.
Not at all safe for students, tourists, families, kids etc.
I visited for a Nullcon cybersecurity conference there.
Beware. Try to not take Taxi or Auto from the stand for your own safety, if possible try to take bus.",1,-0.9,4,0.95,USER_REPORTED,REVIEW,INC-47a8c209e6ad3d36,ChIJ3f0fmvmzvzsRQL_rGbM5mUM,https://www.google.com/maps/search/?api=1&query=Madgaon%20Railway%20Station&query_place_id=ChIJ3f0fmvmzvzsRQL_rGbM5mUM,Ci9DQUlRQUNvZENodHljRjlvT25WU01GOVdXalJzWVc1clZWQnNaVTV2UlVaWVMxRRAB,ANAKIN_AI,5536c53130a986bbc6af9aa019e6cf1a8bf0da6a25176ee2762e1e9deb8ee4b4,2026-09-26T10:02:11.609Z,17,3,4,2,2,0,1,3,2,Fraud,2,70,70,incident
Warning against taxi mafia and overcharging,Crime,https://www.google.com/maps/reviews/data=!4m8!14m7!1m6!2m5!1sCi9DQUlRQUNvZENodHljRjlvT21JelYxOVNPQzFKZUdGb1psaDNXRWs1UlhCdk1GRRAB!2m1!1s0x0:0x439939b319ebbf40!3m1!1s2@1:CAIQACodChtycF9oOmIzV19SOC1JeGFoZlh3WEk5RXBvMFE%7C%7C?hl=en,2025-10-12T07:11:49Z,"7X8C+W8H, Sanscar Society, Margao, Goa 403601, India (15.267323, 73.970873)",Google Maps (user review),Reviewer alleges that taxi mafia practices amount to daylight robbery outside the station.,Madgaon Railway Station,Madgaon Railway Station,Street-Crime and High-Risk,OTHER_CRIME,15.2673231,73.9708732,"7X8C+W8H, Sanscar Society, Margao, Goa 403601, India",Margao,One of the worst railway station and its announcement. Only platform 1 is having convenience rest all are waste. I  don't know how KONKAN railway didn't develop this at earliest. It's having two entry and exit side. Entry from city side  is spacious and police is there. Bike and car rentals are available just outside station. Metered taxi is also available. Don't fall for taxi mafia okay. Goa has changed. It's a daylight robbery now. Untidy space outside Platform 1. People will sleep alongside many platforms. Plenty of bike and car parking is available.,1,-0.7,2,0.85,USER_ALLEGATION,REVIEW,INC-7f6795ed1c552409,ChIJ3f0fmvmzvzsRQL_rGbM5mUM,https://www.google.com/maps/search/?api=1&query=Madgaon%20Railway%20Station&query_place_id=ChIJ3f0fmvmzvzsRQL_rGbM5mUM,Ci9DQUlRQUNvZENodHljRjlvT21JelYxOVNPQzFKZUdGb1psaDNXRWs1UlhCdk1GRRAB,ANAKIN_AI,0fc3184159f7a3b52fe20103caf8be28e0ede8e267c97bbf21afe95f6fc55288,2026-09-26T10:02:11.609Z,17,3,4,2,2,0,1,3,2,Fraud,2,70,70,incident
Alleged scam charges for station toilets,Fraud,https://www.google.com/maps/reviews/data=!4m8!14m7!1m6!2m5!1sCi9DQUlRQUNvZENodHljRjlvT213eWFHTXpUazl1VGtFMFgyazFWM1ZJVTNWVE5HYxAB!2m1!1s0x0:0x439939b319ebbf40!3m1!1s2@1:CAIQACodChtycF9oOmwyaGMzTk9uTkE0X2k1V3VIU3VTNGc%7C%7C?hl=en,2026-05-07T13:37:22Z,"7X8C+W8H, Sanscar Society, Margao, Goa 403601, India (15.267323, 73.970873)",Google Maps (user review),Reviewer alleges a scam involving charges for using toilets in the normal waiting hall.,Madgaon Railway Station,Madgaon Railway Station,Street-Crime and High-Risk,OVERCHARGING,15.2673231,73.9708732,"7X8C+W8H, Sanscar Society, Margao, Goa 403601, India",Margao,The station is utter chaos. No AC waiting room for members with ac tickets. Only paid ac waiting rooms. Charges for going to the toilet in normal waiting hall? Totally a scam running at the busiest station.,1,-0.7,1,0.8,USER_ALLEGATION,REVIEW,INC-7de7753082f3c1b0,ChIJ3f0fmvmzvzsRQL_rGbM5mUM,https://www.google.com/maps/search/?api=1&query=Madgaon%20Railway%20Station&query_place_id=ChIJ3f0fmvmzvzsRQL_rGbM5mUM,Ci9DQUlRQUNvZENodHljRjlvT213eWFHTXpUazl1VGtFMFgyazFWM1ZJVTNWVE5HYxAB,ANAKIN_AI,6c773d73f124df3c61772c1795ee50c8b5c42b5bc3efe6c884baa2a490708137,2026-09-26T10:02:11.609Z,17,3,4,2,2,0,1,3,2,Fraud,2,70,70,incident
Overpriced food and taxi services,Fraud,https://www.google.com/maps/reviews/data=!4m8!14m7!1m6!2m5!1sCi9DQUlRQUNvZENodHljRjlvT21SUlFrNDFWbTlXVTNKV2FXdFpjemMwUjJGelVXYxAB!2m1!1s0x0:0x439939b319ebbf40!3m1!1s2@1:CAIQACodChtycF9oOmRRQk41Vm9WU3JWaWtZczc0R2FzUWc%7C%7C?hl=en,2025-09-15T00:10:27Z,"7X8C+W8H, Sanscar Society, Margao, Goa 403601, India (15.267323, 73.970873)",Google Maps (user review),"Reviewer reported that food, cafeteria, and taxi services are overpriced and not transparent.",Madgaon Railway Station,Madgaon Railway Station,Street-Crime and High-Risk,OVERCHARGING,15.2673231,73.9708732,"7X8C+W8H, Sanscar Society, Margao, Goa 403601, India",Margao,"This junction looks okay for relaxation, but overall very disappointing. Washrooms are not clean and feel like a money-making setup. Food and cafeteria charge double for just average quality. No public Wi-Fi, which makes waiting for trains boring. Even taxi services here are overpriced and not transparent, so you need to be very careful. Feels like everything is money-minded instead of passenger-friendly. Definitely needs better management, fair pricing, and proper facilities for travelers.",1,-0.6,2,0.85,USER_REPORTED,REVIEW,INC-9d4e36fae54534fa,ChIJ3f0fmvmzvzsRQL_rGbM5mUM,https://www.google.com/maps/search/?api=1&query=Madgaon%20Railway%20Station&query_place_id=ChIJ3f0fmvmzvzsRQL_rGbM5mUM,Ci9DQUlRQUNvZENodHljRjlvT21SUlFrNDFWbTlXVTNKV2FXdFpjemMwUjJGelVXYxAB,ANAKIN_AI,7756379f9756ac3ba7c25cddb105a5677e897cc448862ee0868b24d320980596,2026-09-26T10:02:11.609Z,17,3,4,2,2,0,1,3,2,Fraud,2,70,70,incident
Prepaid taxi counter overcharging tourists,Fraud,https://www.google.com/maps/reviews/data=!4m8!14m7!1m6!2m5!1sChRDSUhNMG9nS0VJQ0FnTURnLVBNdxAB!2m1!1s0x0:0x439939b319ebbf40!3m1!1s2@1:CIHM0ogKEICAgMDg-PMw%7C%7C?hl=en,2025-02-22T12:55:12Z,"7X8C+W8H, Sanscar Society, Margao, Goa 403601, India (15.267323, 73.970873)",Google Maps (user review),Reviewer reported that the prepaid taxi counter overcharged for a trip to Panaji compared to independent taxi drivers.,Madgaon Railway Station,Madgaon Railway Station,Street-Crime and High-Risk,OVERCHARGING,15.2673231,73.9708732,"7X8C+W8H, Sanscar Society, Margao, Goa 403601, India",Margao,"Most crowded and important railway station in Goa. Starting pont of exploitation of tourists starts at here. Prepaid taxy counter operating at this station asked me to pay 1800 till Panaji. But taxy person available at station agreed rs. 1400 till panaji. Police/ RPF persons checkiing of bags at station platform for liquor is sometimes feels awkward and harrasing or insult. They have to review this policy seriously.
Instead they ( police/rpf) has to take care of stray dogs at platforms.",1,-0.7,2,0.9,USER_REPORTED,REVIEW,INC-be518b814e4b6b3e,ChIJ3f0fmvmzvzsRQL_rGbM5mUM,https://www.google.com/maps/search/?api=1&query=Madgaon%20Railway%20Station&query_place_id=ChIJ3f0fmvmzvzsRQL_rGbM5mUM,ChRDSUhNMG9nS0VJQ0FnTURnLVBNdxAB,ANAKIN_AI,3af5cf6fd9cf5e3e34fa564213ada646cf7112b9fda019c98a84aa0eaee71e31,2026-09-26T10:02:11.609Z,17,3,4,2,2,0,1,3,2,Fraud,2,70,70,incident
Car Rental Extortion and Extra Charges,Fraud,https://www.google.com/maps/reviews/data=!4m8!14m7!1m6!2m5!1sChZDSUhNMG9nS0VJQ0FnSURzb01xM1R3EAE!2m1!1s0x0:0xa250076c196fb63!3m1!1s2@1:CIHM0ogKEICAgIDsoMq3Tw%7C%7C?hl=en,2020-02-20T14:02:28Z,"Sanscar Society, Margao, Goa 403601, India (15.267677, 73.970794)",Google Maps (user review),Reviewer claims a car rental service outside the station demanded an extra 4000 rupees upon return after taking full payment and security deposit.,Madgaon Junction,Madgaon Railway Station,Street-Crime and High-Risk,OVERCHARGING,15.2676769,73.9707938,"Sanscar Society, Margao, Goa 403601, India",Margao,"Actually this is not about railway station,but about gangster car rentals outside the station we took a swift fire from rental named hkgn Car and bike rentals  3000 security deposit and full amount paid for 4 days
And the story begins after we reached back at station where they demanded 4000 rs extra and they are like absolute gundas don't go with this anytime when ur in goa",1,-0.95,3,0.95,USER_REPORTED,REVIEW,INC-4c0276f291d01a81,ChIJLxU338ezvzsRY_uWwXYAJQo,https://www.google.com/maps/search/?api=1&query=Madgaon%20Junction&query_place_id=ChIJLxU338ezvzsRY_uWwXYAJQo,ChZDSUhNMG9nS0VJQ0FnSURzb01xM1R3EAE,ANAKIN_AI,c7f0758f8a3d1421cef8295f3be25a84d47320b63a2a43dab58f509a967f4b8a,2026-09-26T10:02:11.609Z,17,3,4,2,2,0,1,3,2,Fraud,2,70,70,incident
Taxi drivers harassing incoming travelers,Harassment,https://www.google.com/maps/reviews/data=!4m8!14m7!1m6!2m5!1sCi9DQUlRQUNvZENodHljRjlvT2psS1kzZEVOR0ptVG10c2FVWjRORTVIVVUwMlUzYxAB!2m1!1s0x0:0x439939b319ebbf40!3m1!1s2@1:CAIQACodChtycF9oOjlKY3dENGJmTmtsaUZ4NE5HUU02U3c%7C%7C?hl=en,2026-02-12T13:38:56Z,"7X8C+W8H, Sanscar Society, Margao, Goa 403601, India (15.267323, 73.970873)",Google Maps (user review),"Reviewer reports being harassed, shouted at, and aggressively targeted by taxi drivers at the station entrance.",Madgaon Railway Station,Madgaon Railway Station,Street-Crime and High-Risk,HARASSMENT,15.2673231,73.9708732,"7X8C+W8H, Sanscar Society, Margao, Goa 403601, India",Margao,"The main railway station of Goa!! No cleanliness & beggars roaming around!! Goons like taxi people standing at the entrance harrassing each person entering Goa!! Repeatedly asking where u stay, how u r going!! Even if we tell them that we have our private arrangement of pickup then shouting and arguing of not taking their service. Felt very very bad!! Not much of RPF or Goa tourism authorities interfering in such matters!!",1,-0.9,3,0.95,USER_REPORTED,REVIEW,INC-a386151d0c1ae709,ChIJ3f0fmvmzvzsRQL_rGbM5mUM,https://www.google.com/maps/search/?api=1&query=Madgaon%20Railway%20Station&query_place_id=ChIJ3f0fmvmzvzsRQL_rGbM5mUM,Ci9DQUlRQUNvZENodHljRjlvT2psS1kzZEVOR0ptVG10c2FVWjRORTVIVVUwMlUzYxAB,ANAKIN_AI,4fa30921ec718397c7791705b5c37d5b6308008311c7b630b694e6734af49d7a,2026-09-26T10:02:11.609Z,17,3,4,2,2,0,1,3,2,Fraud,2,70,70,incident
Excessive Police Interrogation at Station,Harassment,https://www.google.com/maps/reviews/data=!4m8!14m7!1m6!2m5!1sChZDSUhNMG9nS0VJQ0FnSURudzdqa0ZREAE!2m1!1s0x0:0xa250076c196fb63!3m1!1s2@1:CIHM0ogKEICAgIDnw7jkFQ%7C%7C?hl=en,2024-10-09T08:56:26Z,"Sanscar Society, Margao, Goa 403601, India (15.267677, 73.970794)",Google Maps (user review),Reviewer reports being constantly woken up and questioned repeatedly by police regarding luggage and travel details.,Madgaon Junction,Madgaon Railway Station,Street-Crime and High-Risk,HARASSMENT,15.2676769,73.9707938,"Sanscar Society, Margao, Goa 403601, India",Margao,"One of the worst railway stations even though it's the main railway station in Goa ..  no proper toilets, retiring room is so small and police come to check i and ua luggage every half an hour fr no reason.. .if ua asleep in ua seat thn they vl wake u up nd ask whr ua travelling..?y ua travelling? All nonsense questions",1,-0.9,2,0.9,USER_REPORTED,REVIEW,INC-34a9e861afaeac54,ChIJLxU338ezvzsRY_uWwXYAJQo,https://www.google.com/maps/search/?api=1&query=Madgaon%20Junction&query_place_id=ChIJLxU338ezvzsRY_uWwXYAJQo,ChZDSUhNMG9nS0VJQ0FnSURudzdqa0ZREAE,ANAKIN_AI,45b57e8f809db218efa14cc012bb37255f779ef97a00d3c2474435ccabfb0926,2026-09-26T10:02:11.609Z,17,3,4,2,2,0,1,3,2,Fraud,2,70,70,incident
Unsafe overhead bridge and infrastructure failure,Infrastructure hazard,https://www.google.com/maps/reviews/data=!4m8!14m7!1m6!2m5!1sCi9DQUlRQUNvZENodHljRjlvT2tGWVUyMHRjSGcwVG5vM01tOUpkRlpYYlVadFYxRRAB!2m1!1s0x0:0x439939b319ebbf40!3m1!1s2@1:CAIQACodChtycF9oOkFYU20tcHg0Tno3Mm9JdFZXbUZtV1E%7C%7C?hl=en,2026-05-28T04:40:40Z,"7X8C+W8H, Sanscar Society, Margao, Goa 403601, India (15.267323, 73.970873)",Google Maps (user review),Reviewer reports that an overhead bridge has been left in an unsafe condition for years.,Madgaon Railway Station,Madgaon Railway Station,Street-Crime and High-Risk,OTHER,15.2673231,73.9708732,"7X8C+W8H, Sanscar Society, Margao, Goa 403601, India",Margao,"This station is an absolute disgrace and easily the dirtiest in the country. Passenger information is highly unreliable, with constantly incorrect announcements and coach position indicators that are wrong half the time. Changing platforms is a nightmare because one of the overhead bridges has been left in an unsafe condition for years with zero plans for a replacement, forcing passengers to walk to the extreme opposite end of the station. Meanwhile, the authorities seem entirely focused on minting money through e-rickshaw operations rather than addressing these critical infrastructure failures. This severe mismanagement is a prime example of why Goa is rapidly deteriorating from a premier tourist destination into a frustrating ordeal, plagued by what is arguably the worst public transport system in the nation.",1,-0.9,2,0.9,USER_REPORTED,REVIEW,INC-3ca745100c0a2551,ChIJ3f0fmvmzvzsRQL_rGbM5mUM,https://www.google.com/maps/search/?api=1&query=Madgaon%20Railway%20Station&query_place_id=ChIJ3f0fmvmzvzsRQL_rGbM5mUM,Ci9DQUlRQUNvZENodHljRjlvT2tGWVUyMHRjSGcwVG5vM01tOUpkRlpYYlVadFYxRRAB,ANAKIN_AI,fdc7f1a889547c14eee659f704317abe88e5a95d05249bb518100617d6e3e444,2026-09-26T10:02:11.609Z,17,3,4,2,2,0,1,3,2,Fraud,2,70,70,incident
Substandard infrastructure on Platform 6,Infrastructure hazard,https://www.google.com/maps/reviews/data=!4m8!14m7!1m6!2m5!1sCi9DQUlRQUNvZENodHljRjlvT25oak5WVTVhVU5yYTNSSVZuSnVVekJzVlhKd1QwRRAB!2m1!1s0x0:0x439939b319ebbf40!3m1!1s2@1:CAIQACodChtycF9oOnhjNVU5aUNra3RIVnJuUzBsVXJwT0E%7C%7C?hl=en,2026-05-05T08:20:15Z,"7X8C+W8H, Sanscar Society, Margao, Goa 403601, India (15.267323, 73.970873)",Google Maps (user review),Reviewer reports poor planning and substandard infrastructure on Platform No. 6 causing passengers to run blindly.,Madgaon Railway Station,Madgaon Railway Station,Street-Crime and High-Risk,OTHER,15.2673231,73.9708732,"7X8C+W8H, Sanscar Society, Margao, Goa 403601, India",Margao,"Poor Planning and Substandard Infrastructure – A Nightmare for Passengers
I am extremely disappointed with the newly constructed Platform No. 6 at Margao (Madgaon) Railway Station. It is clear that the contract was executed with zero regard for passenger convenience.
Major Issues:
Uneven Layout: The platform is not level or equal with the other platforms, making it feel disconnected and poorly integrated into the station.
Missing Coach Indicators: There are no proper displays to show where specific coaches will arrive. Passengers are forced to run blindly when the train pulls in.
Terrible Accessibility: For such a long platform, they have only provided a single lift. Instead of installing escalators for quick movement, they’ve built 100-meter-long ramps.
The ""Missed Train"" Trap: If a passenger arrives even slightly late, the walk down that long ramp almost guarantees they will miss their train. It is impossible to hurry through this layout with luggage.
It feels like the budget was completely mismanaged or ""eaten up"" by the contractors. This isn't modern infrastructure; it’s a hurdle race for the common man. The authorities need to look into this corruption and fix these basic amenities immediately.",1,-0.8,1,0.9,USER_REPORTED,REVIEW,INC-6eb634fb84913532,ChIJ3f0fmvmzvzsRQL_rGbM5mUM,https://www.google.com/maps/search/?api=1&query=Madgaon%20Railway%20Station&query_place_id=ChIJ3f0fmvmzvzsRQL_rGbM5mUM,Ci9DQUlRQUNvZENodHljRjlvT25oak5WVTVhVU5yYTNSSVZuSnVVekJzVlhKd1QwRRAB,ANAKIN_AI,a21d0ff6909dadbe3b138f4f6136b932d0ed551a040ce4185a5782a5fd305a3b,2026-09-26T10:02:11.609Z,17,3,4,2,2,0,1,3,2,Fraud,2,70,70,incident
Slippery floors and water logging during rain,Natural disaster,https://www.google.com/maps/reviews/data=!4m8!14m7!1m6!2m5!1sCi9DQUlRQUNvZENodHljRjlvT25OT1RGcGFORWhXTUhCTlJHRkNNVzl6Tnpab2NuYxAB!2m1!1s0x0:0x439939b319ebbf40!3m1!1s2@1:CAIQACodChtycF9oOnNOTFpaNEhWMHBNRGFCMW9zNzZocnc%7C%7C?hl=en,2025-06-22T13:17:27Z,"7X8C+W8H, Sanscar Society, Margao, Goa 403601, India (15.267323, 73.970873)",Google Maps (user review),"Reviewer reports slippery floors, a leaking roof, and water logging inside the station during a rainy night.",Madgaon Railway Station,Madgaon Railway Station,Street-Crime and High-Risk,FLOOD_PRONE,15.2673231,73.9708732,"7X8C+W8H, Sanscar Society, Margao, Goa 403601, India",Margao,"On our trip to Goa,we reached Madgaon on a rainy night. The place was very neglected and rundown, the floors were slippery and the roof was leaking also the rain water was logging inside the station. It’s a bad look on the Goan railway authorities that a place which attracts thousands of tourists to be this mismanaged.",1,-0.8,2,0.9,USER_REPORTED,REVIEW,INC-34a867fd6aa56706,ChIJ3f0fmvmzvzsRQL_rGbM5mUM,https://www.google.com/maps/search/?api=1&query=Madgaon%20Railway%20Station&query_place_id=ChIJ3f0fmvmzvzsRQL_rGbM5mUM,Ci9DQUlRQUNvZENodHljRjlvT25OT1RGcGFORWhXTUhCTlJHRkNNVzl6Tnpab2NuYxAB,ANAKIN_AI,be3f9a1dda26183ca3ba43ca29f2e20e2118407ec32f5fcdd39151cf98295e7a,2026-09-26T10:02:11.609Z,17,3,4,2,2,0,1,3,2,Fraud,2,70,70,incident
Prepaid Taxi Booth Scam and Vehicle Issue,Scam,https://www.google.com/maps/reviews/data=!4m8!14m7!1m6!2m5!1sCi9DQUlRQUNvZENodHljRjlvT25WbWFHaFRZV0o0U0VWUmNYVnBTWEZKZEdobGVWRRAB!2m1!1s0x0:0xa250076c196fb63!3m1!1s2@1:CAIQACodChtycF9oOnVmaGhTYWJ4SEVRcXVpSXFJdGhleVE%7C%7C?hl=en,2026-05-22T08:21:57Z,"Sanscar Society, Margao, Goa 403601, India (15.267677, 73.970794)",Google Maps (user review),"Reviewer claims the prepaid taxi booth is a scam for providing a non-AC, unclean vehicle despite booking an AC taxi for 950 rupees.",Madgaon Junction,Madgaon Railway Station,Street-Crime and High-Risk,SCAM,15.2676769,73.9707938,"Sanscar Society, Margao, Goa 403601, India",Margao,"Pre paid taxi booth is a scam. We booked an ac taxi for 950 rs. We got a beaten up old unclean non AC working vehicle.Till the taxi problem is solved, goa tourism will continue to decline",1,-0.8,2,0.95,USER_REPORTED,REVIEW,INC-69d64d3998c8fff6,ChIJLxU338ezvzsRY_uWwXYAJQo,https://www.google.com/maps/search/?api=1&query=Madgaon%20Junction&query_place_id=ChIJLxU338ezvzsRY_uWwXYAJQo,Ci9DQUlRQUNvZENodHljRjlvT25WbWFHaFRZV0o0U0VWUmNYVnBTWEZKZEdobGVWRRAB,ANAKIN_AI,9e5fba27bcd3aae49479373b4c7baa2bb94451edabc793ac91ea20134461467e,2026-09-26T10:02:11.609Z,17,3,4,2,2,0,1,3,2,Fraud,2,70,70,incident
Beware of bike rental scammers outside station,Scam,https://www.google.com/maps/reviews/data=!4m8!14m7!1m6!2m5!1sCi9DQUlRQUNvZENodHljRjlvT25GaFEwRjFka0Z0Tkd0UWEyNTZlVFZxVWpBMFkyYxAB!2m1!1s0x0:0x439939b319ebbf40!3m1!1s2@1:CAIQACodChtycF9oOnFhQ0F1dkFtNGtQa256eTVqUjA0Y2c%7C%7C?hl=en,2026-05-13T15:36:30Z,"7X8C+W8H, Sanscar Society, Margao, Goa 403601, India (15.267323, 73.970873)",Google Maps (user review),Reviewer warns tourists about scammers offering bike rentals and accommodations outside Madgaon Railway Station.,Madgaon Railway Station,Madgaon Railway Station,Street-Crime and High-Risk,TOURIST_SCAM,15.2673231,73.9708732,"7X8C+W8H, Sanscar Society, Margao, Goa 403601, India",Margao,"Beware of Scammers Near Madgaon Railway Station Goa

If you are visiting Goa for the first time, especially through Madgaon Railway Station, please be very careful of the people approaching tourists outside the station offering bike rentals and stays. A person named Adham Raza approached me and convinced me to rent an Activa for ₹500 per day. Since it was my first time in Goa, I trusted them.

Before taking the bike, I clearly asked about the terms and conditions in case of any issue or breakdown. They assured me that if anything happened, I could repair it, show the bill, and they would fully reimburse the amount.

The next day, while traveling from South Goa to North Goa, the bike tyre suddenly became punctured. I had to push the vehicle with heavy luggage to the nearest service center. The mechanic checked the tyre and found no nail or outside damage. Later, we discovered that the tyre itself was already in very poor condition internally. Honestly, it was lucky that the tyre did not burst while riding, otherwise it could have caused a serious accident.

I informed them immediately, repaired the tyre for ₹450 with my own money, and continued my trip after replacing it. The new tyre worked perfectly throughout North Goa and Old Goa, clearly proving the original tyre was already damaged and unsafe.

When I returned the vehicle, they refunded only ₹250 and started arguing aggressively instead of taking responsibility. Their behavior completely changed once a problem happened. They acted rude, arrogant, and intimidating like local gundas.

They also offer stay/accommodation services, so please do not trust them blindly. These people target tourists near Madgaon Railway Station and behave very politely at first just to gain trust. Once you face any issue, they avoid responsibility and try to intimidate customers.

I am attaching photos and booking details so other travelers can stay aware. Please be careful around these scammers near Madgaon Railway Station, Goa.",1,-0.8,3,0.95,WARNING,REVIEW,INC-262fb7451967063b,ChIJ3f0fmvmzvzsRQL_rGbM5mUM,https://www.google.com/maps/search/?api=1&query=Madgaon%20Railway%20Station&query_place_id=ChIJ3f0fmvmzvzsRQL_rGbM5mUM,Ci9DQUlRQUNvZENodHljRjlvT25GaFEwRjFka0Z0Tkd0UWEyNTZlVFZxVWpBMFkyYxAB,ANAKIN_AI,fae27d3122f416c42841f68af0394a311c7ef6f1843880c7ff291dfbde69c13d,2026-09-26T10:02:11.609Z,17,3,4,2,2,0,1,3,2,Fraud,2,70,70,incident
Warning about rental scams outside station,Scam,https://www.google.com/maps/reviews/data=!4m8!14m7!1m6!2m5!1sCi9DQUlRQUNvZENodHljRjlvT25aallYWlZWbmRvV21ZM1ltZFRRM0J5T1hkaFFrRRAB!2m1!1s0x0:0x439939b319ebbf40!3m1!1s2@1:CAIQACodChtycF9oOnZjYXZVVndoWmY3YmdTQ3ByOXdhQkE%7C%7C?hl=en,2025-11-11T13:11:38Z,"7X8C+W8H, Sanscar Society, Margao, Goa 403601, India (15.267323, 73.970873)",Google Maps (user review),Reviewer warned that unauthorized rent-a-car and bike agents outside scam tourists by taking advance payments and disappearing.,Madgaon Railway Station,Madgaon Railway Station,Street-Crime and High-Risk,TOURIST_SCAM,15.2673231,73.9708732,"7X8C+W8H, Sanscar Society, Margao, Goa 403601, India",Margao,"⭐ 1 Star Review
🚫 Warning for tourists at Madgaon Railway Station

There are several unauthorized rent-a-car and bike agents roaming outside Madgaon Railway Station. They approach tourists directly, claim to offer cheap deals, and ask for advance payments or ID cards — but many of them are scammers. Some disappear after taking money or hand over unsafe, unregistered vehicles.

Please avoid street agents and only rent through verified rental offices or companies listed on Google with proper contact details. Goa is beautiful — don’t let a few scammers spoil your trip!

Authorities should take strict action to protect visitors from these fake agents.",1,-0.8,3,0.95,WARNING,REVIEW,INC-44fc05839f755f60,ChIJ3f0fmvmzvzsRQL_rGbM5mUM,https://www.google.com/maps/search/?api=1&query=Madgaon%20Railway%20Station&query_place_id=ChIJ3f0fmvmzvzsRQL_rGbM5mUM,Ci9DQUlRQUNvZENodHljRjlvT25aallYWlZWbmRvV21ZM1ltZFRRM0J5T1hkaFFrRRAB,ANAKIN_AI,4b7860806a8ccb75ab69838eddec82a58eb3e791a0418f9b6d06e00885f02551,2026-09-26T10:02:11.609Z,17,3,4,2,2,0,1,3,2,Fraud,2,70,70,incident
Unsafe back gate area at night,Unsafe area,https://www.google.com/maps/reviews/data=!4m8!14m7!1m6!2m5!1sCi9DQUlRQUNvZENodHljRjlvT21OeE1YZFhaSGhZT1hCcVFubHVTRU5tWjFWc1JGRRAB!2m1!1s0x0:0x439939b319ebbf40!3m1!1s2@1:CAIQACodChtycF9oOmNxMXdXZHhYOXBqQnluSENmZ1VsRFE%7C%7C?hl=en,2026-05-03T17:20:31Z,"7X8C+W8H, Sanscar Society, Margao, Goa 403601, India (15.267323, 73.970873)",Google Maps (user review),Reviewer stated that the back gate area feels completely unsafe for women travelers at night due to suspicious individuals roaming around.,Madgaon Railway Station,Madgaon Railway Station,Street-Crime and High-Risk,UNSAFE_AT_NIGHT,15.2673231,73.9708732,"7X8C+W8H, Sanscar Society, Margao, Goa 403601, India",Margao,"I dont know why on Earth Madgao railway management decided to create  back gate? and also a wine shop in front of this back gate.. People who are travelling via platform 1 and 2 might have decent entrance, facility and safety while all travellers using other platform are expected to see interesting creatures and nashedies roaming around asking for money, acting weird and maybe trying to steal/ pick a fight.. Completely Unsafe for women travellers with absolutely no police or security.. I wouldn't recommend for any women travelling solo especially over night",1,-0.9,4,0.95,PERCEPTION,REVIEW,INC-3f718ce821bdeb5b,ChIJ3f0fmvmzvzsRQL_rGbM5mUM,https://www.google.com/maps/search/?api=1&query=Madgaon%20Railway%20Station&query_place_id=ChIJ3f0fmvmzvzsRQL_rGbM5mUM,Ci9DQUlRQUNvZENodHljRjlvT21OeE1YZFhaSGhZT1hCcVFubHVTRU5tWjFWc1JGRRAB,ANAKIN_AI,74b531ba499e7bdafac678f6450754eb99bc4d3e98e14f3e67b63a155089a228,2026-09-26T10:02:11.609Z,17,3,4,2,2,0,1,3,2,Fraud,2,70,70,incident
Lack of transport and high night charges,Unsafe area,https://www.google.com/maps/reviews/data=!4m8!14m7!1m6!2m5!1sCi9DQUlRQUNvZENodHljRjlvT2s1SGJuZGZWMlZNZFVJMVprTTFkM0ZXZURKVmVrRRAB!2m1!1s0x0:0x439939b319ebbf40!3m1!1s2@1:CAIQACodChtycF9oOk5HbndfV2VMdUI1ZkM1d3FWeDJVekE%7C%7C?hl=en,2026-01-16T02:06:44Z,"7X8C+W8H, Sanscar Society, Margao, Goa 403601, India (15.267323, 73.970873)",Google Maps (user review),Reviewer noted a lack of transport after 9pm and advised negotiating night charges with local transport providers.,Madgaon Railway Station,Madgaon Railway Station,Street-Crime and High-Risk,UNSAFE_AT_NIGHT,15.2673231,73.9708732,"7X8C+W8H, Sanscar Society, Margao, Goa 403601, India",Margao,No transport if you're travelling after 9pm and since if you're new please be aware that the charges as per night is very different please negotiate and mostly preferrable that go outside the station and check the local transportation they usally come sometimes takes 50rs from railway station to bus stop not more than that and the bikers will negotiate also for the pricing,1,-0.5,2,0.9,PERCEPTION,REVIEW,INC-5eefed1f1d721bf9,ChIJ3f0fmvmzvzsRQL_rGbM5mUM,https://www.google.com/maps/search/?api=1&query=Madgaon%20Railway%20Station&query_place_id=ChIJ3f0fmvmzvzsRQL_rGbM5mUM,Ci9DQUlRQUNvZENodHljRjlvT2s1SGJuZGZWMlZNZFVJMVprTTFkM0ZXZURKVmVrRRAB,ANAKIN_AI,91c829cc49018e02f9fc5bf8ce2782681676a2e8ba1eacf3a27bbe08040e1065,2026-09-26T10:02:11.609Z,17,3,4,2,2,0,1,3,2,Fraud,2,70,70,incident
Unauthorized entry reported in retiring room,Unsafe area,https://www.google.com/maps/reviews/data=!4m8!14m7!1m6!2m5!1sChdDSUhNMG9nS0VJQ0FnTURnNzhMeTlnRRAB!2m1!1s0x0:0x439939b319ebbf40!3m1!1s2@1:CIHM0ogKEICAgMDg78Ly9gE%7C%7C?hl=en,2025-02-28T15:57:41Z,"7X8C+W8H, Sanscar Society, Margao, Goa 403601, India (15.267323, 73.970873)",Google Maps (user review),Reviewer reported suspicious illegal entry by staff into a locked retiring room through a window.,Madgaon Railway Station,Madgaon Railway Station,Street-Crime and High-Risk,POOR_SECURITY,15.2673231,73.9708732,"7X8C+W8H, Sanscar Society, Margao, Goa 403601, India",Margao,"Not a good experience at the train station... In the retiring room..
Suspicious illegal entry seems to happen by the staff persons even if the door was locked... Slippers marks seen on bed as person might have entered from the sliding window when door was locked... Such a worst thing about here. I would like to rate zero star..",1,-0.8,3,0.95,USER_REPORTED,REVIEW,INC-c93c53dd5f0b3fe7,ChIJ3f0fmvmzvzsRQL_rGbM5mUM,https://www.google.com/maps/search/?api=1&query=Madgaon%20Railway%20Station&query_place_id=ChIJ3f0fmvmzvzsRQL_rGbM5mUM,ChdDSUhNMG9nS0VJQ0FnTURnNzhMeTlnRRAB,ANAKIN_AI,d62914cd3752cdfddaa900c5bf3dc17cab84a3ff4a82b21313549f84e98d637e,2026-09-26T10:02:11.609Z,17,3,4,2,2,0,1,3,2,Fraud,2,70,70,incident
Taxi driver dozed off and nearly crashed,Accident,https://www.google.com/maps/reviews/data=!4m8!14m7!1m6!2m5!1sCi9DQUlRQUNvZENodHljRjlvT2xwd05XNUdiMTlQWTBvemNGSnpTM2g0UXpWeFUwRRAB!2m1!1s0x0:0x1b82a0d04cf6def6!3m1!1s2@1:CAIQACodChtycF9oOlpwNW5Gb19PY0ozcFJzS3h4QzVxU0E%7C%7C?hl=en,2025-12-20T13:11:57Z,"Taluka Pernem, Mopa, Goa 403512, India (15.731248, 73.866924)",Google Maps (user review),Reviewer reported a taxi driver dozed off and nearly crashed into a lorry due to rash driving from the airport.,Manohar International Airport (GOX) - Goa,Manohar International Airport Mopa,Scam and Tourist Trap,ROAD_ACCIDENT,15.7312475,73.8669245,"Taluka Pernem, Mopa, Goa 403512, India",Mopa,"Mopa airport is situated far away from the main towns like Mapusa and panaji. unlike other cities like bangalore and Mumbai There is no public transport here. Only one bus operational from 8:30 am. Therefore, Taxi drivers dominate! High charges and rash driving. I had a midnight flight to mopa from hyderabad on 19/12/2025.  The taxi was rough in his driving. Speeded to 100+ spead. Most importantly, The  driver dozed off while driving and almost bumped into a lorry.  So guys, next time you think of a midnight flight at mopa airport.  Please be cautious.",1,-0.9,3,0.95,USER_REPORTED,REVIEW,INC-445ca2d9218358ab,ChIJu8f0v06NvzsR9t72TNCgghs,https://www.google.com/maps/search/?api=1&query=Manohar%20International%20Airport%20(GOX)%20-%20Goa&query_place_id=ChIJu8f0v06NvzsR9t72TNCgghs,Ci9DQUlRQUNvZENodHljRjlvT2xwd05XNUdiMTlQWTBvemNGSnpTM2g0UXpWeFUwRRAB,ANAKIN_AI,975502be3046ca2895114ae2ee43062a82bae3ac7b3c40d877423ed8a4e70c12,2026-09-26T10:02:11.609Z,11,1,7,1,1,1,0,0,0,Fraud,1,35,35,incident
Earphones stolen at security check,Crime,https://www.google.com/maps/reviews/data=!4m8!14m7!1m6!2m5!1sCi9DQUlRQUNvZENodHljRjlvT25reldsZHBPR1ppV1RoUGMzQnhlVmhEWkdOTlpHYxAB!2m1!1s0x0:0x1b82a0d04cf6def6!3m1!1s2@1:CAIQACodChtycF9oOnkzWldpOGZiWThPc3BxeVhDZGNNZGc%7C%7C?hl=en,2026-09-07T15:16:13Z,"Taluka Pernem, Mopa, Goa 403512, India (15.731248, 73.866924)",Google Maps (user review),Reviewer reported that their earphones were stolen at the security check.,Manohar International Airport (GOX) - Goa,Manohar International Airport Mopa,Scam and Tourist Trap,THEFT,15.7312475,73.8669245,"Taluka Pernem, Mopa, Goa 403512, India",Mopa,Somebody stole my earphones on 30 Dec 2025 when I kept them in tray at security check. They never were never found.,1,-0.9,2,1,USER_REPORTED,REVIEW,INC-0bdd10fb6d472a09,ChIJu8f0v06NvzsR9t72TNCgghs,https://www.google.com/maps/search/?api=1&query=Manohar%20International%20Airport%20(GOX)%20-%20Goa&query_place_id=ChIJu8f0v06NvzsR9t72TNCgghs,Ci9DQUlRQUNvZENodHljRjlvT25reldsZHBPR1ppV1RoUGMzQnhlVmhEWkdOTlpHYxAB,ANAKIN_AI,cdc6ac1dea4a078c1cf390834faff969ba3fbe25c775fe1f95bad583a5df8f6a,2026-09-26T10:02:11.609Z,11,1,7,1,1,1,0,0,0,Fraud,1,35,35,incident
Hidden high waiting fees charged,Fraud,https://www.google.com/maps/reviews/data=!4m8!14m7!1m6!2m5!1sCi9DQUlRQUNvZENodHljRjlvT21oUldqaFRkMWxGWWxaRWRqaHBjMDFNVDFSUFpXYxAB!2m1!1s0x0:0x1b82a0d04cf6def6!3m1!1s2@1:CAIQACodChtycF9oOmhRWjhTd1lFYlZEdjhpc01MT1RPZWc%7C%7C?hl=en,2026-05-26T03:52:00Z,"Taluka Pernem, Mopa, Goa 403512, India (15.731248, 73.866924)",Google Maps (user review),Reviewer reported being charged a high waiting fee of 600rs without prior information at entry.,Manohar International Airport (GOX) - Goa,Manohar International Airport Mopa,Scam and Tourist Trap,OVERCHARGING,15.7312475,73.8669245,"Taluka Pernem, Mopa, Goa 403512, India",Mopa,In this airport they charge high price for wating. While entry they didn't mention any information about the waiting charges..i had to pay 600rs for 15min... (sarke lootha mare ),1,-0.9,2,0.95,USER_REPORTED,REVIEW,INC-2741dae23105552a,ChIJu8f0v06NvzsR9t72TNCgghs,https://www.google.com/maps/search/?api=1&query=Manohar%20International%20Airport%20(GOX)%20-%20Goa&query_place_id=ChIJu8f0v06NvzsR9t72TNCgghs,Ci9DQUlRQUNvZENodHljRjlvT21oUldqaFRkMWxGWWxaRWRqaHBjMDFNVDFSUFpXYxAB,ANAKIN_AI,0c46cb300403bc64e67707f9ff5c0d85d494638849638c22dc6d7f0c1fedba1c,2026-09-26T10:02:11.609Z,11,1,7,1,1,1,0,0,0,Fraud,1,35,35,incident
Unmarked parking fine policy,Fraud,https://www.google.com/maps/reviews/data=!4m8!14m7!1m6!2m5!1sCi9DQUlRQUNvZENodHljRjlvT2tndFNFaDBURFpTY2xGeE9GVm1SM1pxTkdOaldsRRAB!2m1!1s0x0:0x1b82a0d04cf6def6!3m1!1s2@1:CAIQACodChtycF9oOkgtSEh0TDZSclFxOFVmR3ZqNGNjWlE%7C%7C?hl=en,2026-05-15T19:33:48Z,"Taluka Pernem, Mopa, Goa 403512, India (15.731248, 73.866924)",Google Maps (user review),Reviewer reported being fined for parking due to poorly visible signage regarding time limits.,Manohar International Airport (GOX) - Goa,Manohar International Airport Mopa,Scam and Tourist Trap,OVERCHARGING,15.7312475,73.8669245,"Taluka Pernem, Mopa, Goa 403512, India",Mopa,"If you’re a first-time visitor, please be aware that cars are only allowed to stop briefly for entry, drop-off and exit. Parking for more than 5 minutes results in a fine of ₹400.

Unfortunately, there are no clearly visible signboards at the entrance to inform visitors about this rule. When I asked about it while paying the fine, I was told that a notice exists, but it was not noticeable at all and may be too small or poorly placed.

While I appreciate the intention behind managing traffic efficiently, there should be proper, visible signage or security personnel informing drivers in advance; similar to the system followed at Bangalore KIA Airport.

My experience felt unfair due to the lack of clear communication and I hope this can be improved for future visitors.",1,-0.8,1,0.9,USER_REPORTED,REVIEW,INC-284d9606e952402d,ChIJu8f0v06NvzsR9t72TNCgghs,https://www.google.com/maps/search/?api=1&query=Manohar%20International%20Airport%20(GOX)%20-%20Goa&query_place_id=ChIJu8f0v06NvzsR9t72TNCgghs,Ci9DQUlRQUNvZENodHljRjlvT2tndFNFaDBURFpTY2xGeE9GVm1SM1pxTkdOaldsRRAB,ANAKIN_AI,f93eba4f1ede65b5422d7aa3fc63fcbe46af72521440720da1fd9dde652032a2,2026-09-26T10:02:11.609Z,11,1,7,1,1,1,0,0,0,Fraud,1,35,35,incident
Overcharged for drop-off time limit,Fraud,https://www.google.com/maps/reviews/data=!4m8!14m7!1m6!2m5!1sCi9DQUlRQUNvZENodHljRjlvT2pOSlJtOTJhVmcxUVdoS1VEbG1TVll0TVZaM1lVRRAB!2m1!1s0x0:0x1b82a0d04cf6def6!3m1!1s2@1:CAIQACodChtycF9oOjNJRm92aVg1QWhKUDlmSVYtMVZ3YUE%7C%7C?hl=en,2026-03-22T17:12:26Z,"Taluka Pernem, Mopa, Goa 403512, India (15.731248, 73.866924)",Google Maps (user review),Reviewer was charged an unexpected fee of Rs.210 for overtime in the drop off zone due to hidden rules.,Manohar International Airport (GOX) - Goa,Manohar International Airport Mopa,Scam and Tourist Trap,OVERCHARGING,15.7312475,73.8669245,"Taluka Pernem, Mopa, Goa 403512, India",Mopa,"Dark pattern alert ⚠️
1. They didn't tell me there was a 5 minute limit for drop off, while entering the drop off zone.
2. They charged me Rs.210 for overtime of 1 and few minutes while exiting the drop off zone.",1,-0.6,2,0.95,USER_REPORTED,REVIEW,INC-afea6e6f5f646d4e,ChIJu8f0v06NvzsR9t72TNCgghs,https://www.google.com/maps/search/?api=1&query=Manohar%20International%20Airport%20(GOX)%20-%20Goa&query_place_id=ChIJu8f0v06NvzsR9t72TNCgghs,Ci9DQUlRQUNvZENodHljRjlvT2pOSlJtOTJhVmcxUVdoS1VEbG1TVll0TVZaM1lVRRAB,ANAKIN_AI,23a0f577b1bac7ad412f2bbdf6d992f9a1654e70d06b7ebdadc2d595d3dae81b,2026-09-26T10:02:11.609Z,11,1,7,1,1,1,0,0,0,Fraud,1,35,35,incident
Excessive parking fees and policy,Fraud,https://www.google.com/maps/reviews/data=!4m8!14m7!1m6!2m5!1sCi9DQUlRQUNvZENodHljRjlvT2tORVkzWXdibXhwYzAxcE1VWkxOMUZrVW14SVFYYxAB!2m1!1s0x0:0x1b82a0d04cf6def6!3m1!1s2@1:CAIQACodChtycF9oOkNEY3Ywbmxpc01pMUZLN1FkUmxIQXc%7C%7C?hl=en,2026-01-18T05:09:27Z,"Taluka Pernem, Mopa, Goa 403512, India (15.731248, 73.866924)",Google Maps (user review),Reviewer perceived the short parking grace period and high fees as a money-making scheme and passenger harassment.,Manohar International Airport (GOX) - Goa,Manohar International Airport Mopa,Scam and Tourist Trap,OVERCHARGING,15.7312475,73.8669245,"Taluka Pernem, Mopa, Goa 403512, India",Mopa,"Mopa Airport has turned into a symbol of passenger harassment. Allowing only 5 minutes of free parking and charging ₹210 for just 2 minutes extra clearly shows how unfriendly and money-focused this system has become.
There is no grace period, no proper guidance, and no concern for common people. Everything feels designed to extract money rather than to support travelers.
Under the current Goa government and the leadership of CM Pramod Sawant, it appears that such policies are encouraged, where public infrastructure is treated more like a money-making business than a public service. This kind of governance creates a strong perception of open loot and zero accountability.
Passengers deserve transparency, fairness, and basic respect — not unreasonable charges and frustration. This airport’s management and the authorities responsible need to seriously rethink their priorities.
Extremely disappointing. Worst parking policy. Anti-public approach.",1,-0.9,2,0.95,PERCEPTION,REVIEW,INC-0682d693f9abcaff,ChIJu8f0v06NvzsR9t72TNCgghs,https://www.google.com/maps/search/?api=1&query=Manohar%20International%20Airport%20(GOX)%20-%20Goa&query_place_id=ChIJu8f0v06NvzsR9t72TNCgghs,Ci9DQUlRQUNvZENodHljRjlvT2tORVkzWXdibXhwYzAxcE1VWkxOMUZrVW14SVFYYxAB,ANAKIN_AI,fbf17e7aca15a0cdf16fa590b71d48a6b934b3f3266b8d8d3fb8b26bdbc4f9e2,2026-09-26T10:02:11.609Z,11,1,7,1,1,1,0,0,0,Fraud,1,35,35,incident
Revenue trap and unfair drop-off charges,Fraud,https://www.google.com/maps/reviews/data=!4m8!14m7!1m6!2m5!1sCi9DQUlRQUNvZENodHljRjlvT2xFdFNuTTRXa3ROU21selFqQjRVRGhzUlcweGJWRRAB!2m1!1s0x0:0x1b82a0d04cf6def6!3m1!1s2@1:CAIQACodChtycF9oOlEtSnM4WktNSmlzQjB4UDhsRW0xbVE%7C%7C?hl=en,2026-01-04T08:36:21Z,"Taluka Pernem, Mopa, Goa 403512, India (15.731248, 73.866924)",Google Maps (user review),Reviewer claims the drop-off exit policy is a revenue trap and was charged ₹210 due to poor sensor placement.,Manohar International Airport (GOX) - Goa,Manohar International Airport Mopa,Scam and Tourist Trap,OVERCHARGING,15.7312475,73.8669245,"Taluka Pernem, Mopa, Goa 403512, India",Mopa,"Mopa Airport’s 5-minute exit policy is a blatant revenue trap; I was charged ₹210 for a 60-second delay because the timer starts at the outer gate rather than the drop-off zone. Furthermore, the exit sensors are placed way past the roundabout instead of at the end of the drop-off lane, making it impossible to leave on time without rash driving. Authorities must relocate sensors to the actual drop-off points and stop prioritizing profits over passenger safety.",1,-0.8,2,0.95,USER_REPORTED,REVIEW,INC-718a9b1720de40d2,ChIJu8f0v06NvzsR9t72TNCgghs,https://www.google.com/maps/search/?api=1&query=Manohar%20International%20Airport%20(GOX)%20-%20Goa&query_place_id=ChIJu8f0v06NvzsR9t72TNCgghs,Ci9DQUlRQUNvZENodHljRjlvT2xFdFNuTTRXa3ROU21selFqQjRVRGhzUlcweGJWRRAB,ANAKIN_AI,48d8ef0c7b41456c081b6e0d1bf96b790a597d9cd08916332c319f1ad23302e1,2026-09-26T10:02:11.609Z,11,1,7,1,1,1,0,0,0,Fraud,1,35,35,incident
Unfair Overcharging for Pickup Delay,Fraud,https://www.google.com/maps/reviews/data=!4m8!14m7!1m6!2m5!1sCi9DQUlRQUNvZENodHljRjlvT2xvdFpEQnlja1l5ZEZWMFprTlpURE5xUzFKVVYzYxAB!2m1!1s0x0:0x1b82a0d04cf6def6!3m1!1s2@1:CAIQACodChtycF9oOlotZDByckYydFV0ZkNZTDNqS1JUV3c%7C%7C?hl=en,2025-08-29T07:22:46Z,"Taluka Pernem, Mopa, Goa 403512, India (15.731248, 73.866924)",Google Maps (user review),Reviewer alleges they were unfairly charged Rs.500 for a one-minute delay at the private vehicle pickup exit gate.,Manohar International Airport (GOX) - Goa,Manohar International Airport Mopa,Scam and Tourist Trap,OVERCHARGING,15.7312475,73.8669245,"Taluka Pernem, Mopa, Goa 403512, India",Mopa,"Money looting place, please don't opt for this airport. Big scam is happening with private vehicle pickup. We are charged Rs.500 for 1 min delay. We picked 4 people with luggages and while I approached exit gate, there were two lanes, both are occupied by cars. This led to 1 min delay and the support from staffs are pathetic in understanding the concern.

We reached GMR support as well, end result is same. Money looting place, better avoid this airport.

Even GMR support is not understanding the concern.
No one is helpful on understanding the situation. For 11 mins, that too with two lanes blocked by cars - purposefully charging Rs.500 is way too high. If you are charging that high, you should have lanes without any blockage.",1,-0.8,2,0.95,USER_ALLEGATION,REVIEW,INC-867ab330a4e43bda,ChIJu8f0v06NvzsR9t72TNCgghs,https://www.google.com/maps/search/?api=1&query=Manohar%20International%20Airport%20(GOX)%20-%20Goa&query_place_id=ChIJu8f0v06NvzsR9t72TNCgghs,Ci9DQUlRQUNvZENodHljRjlvT2xvdFpEQnlja1l5ZEZWMFprTlpURE5xUzFKVVYzYxAB,ANAKIN_AI,65daa2df9de5563a9662390764572cf0fd4b1bc91075fcaff45d840b2a754fc6,2026-09-26T10:02:11.609Z,11,1,7,1,1,1,0,0,0,Fraud,1,35,35,incident
Unfair Charge for Pickup Delay,Fraud,https://www.google.com/maps/reviews/data=!4m8!14m7!1m6!2m5!1sCi9DQUlRQUNvZENodHljRjlvT2tob1JYTTFNbU5pY1hWbWFWUXlTRmhsUzNWb1JGRRAB!2m1!1s0x0:0x1b82a0d04cf6def6!3m1!1s2@1:CAIQACodChtycF9oOkhoRXM1MmNicXVmaVQySFhlS3VoRFE%7C%7C?hl=en,2025-08-28T14:53:39Z,"Taluka Pernem, Mopa, Goa 403512, India (15.731248, 73.866924)",Google Maps (user review),Reviewer alleges they were charged Rs.500 due to a one-minute exit delay caused by blocked lanes at the pickup area.,Manohar International Airport (GOX) - Goa,Manohar International Airport Mopa,Scam and Tourist Trap,OVERCHARGING,15.7312475,73.8669245,"Taluka Pernem, Mopa, Goa 403512, India",Mopa,"Money looting place, please don't opt for this airport. Big scam is happening with private vehicle pickup. I have been charged Rs.500 for 1 min delay. I picked 4 people with luggages and while I approached exit gate, there were two lanes, both are occupied by cars. This led to 1 min delay and the support from staffs are pathetic in understanding the concern.

I reached GMR support as well, end result is same. Money looting place, better avoid this airport.

Even GMR support is not understanding the concern.",1,-0.8,2,0.95,USER_ALLEGATION,REVIEW,INC-4ef8bad094d8aca9,ChIJu8f0v06NvzsR9t72TNCgghs,https://www.google.com/maps/search/?api=1&query=Manohar%20International%20Airport%20(GOX)%20-%20Goa&query_place_id=ChIJu8f0v06NvzsR9t72TNCgghs,Ci9DQUlRQUNvZENodHljRjlvT2tob1JYTTFNbU5pY1hWbWFWUXlTRmhsUzNWb1JGRRAB,ANAKIN_AI,e3469a0ebe0cd0a3148b6974735b94d233aa0b70fd8a8064bb7c1ebcad29970a,2026-09-26T10:02:11.609Z,11,1,7,1,1,1,0,0,0,Fraud,1,35,35,incident
Staff harassment and lack of equipment,Harassment,https://www.google.com/maps/reviews/data=!4m8!14m7!1m6!2m5!1sChZDSUhNMG9nS0VJQ0FnSUNIcmFXTldBEAE!2m1!1s0x0:0x1b82a0d04cf6def6!3m1!1s2@1:CIHM0ogKEICAgICHraWNWA%7C%7C?hl=en,2024-09-07T17:02:14Z,"Taluka Pernem, Mopa, Goa 403512, India (15.731248, 73.866924)",Google Maps (user review),Reviewer reported being harassed and threatened by staff while assisting a wheelchair-bound mother.,Manohar International Airport (GOX) - Goa,Manohar International Airport Mopa,Scam and Tourist Trap,HARASSMENT,15.7312475,73.8669245,"Taluka Pernem, Mopa, Goa 403512, India",Mopa,The staff harassed me and my mother who came in a wheel chair and they did not have any required medical equipment or arrangements for my mother these guys kept telling me that they won’t let me go with my mother. It was just 6 mins in the lane and the staff has been very rude and ungrateful.,1,-0.9,3,0.9,USER_REPORTED,REVIEW,INC-dc17215ca0a7f495,ChIJu8f0v06NvzsR9t72TNCgghs,https://www.google.com/maps/search/?api=1&query=Manohar%20International%20Airport%20(GOX)%20-%20Goa&query_place_id=ChIJu8f0v06NvzsR9t72TNCgghs,ChZDSUhNMG9nS0VJQ0FnSUNIcmFXTldBEAE,ANAKIN_AI,6dbaa42aa00bf24e90a4fee9c48776e9091b4ac9981346fce49de8a85b93609c,2026-09-26T10:02:11.609Z,11,1,7,1,1,1,0,0,0,Fraud,1,35,35,incident
Unnecessary exit charges alleged as scam,Scam,https://www.google.com/maps/reviews/data=!4m8!14m7!1m6!2m5!1sCi9DQUlRQUNvZENodHljRjlvT2w5ckxTMVpVVlpyTVU1dVgyUmxRVkl6TmpsM0xXYxAB!2m1!1s0x0:0x1b82a0d04cf6def6!3m1!1s2@1:CAIQACodChtycF9oOl9rLS1ZUVZrMU5uX2RlQVIzNjl3LWc%7C%7C?hl=en,2026-06-05T19:04:22Z,"Taluka Pernem, Mopa, Goa 403512, India (15.731248, 73.866924)",Google Maps (user review),Reviewer alleged that the airport management runs a scam by charging unnecessary exit fees without guidance.,Manohar International Airport (GOX) - Goa,Manohar International Airport Mopa,Scam and Tourist Trap,SCAM,15.7312475,73.8669245,"Taluka Pernem, Mopa, Goa 403512, India",Mopa,GMR group working at Manohar parrikar mopa Airport is biggest scam.... They loot people there.... They charge unnecessaryly on exit without any proper guidance.... When ask about the issue  they say register complain in police station n try to shut down the issue... GMR main aim is to loot people.,1,-0.95,2,0.95,USER_ALLEGATION,REVIEW,INC-462de6a77a9cd597,ChIJu8f0v06NvzsR9t72TNCgghs,https://www.google.com/maps/search/?api=1&query=Manohar%20International%20Airport%20(GOX)%20-%20Goa&query_place_id=ChIJu8f0v06NvzsR9t72TNCgghs,Ci9DQUlRQUNvZENodHljRjlvT2w5ckxTMVpVVlpyTVU1dVgyUmxRVkl6TmpsM0xXYxAB,ANAKIN_AI,74f17a2a054e043c36c638f129dc4d16ec6026a93222555f4d9302563c23b944,2026-09-26T10:02:11.609Z,11,1,7,1,1,1,0,0,0,Fraud,1,35,35,incident
Severe overcharging and tourist trap,Fraud,https://www.google.com/maps/reviews/data=!4m8!14m7!1m6!2m5!1sChZDSUhNMG9nS0VJQ0FnSUNNcnZ6VkN3EAE!2m1!1s0x0:0x498aeb574a55d27d!3m1!1s2@1:CIHM0ogKEICAgICMrvzVCw%7C%7C?hl=en,2019-11-20T06:22:54Z,"Shop Number 4, Kalap Building, Mapusa Municipal Market, Mapusa, Goa 403507, India (15.588513, 73.813037)",Google Maps (user review),"Reviewer reports being heavily overcharged, stating items worth 100 rupees were sold for 250 rupees.",Mapusa Municipal Market,Mapusa Market,Scam and Tourist Trap,OVERCHARGING,15.5885135,73.8130369,"Shop Number 4, Kalap Building, Mapusa Municipal Market, Mapusa, Goa 403507, India",Mapusa,Worst place to visit any visitor from gujarat should avoid this place as we get lot of options in ahmedabad itself. waste of time and dont even buy anything from here they just sold 100 rs thing in 250rs.,1,-0.9,2,0.92,USER_REPORTED,REVIEW,INC-22cb969874b1445e,ChIJE8eTqebqvzsRfdJVSlfrikk,https://www.google.com/maps/search/?api=1&query=Mapusa%20Municipal%20Market&query_place_id=ChIJE8eTqebqvzsRfdJVSlfrikk,ChZDSUhNMG9nS0VJQ0FnSUNNcnZ6VkN3EAE,ANAKIN_AI,910e6e94e031ed62c1e874c009bd0f2c6aeb4e0bdad24e4235a1853f5cbf37bf,2026-09-26T10:02:11.609Z,3,1,1,0,0,0,0,0,1,Scam,2,35,35,incident
Fast vehicles and blocked sidewalks create hazards,Infrastructure hazard,https://www.google.com/maps/reviews/data=!4m8!14m7!1m6!2m5!1sChZDSUhNMG9nS0VJQ0FnSUNVOGJIaEhBEAE!2m1!1s0x0:0x498aeb574a55d27d!3m1!1s2@1:CIHM0ogKEICAgICU8bHhHA%7C%7C?hl=en,2022-07-18T17:29:31Z,"Shop Number 4, Kalap Building, Mapusa Municipal Market, Mapusa, Goa 403507, India (15.588513, 73.813037)",Google Maps (user review),"Reviewer reports that sidewalks are blocked by goods and fast-moving vehicles create accident hazards for pedestrians, especially the elderly.",Mapusa Municipal Market,Mapusa Market,Scam and Tourist Trap,OTHER,15.5885135,73.8130369,"Shop Number 4, Kalap Building, Mapusa Municipal Market, Mapusa, Goa 403507, India",Mapusa,"Horrible. Very dirty. All the side walks are occupied by shopkeepers to keep their goods. There is no place to walk and do shopping.Also All four wheeler and two wheeler come into the markit very fast, this can cause accidents to people specially the elderly. In one word. It is not maintained well by the Mapusa Municipality.",1,-0.9,2,0.88,USER_REPORTED,REVIEW,INC-30f8b6ccdc0245fc,ChIJE8eTqebqvzsRfdJVSlfrikk,https://www.google.com/maps/search/?api=1&query=Mapusa%20Municipal%20Market&query_place_id=ChIJE8eTqebqvzsRfdJVSlfrikk,ChZDSUhNMG9nS0VJQ0FnSUNVOGJIaEhBEAE,ANAKIN_AI,b52737bacb92495ff40368517a2e93db589018b174280018c33bf7ed6a6549d6,2026-09-26T10:02:11.609Z,3,1,1,0,0,0,0,0,1,Scam,2,35,35,incident
Shopkeepers try to loot customers,Scam,https://www.google.com/maps/reviews/data=!4m8!14m7!1m6!2m5!1sCi9DQUlRQUNvZENodHljRjlvT21kT1IxVlFORUZ1YTFCRlRWa3lhR3RKY0d4aWNXYxAB!2m1!1s0x0:0x498aeb574a55d27d!3m1!1s2@1:CAIQACodChtycF9oOmdOR1VQNEFua1BFTVkyaGtJcGxicWc%7C%7C?hl=en,2025-12-24T21:01:30Z,"Shop Number 4, Kalap Building, Mapusa Municipal Market, Mapusa, Goa 403507, India (15.588513, 73.813037)",Google Maps (user review),"Reviewer warns that most shopkeepers try to overcharge or cheat customers, advising others to check items carefully.",Mapusa Municipal Market,Mapusa Market,Scam and Tourist Trap,SCAM,15.5885135,73.8130369,"Shop Number 4, Kalap Building, Mapusa Municipal Market, Mapusa, Goa 403507, India",Mapusa,"90% of the shopkeepers are sitting here only to loot, see the item carefully and be careful, what you are buying is also important.",1,-0.8,2,0.85,WARNING,REVIEW,INC-dce08725512c6496,ChIJE8eTqebqvzsRfdJVSlfrikk,https://www.google.com/maps/search/?api=1&query=Mapusa%20Municipal%20Market&query_place_id=ChIJE8eTqebqvzsRfdJVSlfrikk,Ci9DQUlRQUNvZENodHljRjlvT21kT1IxVlFORUZ1YTFCRlRWa3lhR3RKY0d4aWNXYxAB,ANAKIN_AI,3dd071c1c3594d978c59b761332f5268aefa5b0673bdd29956ac191079dfcb7b,2026-09-26T10:02:11.609Z,3,1,1,0,0,0,0,0,1,Scam,2,35,35,incident
Lifeguard Assault and Voyeurism Incident,Crime,https://www.google.com/maps/reviews/data=!4m8!14m7!1m6!2m5!1sCi9DQUlRQUNvZENodHljRjlvT2tZM01uSnpWM1Z3TjNCVmVsRkVaa2QxTldwNlNWRRAB!2m1!1s0x0:0x1f46aebbe429d6d2!3m1!1s2@1:CAIQACodChtycF9oOkY3MnJzV3VwN3BVelFEZkd1NWp6SVE%7C%7C?hl=en,2026-04-04T11:39:56Z,"Tem, Morjim, Goa 403512, India (15.617320, 73.733580)",Google Maps (user review),Reviewer reported being hit by a lifeguard and witnessing voyeurism.,Morjim Beach Goa,Morjim Beach,Street-Crime and High-Risk,ASSAULT,15.6173203,73.7335798,"Tem, Morjim, Goa 403512, India",Morjim,"Got hit by lifeguard...
Saw him looking at women while changing dress.
Lifeguard name was not provided when asked......really local goa people needs to respect tourist.
Just opposite to Plant Bollywood Shak.",1,-0.9,4,0.95,USER_REPORTED,REVIEW,INC-e1be3ad4e00d8ad0,ChIJr4aj2XbpvzsR0tYp5LuuRh8,https://www.google.com/maps/search/?api=1&query=Morjim%20Beach%20Goa&query_place_id=ChIJr4aj2XbpvzsR0tYp5LuuRh8,Ci9DQUlRQUNvZENodHljRjlvT2tZM01uSnpWM1Z3TjNCVmVsRkVaa2QxTldwNlNWRRAB,ANAKIN_AI,81d33152b8caedc897a1a8fb78ba8c026b81e16d6057dbc7d9aed9001f1c3458,2026-09-26T10:02:11.609Z,6,2,1,1,0,0,0,2,0,Scam,2,35,35,incident
Excessive Parking and Bed Charges,Fraud,https://www.google.com/maps/reviews/data=!4m8!14m7!1m6!2m5!1sChdDSUhNMG9nS0VJQ0FnSURXMnZMOHpnRRAB!2m1!1s0x0:0x1f46aebbe429d6d2!3m1!1s2@1:CIHM0ogKEICAgIDW2vL8zgE%7C%7C?hl=en,2022-03-22T00:49:21Z,"Tem, Morjim, Goa 403512, India (15.617320, 73.733580)",Google Maps (user review),Reviewer reported high parking fees and per-hour bed charges enforced by a beach shack.,Morjim Beach Goa,Morjim Beach,Street-Crime and High-Risk,OVERCHARGING,15.6173203,73.7335798,"Tem, Morjim, Goa 403512, India",Morjim,"Morjim is amongst the best beaches in Goa but this location is a misguided one and probably owners of S2 Beach Shack are behind all this. This location is just a part of beach, entry to which leads through S2 Beach Shack and they charge a whopping parking fee of Rs 100/- for 4 wheeler and Rs 50/- for 2 wheeler. Also they charge Rs50/- per bed per hour and when I went there, no waiver was offered. I will advise to avoid this place not just because of their monopoly but also because they have spoilt the charm of GOA. Please follow the signage boards all through the GOA which will lead you to the actual Morjim Beach instead of this one which is the default search result of Google.
While coming from Calangute, just don't turn right at Beach Cross Junction, instead follow the sign board and continue straight which will lead to the actual beauty of Morjim Beach.",1,-0.8,1,0.9,USER_REPORTED,REVIEW,INC-adbb756413c1ff20,ChIJr4aj2XbpvzsR0tYp5LuuRh8,https://www.google.com/maps/search/?api=1&query=Morjim%20Beach%20Goa&query_place_id=ChIJr4aj2XbpvzsR0tYp5LuuRh8,ChdDSUhNMG9nS0VJQ0FnSURXMnZMOHpnRRAB,ANAKIN_AI,8452fc027ae10ed5c124a93c1a1a5843619747112d7ede4f93bc5db17b98b5ab,2026-09-26T10:02:11.609Z,6,2,1,1,0,0,0,2,0,Scam,2,35,35,incident
Tourist Trap and Rip-offs,Scam,https://www.google.com/maps/reviews/data=!4m8!14m7!1m6!2m5!1sChZDSUhNMG9nS0VJQ0FnTURvMHJqNFlnEAE!2m1!1s0x0:0x1f46aebbe429d6d2!3m1!1s2@1:CIHM0ogKEICAgMDo0rj4Yg%7C%7C?hl=en,2025-04-23T11:20:42Z,"Tem, Morjim, Goa 403512, India (15.617320, 73.733580)",Google Maps (user review),Reviewer alleged tourist rip-offs and being a tourist trap.,Morjim Beach Goa,Morjim Beach,Street-Crime and High-Risk,TOURIST_SCAM,15.6173203,73.7335798,"Tem, Morjim, Goa 403512, India",Morjim,"the worst.  noise pollution, actual pollution, garbage everywhere, only money, power outages every hour, tourist ripoffs etc.
maybe 20-30 years ago, but now it is just a tourist trap",1,-0.85,2,0.85,USER_ALLEGATION,REVIEW,INC-137045a9f32681c4,ChIJr4aj2XbpvzsR0tYp5LuuRh8,https://www.google.com/maps/search/?api=1&query=Morjim%20Beach%20Goa&query_place_id=ChIJr4aj2XbpvzsR0tYp5LuuRh8,ChZDSUhNMG9nS0VJQ0FnTURvMHJqNFlnEAE,ANAKIN_AI,1d127aa70b0e25789be561579153d3359495188810a1af20db9a38453193e9d9,2026-09-26T10:02:11.609Z,6,2,1,1,0,0,0,2,0,Scam,2,35,35,incident
Fake Location Scam,Scam,https://www.google.com/maps/reviews/data=!4m8!14m7!1m6!2m5!1sChdDSUhNMG9nS0VJQ0FnSUNPbDhQSnhRRRAB!2m1!1s0x0:0x1f46aebbe429d6d2!3m1!1s2@1:CIHM0ogKEICAgICOl8PJxQE%7C%7C?hl=en,2022-06-22T03:33:59Z,"Tem, Morjim, Goa 403512, India (15.617320, 73.733580)",Google Maps (user review),Reviewer reported a fake location added to confuse tourists and drive traffic to restaurants.,Morjim Beach Goa,Morjim Beach,Street-Crime and High-Risk,SCAM,15.6173203,73.7335798,"Tem, Morjim, Goa 403512, India",Morjim,This is fake location for Morjim beach. People have added this location to confuse tourists so that they come to their restaurant and shacks following this location. This is not a motored road. Please follow Morjim Beach Goa location.,1,-0.8,2,0.9,USER_ALLEGATION,REVIEW,INC-d3cc97ddc359e85c,ChIJr4aj2XbpvzsR0tYp5LuuRh8,https://www.google.com/maps/search/?api=1&query=Morjim%20Beach%20Goa&query_place_id=ChIJr4aj2XbpvzsR0tYp5LuuRh8,ChdDSUhNMG9nS0VJQ0FnSUNPbDhQSnhRRRAB,ANAKIN_AI,6ae23688830e838c63ed20e0c9ef7ab7d706ec441d84550b6e8653f6ebb66e06,2026-09-26T10:02:11.609Z,6,2,1,1,0,0,0,2,0,Scam,2,35,35,incident
Harassment with Four-Wheeler Access,Unsafe area,https://www.google.com/maps/reviews/data=!4m8!14m7!1m6!2m5!1sChdDSUhNMG9nS0VJQ0FnTUN3a2R6ZzJBRRAB!2m1!1s0x0:0x1f46aebbe429d6d2!3m1!1s2@1:CIHM0ogKEICAgMCwkdzg2AE%7C%7C?hl=en,2025-03-19T12:03:03Z,"Tem, Morjim, Goa 403512, India (15.617320, 73.733580)",Google Maps (user review),Reviewer reported complete harassment when traveling via four-wheeler.,Morjim Beach Goa,Morjim Beach,Street-Crime and High-Risk,OTHER,15.6173203,73.7335798,"Tem, Morjim, Goa 403512, India",Morjim,"Don't go if you are going via 4 wheeler, it's a complete harassment.",1,-0.75,2,0.85,USER_ALLEGATION,REVIEW,INC-3fbd8dc9ec2395ac,ChIJr4aj2XbpvzsR0tYp5LuuRh8,https://www.google.com/maps/search/?api=1&query=Morjim%20Beach%20Goa&query_place_id=ChIJr4aj2XbpvzsR0tYp5LuuRh8,ChdDSUhNMG9nS0VJQ0FnTUN3a2R6ZzJBRRAB,ANAKIN_AI,dd1782abef49def6a05ec1e2ea619d85c882203c52ad516956b7137e3e9ac45b,2026-09-26T10:02:11.609Z,6,2,1,1,0,0,0,2,0,Scam,2,35,35,incident
Security Concerns and Unwelcoming Residents,Unsafe area,https://www.google.com/maps/reviews/data=!4m8!14m7!1m6!2m5!1sChZDSUhNMG9nS0VJQ0FnSUM3bC1pUkR3EAE!2m1!1s0x0:0x1f46aebbe429d6d2!3m1!1s2@1:CIHM0ogKEICAgIC7l-iRDw%7C%7C?hl=en,2024-08-18T19:57:44Z,"Tem, Morjim, Goa 403512, India (15.617320, 73.733580)",Google Maps (user review),Reviewer reported security concerns at the beach during the evening and demanding parking fees from locals.,Morjim Beach Goa,Morjim Beach,Street-Crime and High-Risk,UNSAFE_AT_NIGHT,15.6173203,73.7335798,"Tem, Morjim, Goa 403512, India",Morjim,"Waste of time. It’s well known that this beach isn’t ideal during evening time due to security concerns. Even during the day time, surrounding residents are unwelcoming to tourists. There is no parking and residents demand Rs. 200 to even park vehicles close to their homes.",1,-0.8,2,0.9,USER_REPORTED,REVIEW,INC-7106c570db25cfa3,ChIJr4aj2XbpvzsR0tYp5LuuRh8,https://www.google.com/maps/search/?api=1&query=Morjim%20Beach%20Goa&query_place_id=ChIJr4aj2XbpvzsR0tYp5LuuRh8,ChZDSUhNMG9nS0VJQ0FnSUM3bC1pUkR3EAE,ANAKIN_AI,636dfc8e470cfc1b712c33d1cd8262e495355a50ada8b933df1d0abd141fb94e,2026-09-26T10:02:11.609Z,6,2,1,1,0,0,0,2,0,Scam,2,35,35,incident
Dog attack on beach,Accident,https://www.google.com/maps/reviews/data=!4m8!14m7!1m6!2m5!1sChZDSUhNMG9nS0VJQ0FnSURsbk1DT0dREAE!2m1!1s0x0:0x1e1bc67d4b0fbbf5!3m1!1s2@1:CIHM0ogKEICAgIDlnMCOGQ%7C%7C?hl=en,2023-11-30T18:40:07Z,"Goa, India (15.009965, 74.023219)",Google Maps (user review),Reviewer reported being attacked and bitten by stray dogs on the beach.,Palolem Beach,Palolem Beach,Street-Crime and High-Risk,OTHER,15.0099648,74.0232186,"Goa, India",,Not a pet friendly beach ...do not take your pets along ....got attacked by too many dogs at a time ...also one dog bit me ...food on the shacks is lovely and it's a beautiful place but not for pet parents,1,-0.8,3,0.95,USER_REPORTED,REVIEW,INC-230e2c3184aafdc9,ChIJuwJb0FFFvjsR9bsPS33GGx4,https://www.google.com/maps/search/?api=1&query=Palolem%20Beach&query_place_id=ChIJuwJb0FFFvjsR9bsPS33GGx4,ChZDSUhNMG9nS0VJQ0FnSURsbk1DT0dREAE,ANAKIN_AI,cff03a3a713834f27562b22fb77aae01721974fe72064b2402bd5f7e9d0a743c,2026-09-26T10:02:11.609Z,10,2,1,0,4,1,0,2,0,Harassment,1,35,35,incident
Excessive parking fees and rude staff,Fraud,https://www.google.com/maps/reviews/data=!4m8!14m7!1m6!2m5!1sCi9DQUlRQUNvZENodHljRjlvT2tkdU1TMXVSek5XYTBkbGJqWm1aREZFYUcxclQyYxAB!2m1!1s0x0:0x1e1bc67d4b0fbbf5!3m1!1s2@1:CAIQACodChtycF9oOkduMS1uRzNWa0dlbjZmZDFEaG1rT2c%7C%7C?hl=en,2025-12-25T13:20:59Z,"Goa, India (15.009965, 74.023219)",Google Maps (user review),Reviewer alleged that parking staff charged excessively high fees and exhibited rude behavior.,Palolem Beach,Palolem Beach,Street-Crime and High-Risk,OVERCHARGING,15.0099648,74.0232186,"Goa, India",,"Very good beach in south Goa, But parking fee is too high, it’s 315 rupees for Car, they are looting people, rude behaviour of parking people.",1,-0.8,2,0.95,USER_ALLEGATION,REVIEW,INC-3ecd927e3e69925e,ChIJuwJb0FFFvjsR9bsPS33GGx4,https://www.google.com/maps/search/?api=1&query=Palolem%20Beach&query_place_id=ChIJuwJb0FFFvjsR9bsPS33GGx4,Ci9DQUlRQUNvZENodHljRjlvT2tkdU1TMXVSek5XYTBkbGJqWm1aREZFYUcxclQyYxAB,ANAKIN_AI,2d5982de31919687a8a5e4adeec20a3a62b9abde77ff8139a74b566ad77e8cff,2026-09-26T10:02:11.609Z,10,2,1,0,4,1,0,2,0,Harassment,1,35,35,incident
Parking lot harassment and vehicle fines,Harassment,https://www.google.com/maps/reviews/data=!4m8!14m7!1m6!2m5!1sCi9DQUlRQUNvZENodHljRjlvT2s5YWEzVlNVbkYyYzA1NVdXTjRUV1J5Um1KM2FHYxAB!2m1!1s0x0:0x1e1bc67d4b0fbbf5!3m1!1s2@1:CAIQACodChtycF9oOk9aa3VSUnF2c055WWN4TWRyRmJ3aGc%7C%7C?hl=en,2026-02-20T16:22:40Z,"Goa, India (15.009965, 74.023219)",Google Maps (user review),Reviewer stated that parking lot attendants and a traffic cop harassed them to issue fines.,Palolem Beach,Palolem Beach,Street-Crime and High-Risk,HARASSMENT,15.0099648,74.0232186,"Goa, India",,"Being a Goan, I wouldn’t recommend this beach. Apart from the dirty shore, the people in charge of the parking lots literally harassed us to park there and even involved a traffic cop just because we weren’t wearing helmets while parking. Be careful — it felt like they guide visitors in mainly to check vehicle documents and issue fines.",1,-0.9,2,0.95,USER_REPORTED,REVIEW,INC-ebcee584bd81a94b,ChIJuwJb0FFFvjsR9bsPS33GGx4,https://www.google.com/maps/search/?api=1&query=Palolem%20Beach&query_place_id=ChIJuwJb0FFFvjsR9bsPS33GGx4,Ci9DQUlRQUNvZENodHljRjlvT2s5YWEzVlNVbkYyYzA1NVdXTjRUV1J5Um1KM2FHYxAB,ANAKIN_AI,fc0acb89303298abf9336f486e0b6d24947bf93d7bf7f042a633e520c719bcd1,2026-09-26T10:02:11.609Z,10,2,1,0,4,1,0,2,0,Harassment,1,35,35,incident
Constant harassment by street vendors,Harassment,https://www.google.com/maps/reviews/data=!4m8!14m7!1m6!2m5!1sChdDSUhNMG9nS0VJQ0FnSUQzbksyM19nRRAB!2m1!1s0x0:0x1e1bc67d4b0fbbf5!3m1!1s2@1:CIHM0ogKEICAgID3nK23_gE%7C%7C?hl=en,2024-11-13T03:52:20Z,"Goa, India (15.009965, 74.023219)",Google Maps (user review),Reviewer reported constant harassment by aggressive street vendors selling items.,Palolem Beach,Palolem Beach,Street-Crime and High-Risk,HARASSMENT,15.0099648,74.0232186,"Goa, India",,"Lovely beach, clean warm water

HOWEVER the constant harassment by people try to sell you all sorts of rubbish really ruins the whole experience. Literally every 2 minutes someone will try and sell you some cheap Chinese rubbish, they even do it while you are asleep on a sunbed or mid way though a meal. Time for the government to do something about it.",1,-0.8,2,0.9,USER_REPORTED,REVIEW,INC-6cae6a150b5235fe,ChIJuwJb0FFFvjsR9bsPS33GGx4,https://www.google.com/maps/search/?api=1&query=Palolem%20Beach&query_place_id=ChIJuwJb0FFFvjsR9bsPS33GGx4,ChdDSUhNMG9nS0VJQ0FnSUQzbksyM19nRRAB,ANAKIN_AI,a375887fe46568a87bf339b9e19e613ec8575803133ba04298a16a446ef6d152,2026-09-26T10:02:11.609Z,10,2,1,0,4,1,0,2,0,Harassment,1,35,35,incident
Police harassment of tourists,Harassment,https://www.google.com/maps/reviews/data=!4m8!14m7!1m6!2m5!1sChZDSUhNMG9nS0VJQ0FnSURPaHBDR1pBEAE!2m1!1s0x0:0x1e1bc67d4b0fbbf5!3m1!1s2@1:CIHM0ogKEICAgIDOhpCGZA%7C%7C?hl=en,2022-07-03T18:41:40Z,"Goa, India (15.009965, 74.023219)",Google Maps (user review),Reviewer alleged extreme harassment of tourists by local police authorities.,Palolem Beach,Palolem Beach,Street-Crime and High-Risk,HARASSMENT,15.0099648,74.0232186,"Goa, India",,Most dirty beach in Goa. The beautiful sea but the beach is filthy not maintained and here the authorities are just corrupt and ruining the tourism. Police harrassment to the tourist are at an extremity.,1,-0.9,3,0.92,USER_ALLEGATION,REVIEW,INC-4005b5665cbf44e9,ChIJuwJb0FFFvjsR9bsPS33GGx4,https://www.google.com/maps/search/?api=1&query=Palolem%20Beach&query_place_id=ChIJuwJb0FFFvjsR9bsPS33GGx4,ChZDSUhNMG9nS0VJQ0FnSURPaHBDR1pBEAE,ANAKIN_AI,4f84543fefab8aa44132036c05ee2e85fb8ee994ab24132298e1e6926a84e0af,2026-09-26T10:02:11.609Z,10,2,1,0,4,1,0,2,0,Harassment,1,35,35,incident
Harassment of women on the beach,Harassment,https://www.google.com/maps/reviews/data=!4m8!14m7!1m6!2m5!1sChZDSUhNMG9nS0VJQ0FnSUNVMzYtT1ZREAE!2m1!1s0x0:0x1e1bc67d4b0fbbf5!3m1!1s2@1:CIHM0ogKEICAgICU36-OVQ%7C%7C?hl=en,2019-08-10T05:13:12Z,"Goa, India (15.009965, 74.023219)",Google Maps (user review),"Reviewer reported that women face harassment, teasing, staring, and unwanted touching by groups of men on the beach.",Palolem Beach,Palolem Beach,Street-Crime and High-Risk,HARASSMENT,15.0099648,74.0232186,"Goa, India",,"It was one of the most beautiful beaches of goa but sadly tourism has ruined it. Now the crowd that comes is not at all sensitive to the people or the beach. There is plastic everywhere and it's overcrowded in the season. The hordes of men coming from other states make it impossible for women to have a safe swim. They get drunk and tease, stare and don't miss an opportunity to touch women on the pretext of a photograph. Very shameful behavior..",1,-0.9,4,0.98,USER_REPORTED,REVIEW,INC-6d77e3c09a4abae6,ChIJuwJb0FFFvjsR9bsPS33GGx4,https://www.google.com/maps/search/?api=1&query=Palolem%20Beach&query_place_id=ChIJuwJb0FFFvjsR9bsPS33GGx4,ChZDSUhNMG9nS0VJQ0FnSUNVMzYtT1ZREAE,ANAKIN_AI,cf3eecba65d3f008576329ed0098703b56fd508e225d3b4f64f16fa3c08b208c,2026-09-26T10:02:11.609Z,10,2,1,0,4,1,0,2,0,Harassment,1,35,35,incident
Tourists allegedly robbed by local vendors,Scam,https://www.google.com/maps/reviews/data=!4m8!14m7!1m6!2m5!1sCi9DQUlRQUNvZENodHljRjlvT2xwUVlVUlVhblZ6WjBGNmJWUnVUWEV0WjNCS1pWRRAB!2m1!1s0x0:0x1e1bc67d4b0fbbf5!3m1!1s2@1:CAIQACodChtycF9oOlpQYURUanVzZ0F6bVRuTXEtZ3BKZVE%7C%7C?hl=en,2025-12-16T04:15:57Z,"Goa, India (15.009965, 74.023219)",Google Maps (user review),"Reviewer alleged that shopkeepers, vehicle drivers, and hotel owners robbed tourists.",Palolem Beach,Palolem Beach,Street-Crime and High-Risk,TOURIST_SCAM,15.0099648,74.0232186,"Goa, India",,Goa beach is very beautiful but shopkeeper and vehicle driver hotel owner they destroyed my trip...they don't charge of their service but they robbed tourist...they lootne pr lge h..mood off kar diya.....,1,-0.9,3,0.9,USER_ALLEGATION,REVIEW,INC-3eac49350b5e5a5c,ChIJuwJb0FFFvjsR9bsPS33GGx4,https://www.google.com/maps/search/?api=1&query=Palolem%20Beach&query_place_id=ChIJuwJb0FFFvjsR9bsPS33GGx4,Ci9DQUlRQUNvZENodHljRjlvT2xwUVlVUlVhblZ6WjBGNmJWUnVUWEV0WjNCS1pWRRAB,ANAKIN_AI,e5b1bd8cf4e9a60940b75e5a3659b2f380caa6f769b561dc5320a742b3484fa7,2026-09-26T10:02:11.609Z,10,2,1,0,4,1,0,2,0,Harassment,1,35,35,incident
Tourist boat and ferry scam,Scam,https://www.google.com/maps/reviews/data=!4m8!14m7!1m6!2m5!1sChdDSUhNMG9nS0VJQ0FnSUNmMWJQWmdRRRAB!2m1!1s0x0:0x1e1bc67d4b0fbbf5!3m1!1s2@1:CIHM0ogKEICAgICf1bPZgQE%7C%7C?hl=en,2024-12-31T08:21:45Z,"Goa, India (15.009965, 74.023219)",Google Maps (user review),"Reviewer claimed that Palolem beach, ferry rides, and boat operations are a scam run by cab drivers and boat operators.",Palolem Beach,Palolem Beach,Street-Crime and High-Risk,TOURIST_SCAM,15.0099648,74.0232186,"Goa, India",,"Palolem beach is a scam, if you are staying near Colva or Benaulim, you have best beaches and best crowd around. The ferry to so called honeymoon beach or butterfly beach is a bigger scam. It's a scheme run by cab drivers and boat operators. Not worth 4hours of travel from Good South. Stay safe :)",1,-0.9,3,0.95,USER_ALLEGATION,REVIEW,INC-9d48c512a4728810,ChIJuwJb0FFFvjsR9bsPS33GGx4,https://www.google.com/maps/search/?api=1&query=Palolem%20Beach&query_place_id=ChIJuwJb0FFFvjsR9bsPS33GGx4,ChdDSUhNMG9nS0VJQ0FnSUNmMWJQWmdRRRAB,ANAKIN_AI,1819a0fbf93f47bbe2de162ba33e675cc1a6159b940295aa66320282801ab5e5,2026-09-26T10:02:11.609Z,10,2,1,0,4,1,0,2,0,Harassment,1,35,35,incident
Lifeguard harassment and stray dogs,Unsafe area,https://www.google.com/maps/reviews/data=!4m8!14m7!1m6!2m5!1sCi9DQUlRQUNvZENodHljRjlvT2tKRlJuQm9jME14UkZKc1ltNTBaVWhyY2xveVptYxAB!2m1!1s0x0:0x1e1bc67d4b0fbbf5!3m1!1s2@1:CAIQACodChtycF9oOkJFRnBoc0MxRFJsYm50ZUhrcloyZmc%7C%7C?hl=en,2025-07-19T22:40:10Z,"Goa, India (15.009965, 74.023219)",Google Maps (user review),Reviewer stated that lifeguards harassed swimmers and aggressive stray dogs were everywhere.,Palolem Beach,Palolem Beach,Street-Crime and High-Risk,OTHER,15.0099648,74.0232186,"Goa, India",,"Swimming forbiden till September. Lifeguards will harass you if you try. Sick.
No waves, no riptide. Open the beach, if just for them kids.
So many aggressive stray dogs everywhere.",1,-0.9,2,0.95,USER_REPORTED,REVIEW,INC-28cfcf4af13a9751,ChIJuwJb0FFFvjsR9bsPS33GGx4,https://www.google.com/maps/search/?api=1&query=Palolem%20Beach&query_place_id=ChIJuwJb0FFFvjsR9bsPS33GGx4,Ci9DQUlRQUNvZENodHljRjlvT2tKRlJuQm9jME14UkZKc1ltNTBaVWhyY2xveVptYxAB,ANAKIN_AI,7d7fa3cf240eece62f1bfe982626f162f83d6becc04e736da2c4081fedd1d228,2026-09-26T10:02:11.609Z,10,2,1,0,4,1,0,2,0,Harassment,1,35,35,incident
Loud music and noise at night,Unsafe area,https://www.google.com/maps/reviews/data=!4m8!14m7!1m6!2m5!1sChZDSUhNMG9nS0VJQ0FnSUR2OThLOUlREAE!2m1!1s0x0:0x1e1bc67d4b0fbbf5!3m1!1s2@1:CIHM0ogKEICAgIDv98K9IQ%7C%7C?hl=en,2024-12-25T03:57:27Z,"Goa, India (15.009965, 74.023219)",Google Maps (user review),Reviewer reported extremely loud music from bars until midnight making it noisy at night.,Palolem Beach,Palolem Beach,Street-Crime and High-Risk,UNSAFE_AT_NIGHT,15.0099648,74.0232186,"Goa, India",,Extremely noisy during the nights. Beach front huts have bars next to it which plays loud music until midnight. Stay further away from these bars for your stays.,1,-0.7,2,0.85,USER_REPORTED,REVIEW,INC-41261302a2558bdf,ChIJuwJb0FFFvjsR9bsPS33GGx4,https://www.google.com/maps/search/?api=1&query=Palolem%20Beach&query_place_id=ChIJuwJb0FFFvjsR9bsPS33GGx4,ChZDSUhNMG9nS0VJQ0FnSUR2OThLOUlREAE,ANAKIN_AI,831d0947a1be07b8f6b5b5d57034ac56a586d0b28ab533ef76785ce364957b9f,2026-09-26T10:02:11.609Z,10,2,1,0,4,1,0,2,0,Harassment,1,35,35,incident
Fall on poor ramp condition,Accident,https://www.google.com/maps/reviews/data=!4m8!14m7!1m6!2m5!1sChZDSUhNMG9nS0VJQ0FnSURCd0otelNBEAE!2m1!1s0x0:0x2ce75d8f876b8950!3m1!1s2@1:CIHM0ogKEICAgIDBwJ-zSA%7C%7C?hl=en,2023-01-09T06:23:37Z,"JVHG+WQR, Bodiem, Sirsai, Goa 403502, India (15.629860, 73.876895)",Google Maps (user review),Reviewer witnessed a lady with a small kid fall down on a poor condition ramp at the station.,Thivim Railway Station,Thivim Railway Station,Street-Crime and High-Risk,FALL_INJURY,15.6298603,73.8768953,"JVHG+WQR, Bodiem, Sirsai, Goa 403502, India",Sirsai,"Goa is tourist place and mostly travelers drop in here, but platforms and management is poor, not much safely measure, outstation ramp condition is very poor,  I hv seen one lady with small kid fall down on ramp. Authorities must take care.",1,-0.8,2,0.95,USER_REPORTED,REVIEW,INC-8e4f79ac1faf6107,ChIJ4dy-VriVvzsRUIlrh49d5yw,https://www.google.com/maps/search/?api=1&query=Thivim%20Railway%20Station&query_place_id=ChIJ4dy-VriVvzsRUIlrh49d5yw,ChZDSUhNMG9nS0VJQ0FnSURCd0otelNBEAE,ANAKIN_AI,3e57be9edb7f241ceaf19973cb2f996583407b51078606db301d28935674e712,2026-09-26T10:02:11.609Z,9,2,0,1,1,1,0,4,0,Unsafe area,2,70,70,incident
Taxi and auto misbehavior and extortion,Crime,https://www.google.com/maps/reviews/data=!4m8!14m7!1m6!2m5!1sChdDSUhNMG9nS0VJQ0FnSURCOHRHOW93RRAB!2m1!1s0x0:0x2ce75d8f876b8950!3m1!1s2@1:CIHM0ogKEICAgIDB8tG9owE%7C%7C?hl=en,2023-01-16T06:41:50Z,"JVHG+WQR, Bodiem, Sirsai, Goa 403502, India (15.629860, 73.876895)",Google Maps (user review),Reviewer alleges that auto and taxi drivers loot and misbehave with passengers.,Thivim Railway Station,Thivim Railway Station,Street-Crime and High-Risk,OTHER_CRIME,15.6298603,73.8768953,"JVHG+WQR, Bodiem, Sirsai, Goa 403502, India",Sirsai,"Auto and taxi mafia would loot you, misbehave with you, might throw your trolleys outside even after taking a booking, of they don't like the destination, high time to call in ola n Uber
Station is dirty",1,-0.9,3,0.9,USER_ALLEGATION,REVIEW,INC-5a081d204d438e0c,ChIJ4dy-VriVvzsRUIlrh49d5yw,https://www.google.com/maps/search/?api=1&query=Thivim%20Railway%20Station&query_place_id=ChIJ4dy-VriVvzsRUIlrh49d5yw,ChdDSUhNMG9nS0VJQ0FnSURCOHRHOW93RRAB,ANAKIN_AI,a6d9d9891122deb83a011320664efce67eff7bd084c4d9ba95feaf3f24efd324,2026-09-26T10:02:11.609Z,9,2,0,1,1,1,0,4,0,Unsafe area,2,70,70,incident
RPF harassment during bag checks,Harassment,https://www.google.com/maps/reviews/data=!4m8!14m7!1m6!2m5!1sChZDSUhNMG9nS0VJQ0FnSUNlbzl6RUNBEAE!2m1!1s0x0:0x2ce75d8f876b8950!3m1!1s2@1:CIHM0ogKEICAgICeo9zECA%7C%7C?hl=en,2022-09-22T13:37:03Z,"JVHG+WQR, Bodiem, Sirsai, Goa 403502, India (15.629860, 73.876895)",Google Maps (user review),Reviewer reports RPF harassing tourists in the premises during luggage checking for liquor.,Thivim Railway Station,Thivim Railway Station,Street-Crime and High-Risk,HARASSMENT,15.6298603,73.8768953,"JVHG+WQR, Bodiem, Sirsai, Goa 403502, India",Sirsai,"No railway canteen for tourist, and RPF Harassing TOURIST IN THE PREMISES IN CHECKING LIQUOR IN THERE BAGS , USELESS FOR ALL TOURIST WHO CAME FOR ENJOYMENT IN GOA THAT CAN LEAD TO NAGATIVE IMPACT TO TOURIST , FOOD Canteen of railways is compulsory for all passangers",1,-0.8,3,0.9,USER_REPORTED,REVIEW,INC-7feb75e7abecdbc6,ChIJ4dy-VriVvzsRUIlrh49d5yw,https://www.google.com/maps/search/?api=1&query=Thivim%20Railway%20Station&query_place_id=ChIJ4dy-VriVvzsRUIlrh49d5yw,ChZDSUhNMG9nS0VJQ0FnSUNlbzl6RUNBEAE,ANAKIN_AI,9d8b22ea3c4004b257bde19bc2b095599039d1418d30f84c87fe86f237309c07,2026-09-26T10:02:11.609Z,9,2,0,1,1,1,0,4,0,Unsafe area,2,70,70,incident
Police and Bike Stand Extortion Scam,Scam,https://www.google.com/maps/reviews/data=!4m8!14m7!1m6!2m5!1sCi9DQUlRQUNvZENodHljRjlvT2tVeWRHVkpiQzF1T1ZoRFdsTkNWRFp1Y1VWV0xYYxAB!2m1!1s0x0:0x38989a4778b98e64!3m1!1s2@1:CAIQACodChtycF9oOkUydGVJbC1uOVhDWlNCVDZucUVWLXc%7C%7C?hl=en,2026-07-29T18:57:55Z,"Bodiem, Sirsai, Goa 403502, India (15.629966, 73.876838)",Google Maps (user review),Reviewer reported that railway police and bike stand operators are colluding to extort money through exorbitant fines and withheld receipts.,Thivim,Thivim Railway Station,Street-Crime and High-Risk,TOURIST_SCAM,15.6299661,73.8768379,"Bodiem, Sirsai, Goa 403502, India",Sirsai,"At the Tivim Junction in North Goa, Railway Police personnel and the operators of the bike stand are colluding to swindle passengers and the public, extracting between ₹1,00,000 and ₹2,00,000 daily. They threaten vehicle owners with a ""No Parking"" fine of ₹5,000 and collect exorbitant amounts from them; while they impound numerous vehicles, they issue receipts to only a few individuals. Even when fines are paid, receipts are often withheld, and the collected money is pocketed and shared between the Railway Police and the bike stand operators. No officials have taken action against this practice; I have submitted video evidence of these activities",1,-0.9,4,0.95,USER_REPORTED,REVIEW,INC-b37789fff14ba35a,ChIJ2T5P15GUvzsRZI65eEeamDg,https://www.google.com/maps/search/?api=1&query=Thivim&query_place_id=ChIJ2T5P15GUvzsRZI65eEeamDg,Ci9DQUlRQUNvZENodHljRjlvT2tVeWRHVkpiQzF1T1ZoRFdsTkNWRFp1Y1VWV0xYYxAB,ANAKIN_AI,fdd18796850c36fccc22de9d3e1d10cd0a3ae954b758aaca407fee81d6ced03b,2026-09-26T10:02:11.609Z,9,2,0,1,1,1,0,4,0,Unsafe area,2,70,70,incident
High taxi fares and pricing scam,Scam,https://www.google.com/maps/reviews/data=!4m8!14m7!1m6!2m5!1sChdDSUhNMG9nS0VJQ0FnSUNleWFTRHNRRRAB!2m1!1s0x0:0x2ce75d8f876b8950!3m1!1s2@1:CIHM0ogKEICAgICeyaSDsQE%7C%7C?hl=en,2022-09-17T09:59:39Z,"JVHG+WQR, Bodiem, Sirsai, Goa 403502, India (15.629860, 73.876895)",Google Maps (user review),Reviewer warns about high taxi prices compared to cheaper local bus options.,Thivim Railway Station,Thivim Railway Station,Street-Crime and High-Risk,TOURIST_SCAM,15.6298603,73.8768953,"JVHG+WQR, Bodiem, Sirsai, Goa 403502, India",Sirsai,"Beware of taxi Scam. There was a bus stop within 1 km from railway station, which is very cheap only 40 rupees to reach anjuna beach. But the call taxis and bike taxis are costing 500 to 1000 rupees.",1,-0.8,2,0.9,WARNING,REVIEW,INC-3d0a9496c8873d64,ChIJ4dy-VriVvzsRUIlrh49d5yw,https://www.google.com/maps/search/?api=1&query=Thivim%20Railway%20Station&query_place_id=ChIJ4dy-VriVvzsRUIlrh49d5yw,ChdDSUhNMG9nS0VJQ0FnSUNleWFTRHNRRRAB,ANAKIN_AI,da624bacab063a440fc3932dade87e4ac7d3f50a8682cb17ea33b34cab748c82,2026-09-26T10:02:11.609Z,9,2,0,1,1,1,0,4,0,Unsafe area,2,70,70,incident
Unsafe to stay at night,Unsafe area,https://www.google.com/maps/reviews/data=!4m8!14m7!1m6!2m5!1sChdDSUhNMG9nS0VJQ0FnSUNWc0pQY2hnRRAB!2m1!1s0x0:0x2ce75d8f876b8950!3m1!1s2@1:CIHM0ogKEICAgICVsJPchgE%7C%7C?hl=en,2023-12-05T02:46:13Z,"JVHG+WQR, Bodiem, Sirsai, Goa 403502, India (15.629860, 73.876895)",Google Maps (user review),Reviewer warns against staying at the station if arriving at night.,Thivim Railway Station,Thivim Railway Station,Street-Crime and High-Risk,UNSAFE_AT_NIGHT,15.6298603,73.8768953,"JVHG+WQR, Bodiem, Sirsai, Goa 403502, India",Sirsai,If any Passengers reach in night not stay in this station so possible us night train to reach here pl hire Taxi or Book room,1,-0.7,3,0.95,WARNING,REVIEW,INC-d5eed065152589b0,ChIJ4dy-VriVvzsRUIlrh49d5yw,https://www.google.com/maps/search/?api=1&query=Thivim%20Railway%20Station&query_place_id=ChIJ4dy-VriVvzsRUIlrh49d5yw,ChdDSUhNMG9nS0VJQ0FnSUNWc0pQY2hnRRAB,ANAKIN_AI,c315b8dd3fb416ee1bdbc74fa2e23bd207f9fb365b7f49253f1969eed90986ac,2026-09-26T10:02:11.609Z,9,2,0,1,1,1,0,4,0,Unsafe area,2,70,70,incident
Drunk individuals on platform,Unsafe area,https://www.google.com/maps/reviews/data=!4m8!14m7!1m6!2m5!1sChdDSUhNMG9nS0VJQ0FnSUQtMnZmNXZRRRAB!2m1!1s0x0:0x2ce75d8f876b8950!3m1!1s2@1:CIHM0ogKEICAgID-2vf5vQE%7C%7C?hl=en,2022-11-27T16:30:22Z,"JVHG+WQR, Bodiem, Sirsai, Goa 403502, India (15.629860, 73.876895)",Google Maps (user review),Reviewer reports crowds of people drinking and being drunk on the station platform.,Thivim Railway Station,Thivim Railway Station,Street-Crime and High-Risk,OTHER,15.6298603,73.8768953,"JVHG+WQR, Bodiem, Sirsai, Goa 403502, India",Sirsai,Pathetic management considering the tourism. Half of the crowd are drunk and even drinking in station platform. Speaker used for announcement on PF 1 is only near the ticket counter which is middle of the platform 1. Either side the platform public cant hear a word if the station is moderately browser.,1,-0.8,2,0.9,USER_REPORTED,REVIEW,INC-1f3332dbd0744ac9,ChIJ4dy-VriVvzsRUIlrh49d5yw,https://www.google.com/maps/search/?api=1&query=Thivim%20Railway%20Station&query_place_id=ChIJ4dy-VriVvzsRUIlrh49d5yw,ChdDSUhNMG9nS0VJQ0FnSUQtMnZmNXZRRRAB,ANAKIN_AI,3db1a2d40e2d715c8797bd6bb24b1b6c56d191fd744ba33bb0d9d8ad3b0eeb24,2026-09-26T10:02:11.609Z,9,2,0,1,1,1,0,4,0,Unsafe area,2,70,70,incident
Lack of Lighting and Security,Unsafe area,https://www.google.com/maps/reviews/data=!4m8!14m7!1m6!2m5!1sChZDSUhNMG9nS0VJQ0FnSUNNOV9XZkNnEAE!2m1!1s0x0:0x38989a4778b98e64!3m1!1s2@1:CIHM0ogKEICAgICM9_WfCg%7C%7C?hl=en,2019-10-10T18:51:29Z,"Bodiem, Sirsai, Goa 403502, India (15.629966, 73.876838)",Google Maps (user review),"Reviewer reported a lack of lighting, safety presence, and RPF officers at the station.",Thivim,Thivim Railway Station,Street-Crime and High-Risk,POOR_SECURITY,15.6299661,73.8768379,"Bodiem, Sirsai, Goa 403502, India",Sirsai,No light no safety no RPF when this station is only spot for tourists to get down for goa visit then why no service at all,1,-0.85,3,0.95,PERCEPTION,REVIEW,INC-d77556c4b775b5d7,ChIJ2T5P15GUvzsRZI65eEeamDg,https://www.google.com/maps/search/?api=1&query=Thivim&query_place_id=ChIJ2T5P15GUvzsRZI65eEeamDg,ChZDSUhNMG9nS0VJQ0FnSUNNOV9XZkNnEAE,ANAKIN_AI,243d005785c057049098347d0ca35c096f379b7d5b99a72dfd3fb3628ad9a189,2026-09-26T10:02:11.609Z,9,2,0,1,1,1,0,4,0,Unsafe area,2,70,70,incident
Poor Night Safety and Infrastructure,Unsafe area,https://www.google.com/maps/reviews/data=!4m8!14m7!1m6!2m5!1sChdDSUhNMG9nS0VJQ0FnSUNveUttaDBRRRAB!2m1!1s0x0:0x38989a4778b98e64!3m1!1s2@1:CIHM0ogKEICAgICoyKmh0QE%7C%7C?hl=en,2019-02-02T19:28:17Z,"Bodiem, Sirsai, Goa 403502, India (15.629966, 73.876838)",Google Maps (user review),"Reviewer stated that the station has limited infrastructure and is unsafe or not good to arrive at night, especially with family.",Thivim,Thivim Railway Station,Street-Crime and High-Risk,UNSAFE_AT_NIGHT,15.6299661,73.8768379,"Bodiem, Sirsai, Goa 403502, India",Sirsai,"Very near from Bagha beech, Calangute beach and lot of tourist attraction. Public transport is easily available. Walk around 300 meter, catch the bus and move to Mapusa (RS 20) and from Mapusa any where in Goa.

The station has limited infrastructure, not good to land at night and specially if you are traveling with family.

In case you arr there in the night, PF 1 near police booth is good place to stay and from there catch pre-paid taxi.",1,-0.6,2,0.9,PERCEPTION,REVIEW,INC-bb81fb3d8c522325,ChIJ2T5P15GUvzsRZI65eEeamDg,https://www.google.com/maps/search/?api=1&query=Thivim&query_place_id=ChIJ2T5P15GUvzsRZI65eEeamDg,ChdDSUhNMG9nS0VJQ0FnSUNveUttaDBRRRAB,ANAKIN_AI,31b5fb69aa8320425b8249454f98b59bb6740303566e0f5b00f0c01ef446199a,2026-09-26T10:02:11.609Z,9,2,0,1,1,1,0,4,0,Unsafe area,2,70,70,incident
Warning about thieves targeting tourists,Crime,https://www.google.com/maps/reviews/data=!4m8!14m7!1m6!2m5!1sChZDSUhNMG9nS0VJQ0FnSUMxa2RtdWFBEAE!2m1!1s0x0:0x5b46d8ce3897edc7!3m1!1s2@1:CIHM0ogKEICAgIC1kdmuaA%7C%7C?hl=en,2023-12-31T10:18:07Z,"Calangute, Baga, Goa 403516, India (15.556529, 73.754037)",Google Maps (user review),Reviewer warned that thieves target tourists in the area and advised people to take care of their belongings.,Tito's Ln,Tito's Lane Baga,Scam and Tourist Trap,THEFT,15.556529,73.754037,"Calangute, Baga, Goa 403516, India",,"To all those thinking of visiting this place on new years DONT
It will be full of tourists and thieves
There will people drinking on the beach and you won't place to even take 2 steps without bumping into a drunkard
Take care of your belongings as thieves from neighboring states target tourists in this area
Also you will be stuck in traffic for Atleast a few hours",1,-0.9,3,0.95,WARNING,REVIEW,INC-20c6304bdd7f3d08,ChIJ51yMqgTqvzsRx-2XOM7YRls,https://www.google.com/maps/search/?api=1&query=Tito's%20Ln&query_place_id=ChIJ51yMqgTqvzsRx-2XOM7YRls,ChZDSUhNMG9nS0VJQ0FnSUMxa2RtdWFBEAE,ANAKIN_AI,2b9b86dde49a9ad3ffbbbfb959d507a3c0302ee4cc904eea72505dd6c9ecfa16,2026-09-26T10:02:11.609Z,11,2,2,2,1,0,0,4,0,Unsafe area,1,35,35,incident
Stealing reported under the bar,Crime,https://www.google.com/maps/reviews/data=!4m8!14m7!1m6!2m5!1sChdDSUhNMG9nS0VJQ0FnSUNLcWZqR3l3RRAB!2m1!1s0x0:0x5b46d8ce3897edc7!3m1!1s2@1:CIHM0ogKEICAgICKqfjGywE%7C%7C?hl=en,2021-04-10T08:07:38Z,"Calangute, Baga, Goa 403516, India (15.556529, 73.754037)",Google Maps (user review),Reviewer reported that stealing is common under the bar and security is lacking.,Tito's Ln,Tito's Lane Baga,Scam and Tourist Trap,THEFT,15.556529,73.754037,"Calangute, Baga, Goa 403516, India",,rude services !! no sense of security !! doesn't help customers after payment !! and stealing is common under the bar !! can't enjoy and dance if you have to warry about you belonging and food and drinks . very bad service and rude manager,1,-0.9,3,0.95,USER_REPORTED,REVIEW,INC-6b5fb4e0af3b0943,ChIJ51yMqgTqvzsRx-2XOM7YRls,https://www.google.com/maps/search/?api=1&query=Tito's%20Ln&query_place_id=ChIJ51yMqgTqvzsRx-2XOM7YRls,ChdDSUhNMG9nS0VJQ0FnSUNLcWZqR3l3RRAB,ANAKIN_AI,5276f81b904794db4098bc8ad70f32f10339a2e0f93d5f499a672e78ae2cda82,2026-09-26T10:02:11.609Z,11,2,2,2,1,0,0,4,0,Unsafe area,1,35,35,incident
Shop vendors overcharging tourists,Fraud,https://www.google.com/maps/reviews/data=!4m8!14m7!1m6!2m5!1sCi9DQUlRQUNvZENodHljRjlvT2pWS09URmpaazV5WDNGak1sSTJiVGMxU25vMU5YYxAB!2m1!1s0x0:0x5b46d8ce3897edc7!3m1!1s2@1:CAIQACodChtycF9oOjVKOTFjZk5yX3FjMlI2bTc1Sno1NXc%7C%7C?hl=en,2025-12-25T16:02:13Z,"Calangute, Baga, Goa 403516, India (15.556529, 73.754037)",Google Maps (user review),Reviewer reported that shop vendors in the lane are overcharging tourists and getting angry when confronted.,Tito's Ln,Tito's Lane Baga,Scam and Tourist Trap,OVERCHARGING,15.556529,73.754037,"Calangute, Baga, Goa 403516, India",,"Over Saturated Very Old Lane. I'll never recommend you passing from this lane as every shop vendor is looting tourists by overcharging. And they're highly overcharging people around. And if you say them something they'll get angry and tell you to buy from somewhere else.

They've a lot attitude and ego while treating customers.

I'll recommend you not to buy anything from this lane as they're overcharging on each things.",1,-0.8,2,0.95,USER_REPORTED,REVIEW,INC-b76929d498a15fe9,ChIJ51yMqgTqvzsRx-2XOM7YRls,https://www.google.com/maps/search/?api=1&query=Tito's%20Ln&query_place_id=ChIJ51yMqgTqvzsRx-2XOM7YRls,Ci9DQUlRQUNvZENodHljRjlvT2pWS09URmpaazV5WDNGak1sSTJiVGMxU25vMU5YYxAB,ANAKIN_AI,facc2327176140f8204c70a853be7da33299c2f6b0f247c658e0e4ae80f71711,2026-09-26T10:02:11.609Z,11,2,2,2,1,0,0,4,0,Unsafe area,1,35,35,incident
Parking scams and overcharging,Fraud,https://www.google.com/maps/reviews/data=!4m8!14m7!1m6!2m5!1sChdDSUhNMG9nS0VJQ0FnTURndXZhNGpnRRAB!2m1!1s0x0:0x5b46d8ce3897edc7!3m1!1s2@1:CIHM0ogKEICAgMDguva4jgE%7C%7C?hl=en,2025-02-24T07:17:42Z,"Calangute, Baga, Goa 403516, India (15.556529, 73.754037)",Google Maps (user review),Reviewer reported parking scams and double rates charged over MRP on items.,Tito's Ln,Tito's Lane Baga,Scam and Tourist Trap,OVERCHARGING,15.556529,73.754037,"Calangute, Baga, Goa 403516, India",,Beware of parking scams! Double rates then MRP on everything.,1,-0.8,2,0.95,USER_REPORTED,REVIEW,INC-dbaf0fc88512d9e6,ChIJ51yMqgTqvzsRx-2XOM7YRls,https://www.google.com/maps/search/?api=1&query=Tito's%20Ln&query_place_id=ChIJ51yMqgTqvzsRx-2XOM7YRls,ChdDSUhNMG9nS0VJQ0FnTURndXZhNGpnRRAB,ANAKIN_AI,10f864af09df8d2c98518c96b59187cb76222911569fc3b4a9c6f6f93aa5bea8,2026-09-26T10:02:11.609Z,11,2,2,2,1,0,0,4,0,Unsafe area,1,35,35,incident
Harassment and uncomfortable staring for women,Harassment,https://www.google.com/maps/reviews/data=!4m8!14m7!1m6!2m5!1sCi9DQUlRQUNvZENodHljRjlvT20wNGFEWnRTbGxZZUdoeWEzcGhkVk5DUkVkT2VIYxAB!2m1!1s0x0:0x5b46d8ce3897edc7!3m1!1s2@1:CAIQACodChtycF9oOm04aDZtSllYeGhya3phdVNCREdOeHc%7C%7C?hl=en,2025-11-29T11:31:08Z,"Calangute, Baga, Goa 403516, India (15.556529, 73.754037)",Google Maps (user review),Reviewer reported experiencing uncomfortable staring and harassment by men while visiting the lane as a woman.,Tito's Ln,Tito's Lane Baga,Scam and Tourist Trap,HARASSMENT,15.556529,73.754037,"Calangute, Baga, Goa 403516, India",,"If you’re a girl, I would strongly advise you never to visit Tito’s Lane. The place is extremely overcrowded, and the crowd is honestly cheap and third-class. Men stare at you from head to toe without any shame — it’s creepy, uncomfortable, and downright unsafe.

If you still choose to go, do not wear western outfits. Just cover yourself fully, otherwise you’ll spend the whole time feeling watched and judged.

And the street food? Please avoid it at all costs. Most of it looks stale, unhygienic, and honestly questionable. The shawarma I ate from one of the stalls was rotten, and I ended up with severe food poisoning. Definitely not worth the risk.

Overall: Tito’s Lane is overrated, unsafe, unhygienic, and absolutely not worth visiting — especially for women.",1,-0.9,3,0.95,USER_REPORTED,REVIEW,INC-2e1c31a3df728fa1,ChIJ51yMqgTqvzsRx-2XOM7YRls,https://www.google.com/maps/search/?api=1&query=Tito's%20Ln&query_place_id=ChIJ51yMqgTqvzsRx-2XOM7YRls,Ci9DQUlRQUNvZENodHljRjlvT20wNGFEWnRTbGxZZUdoeWEzcGhkVk5DUkVkT2VIYxAB,ANAKIN_AI,20a27fc93feb1903fa9b219e906f5eaedd5bd737e52fb5481cc1b4812657ecde,2026-09-26T10:02:11.609Z,11,2,2,2,1,0,0,4,0,Unsafe area,1,35,35,incident
Extra charges demanded for seating,Scam,https://www.google.com/maps/reviews/data=!4m8!14m7!1m6!2m5!1sCi9DQUlRQUNvZENodHljRjlvT21aak1VRmZaRlJXYkRCeVRIRk9hWE5CY1hwNE0yYxAB!2m1!1s0x0:0x5b46d8ce3897edc7!3m1!1s2@1:CAIQACodChtycF9oOmZjMUFfZFRWbDByTHFOaXNBcXp4M2c%7C%7C?hl=en,2026-03-02T16:56:50Z,"Calangute, Baga, Goa 403516, India (15.556529, 73.754037)",Google Maps (user review),Reviewer reported having to pay an extra entry amount to get a seat in the music area after already paying.,Tito's Ln,Tito's Lane Baga,Scam and Tourist Trap,BOOKING_SCAM,15.556529,73.754037,"Calangute, Baga, Goa 403516, India",,"Not worthy, after paying huge emtry amount, you will not gate place to seat in music area.you need to pay extra 2k seperately for that place.",1,-0.7,2,0.9,USER_REPORTED,REVIEW,INC-30e0fe8598502e86,ChIJ51yMqgTqvzsRx-2XOM7YRls,https://www.google.com/maps/search/?api=1&query=Tito's%20Ln&query_place_id=ChIJ51yMqgTqvzsRx-2XOM7YRls,Ci9DQUlRQUNvZENodHljRjlvT21aak1VRmZaRlJXYkRCeVRIRk9hWE5CY1hwNE0yYxAB,ANAKIN_AI,1b7e26fcc10cf363bfa091289fabc9954b83b579c35de9d3f2008fb9f289c041,2026-09-26T10:02:11.609Z,11,2,2,2,1,0,0,4,0,Unsafe area,1,35,35,incident
Allegations of cheating and scams,Scam,https://www.google.com/maps/reviews/data=!4m8!14m7!1m6!2m5!1sChZDSUhNMG9nS0VJQ0FnSURMd1BiNmRBEAE!2m1!1s0x0:0x5b46d8ce3897edc7!3m1!1s2@1:CIHM0ogKEICAgIDLwPb6dA%7C%7C?hl=en,2024-06-24T14:15:39Z,"Calangute, Baga, Goa 403516, India (15.556529, 73.754037)",Google Maps (user review),Reviewer alleged that business owners and employees in the lane are cheaters and scammers.,Tito's Ln,Tito's Lane Baga,Scam and Tourist Trap,SCAM,15.556529,73.754037,"Calangute, Baga, Goa 403516, India",,"If you want to get looted by the cheater business man and their employees, then definitely go to this place. This place is heaven of cheaters. You feel your hard earned money should be given to some thieves and good dressed scammers, then definitely go to this lane. 😇",1,-0.9,3,0.9,USER_ALLEGATION,REVIEW,INC-324555c9f9e78796,ChIJ51yMqgTqvzsRx-2XOM7YRls,https://www.google.com/maps/search/?api=1&query=Tito's%20Ln&query_place_id=ChIJ51yMqgTqvzsRx-2XOM7YRls,ChZDSUhNMG9nS0VJQ0FnSURMd1BiNmRBEAE,ANAKIN_AI,daa64c68a3fde3ea266a8f14fef57790ea4da8c7e7d9bd73ec8bcd91fef46250,2026-09-26T10:02:11.609Z,11,2,2,2,1,0,0,4,0,Unsafe area,1,35,35,incident
Stray dogs and aggressive goons blocking lane,Unsafe area,https://www.google.com/maps/reviews/data=!4m8!14m7!1m6!2m5!1sCi9DQUlRQUNvZENodHljRjlvT2pSdGRqVk1aV3M0U1MxdlZYUmFkV042TTI5NVMwRRAB!2m1!1s0x0:0x5b46d8ce3897edc7!3m1!1s2@1:CAIQACodChtycF9oOjRtdjVMZWs4SS1vVXRadWN6M295S0E%7C%7C?hl=en,2026-02-12T13:40:39Z,"Calangute, Baga, Goa 403516, India (15.556529, 73.754037)",Google Maps (user review),Reviewer reported stray dogs and aggressive goons blocking the narrow lane and disturbing people walking through.,Tito's Ln,Tito's Lane Baga,Scam and Tourist Trap,STREET_SAFETY,15.556529,73.754037,"Calangute, Baga, Goa 403516, India",,Stray dogs everywhere!! Goons canvasing to each club blocking the narrow lane and disturbing people walking thru the lane!! Pathetic state of Goa tourism!!,1,-0.8,2,0.9,USER_REPORTED,REVIEW,INC-842293ebfab0cb4a,ChIJ51yMqgTqvzsRx-2XOM7YRls,https://www.google.com/maps/search/?api=1&query=Tito's%20Ln&query_place_id=ChIJ51yMqgTqvzsRx-2XOM7YRls,Ci9DQUlRQUNvZENodHljRjlvT2pSdGRqVk1aV3M0U1MxdlZYUmFkV042TTI5NVMwRRAB,ANAKIN_AI,8e7fc486cc24e22b2e8516f6596665e38b218528b67091925c544a73cefb7b27,2026-09-26T10:02:11.609Z,11,2,2,2,1,0,0,4,0,Unsafe area,1,35,35,incident
Fights breaking out between owners and customers,Unsafe area,https://www.google.com/maps/reviews/data=!4m8!14m7!1m6!2m5!1sChdDSUhNMG9nS0VJQ0FnSUNfdmVUMjZnRRAB!2m1!1s0x0:0x5b46d8ce3897edc7!3m1!1s2@1:CIHM0ogKEICAgIC_veT26gE%7C%7C?hl=en,2025-01-18T10:59:18Z,"Calangute, Baga, Goa 403516, India (15.556529, 73.754037)",Google Maps (user review),Reviewer reported witnessing multiple physical fights between shop or bar owners and customers.,Tito's Ln,Tito's Lane Baga,Scam and Tourist Trap,STREET_SAFETY,15.556529,73.754037,"Calangute, Baga, Goa 403516, India",,"Trashed out place, it is not the place I remember from 2012, back then it was the happening place to go clubbing. Now it's filled with creepy bars blasting bollywood music all the time with even the people there are nasty and rude. Within the span of our walk I saw at least 3 fights between the shop/bar owners and customers.",1,-0.9,3,0.95,USER_REPORTED,REVIEW,INC-9b15d873a69aacd0,ChIJ51yMqgTqvzsRx-2XOM7YRls,https://www.google.com/maps/search/?api=1&query=Tito's%20Ln&query_place_id=ChIJ51yMqgTqvzsRx-2XOM7YRls,ChdDSUhNMG9nS0VJQ0FnSUNfdmVUMjZnRRAB,ANAKIN_AI,b9bf39ce36dacb2d5c4e52f810adff96180201d365ec1b4f746da8e1cc9aa21d,2026-09-26T10:02:11.609Z,11,2,2,2,1,0,0,4,0,Unsafe area,1,35,35,incident
Crowded and potentially unsafe at night,Unsafe area,https://www.google.com/maps/reviews/data=!4m8!14m7!1m6!2m5!1sChdDSUhNMG9nS0VJQ0FnSUN6eUtiYnJRRRAB!2m1!1s0x0:0x5b46d8ce3897edc7!3m1!1s2@1:CIHM0ogKEICAgICzyKbbrQE%7C%7C?hl=en,2024-05-30T07:50:27Z,"Calangute, Baga, Goa 403516, India (15.556529, 73.754037)",Google Maps (user review),Reviewer perceives Tito's Lane as potentially unsafe at night due to crowds and intoxicated individuals.,Tito's Ln,Tito's Lane Baga,Scam and Tourist Trap,UNSAFE_AT_NIGHT,15.556529,73.754037,"Calangute, Baga, Goa 403516, India",,"Tito's Lane in Goa, while lively and bustling with nightlife, can indeed be crowded and sometimes overwhelming, especially at night. For solo female travelers, it may not always feel entirely safe due to the large crowds and the presence of intoxicated individuals. Additionally, the pervasive smell of alcohol can be off-putting for some visitors. It's essential to exercise caution and be aware of your surroundings if you choose to explore Tito's Lane, especially late at night. It may be wise to travel with a group or utilize trusted transportation options for added security.",1,-0.4,2,0.95,PERCEPTION,REVIEW,INC-50e6b75b3d98435f,ChIJ51yMqgTqvzsRx-2XOM7YRls,https://www.google.com/maps/search/?api=1&query=Tito's%20Ln&query_place_id=ChIJ51yMqgTqvzsRx-2XOM7YRls,ChdDSUhNMG9nS0VJQ0FnSUN6eUtiYnJRRRAB,ANAKIN_AI,d45d1cdd249c7b0df9dea1c7d126f5a190e7dca92759e33ef834586bbf339dde,2026-09-26T10:02:11.609Z,11,2,2,2,1,0,0,4,0,Unsafe area,1,35,35,incident
Warning about bad public and safety,Unsafe area,https://www.google.com/maps/reviews/data=!4m8!14m7!1m6!2m5!1sChZDSUhNMG9nS0VJQ0FnSUNPamJLMEl3EAE!2m1!1s0x0:0x5b46d8ce3897edc7!3m1!1s2@1:CIHM0ogKEICAgICOjbK0Iw%7C%7C?hl=en,2022-06-16T10:08:33Z,"Calangute, Baga, Goa 403516, India (15.556529, 73.754037)",Google Maps (user review),Reviewer warned about bad public and advised staying safe.,Tito's Ln,Tito's Lane Baga,Scam and Tourist Trap,STREET_SAFETY,15.556529,73.754037,"Calangute, Baga, Goa 403516, India",,"Bad Public, Stat safe !",1,-0.7,2,0.85,WARNING,REVIEW,INC-8274491323415928,ChIJ51yMqgTqvzsRx-2XOM7YRls,https://www.google.com/maps/search/?api=1&query=Tito's%20Ln&query_place_id=ChIJ51yMqgTqvzsRx-2XOM7YRls,ChZDSUhNMG9nS0VJQ0FnSUNPamJLMEl3EAE,ANAKIN_AI,3c3c9af03a89abea9b7d6c3d564b781af4099571eab6ea2f79a648a8c466af27,2026-09-26T10:02:11.609Z,11,2,2,2,1,0,0,4,0,Unsafe area,1,35,35,incident
No incidents found in Anjuna Flea Market,None,,,"Anjuna Flea Market, Goa",Google Maps (user review),0 reviews scanned (0 negative) across 0 place(s); none describe an incident.,,Anjuna Flea Market,Scam and Tourist Trap,,,,,Goa,,,,,,,,,,,,,,,0,0,0,0,0,0,0,0,0,,0,0,0,zone_no_incidents
No incidents found in Panjim Market,None,,,"Panjim Market, Goa (15.499755, 73.822424)",Google Maps (user review),0 reviews scanned (0 negative) across 1 place(s); none describe an incident.,,Panjim Market,Scam and Tourist Trap,,15.4997548,73.8224241,,Goa,,,,,,,,,,,,,,,0,0,0,0,0,0,0,0,0,,1,0,0,zone_no_incidents
No incidents found in Arambol Beach,None,,,"Arambol Beach, Goa (15.690034, 73.704663)",Google Maps (user review),0 reviews scanned (0 negative) across 1 place(s); none describe an incident.,,Arambol Beach,Street-Crime and High-Risk,,15.6900339,73.7046629,,Goa,,,,,,,,,,,,,,,0,0,0,0,0,0,0,0,0,,1,0,0,zone_no_incidents
No incidents found in Vagator Beach,None,,,"Vagator Beach, Goa (15.595231, 73.751507)",Google Maps (user review),0 reviews scanned (0 negative) across 1 place(s); none describe an incident.,,Vagator Beach,Street-Crime and High-Risk,,15.5952306,73.7515066,,Goa,,,,,,,,,,,,,,,0,0,0,0,0,0,0,0,0,,1,0,0,zone_no_incidents
No incidents found in Margao Market,None,,,"Margao Market, Goa (15.271481, 73.959271)",Google Maps (user review),35 reviews scanned (19 negative) across 1 place(s); none describe an incident.,,Margao Market,Street-Crime and High-Risk,,15.2714812,73.9592709,,Goa,,,,,,,,,,,,,,,0,0,0,0,0,0,0,0,0,,1,35,19,zone_no_incidents
