title,category,source_link,date_time,location,publisher,description,place_name,zone,zone_group,subcategory,latitude,longitude,address,city,review_text,rating,sentiment_score,severity,confidence,claim_type,source_link_type,incident_id,place_id,place_url,review_id,classifier,text_sha256,retrieved_at,zone_incident_count,zone_scam_count,zone_fraud_count,zone_crime_count,zone_harassment_count,zone_accident_count,zone_natural_disaster_count,zone_unsafe_area_count,zone_infrastructure_hazard_count,zone_top_category,zone_places_scanned,zone_reviews_scanned,zone_negative_reviews,record_type
Shopkeepers charging extra and overcharging,Fraud,https://www.google.com/maps/reviews/data=!4m8!14m7!1m6!2m5!1sChZDSUhNMG9nS0VJQ0FnSURJMWIzdFdREAE!2m1!1s0x0:0xaac25af5b27fee34!3m1!1s2@1:CIHM0ogKEICAgIDI1b3tWQ%7C%7C?hl=en,2019-01-14T15:07:05Z,"Q2GW+J9J, Bawana Rd, Pooth Khurd, Delhi, 110039, India (28.776578, 77.045887)",Google Maps (user review),Reviewer claims that shopkeepers overcharge customers and take advantage of them.,K.D. Market,Bawana Industrial Area,Street-Crime and High-Risk,OVERCHARGING,28.7765779,77.0458867,"Q2GW+J9J, Bawana Rd, Pooth Khurd, Delhi, 110039, India",Delhi,All of the shopkeeper charge very high. MOKA DEKH KAR CUSTOMER KO KISI B CHIZ MAI EXTRA RATE LAGA KAR LOOT LETE HAI. 5 JAGAH SE SAMAN PUCHHKAR LO TAB JA K THIK RATE MILTA HAI.,1,-0.8,2,0.95,USER_REPORTED,REVIEW,INC-473aba77a9a551df,ChIJQec6jpoHDTkRNO5_svVawqo,https://www.google.com/maps/search/?api=1&query=K.D.%20Market&query_place_id=ChIJQec6jpoHDTkRNO5_svVawqo,ChZDSUhNMG9nS0VJQ0FnSURJMWIzdFdREAE,ANAKIN_AI,ec1fdca2d8e97b99789ba792a7db80b83030f30e6706018abd7c8d8416e45aee,2026-09-26T09:16:57.940Z,1,0,1,0,0,0,0,0,0,Fraud,3,40,30,incident
Warning: Area Full of Pickpockets,Crime,https://www.google.com/maps/reviews/data=!4m8!14m7!1m6!2m5!1sChZDSUhNMG9nS0VJQ0FnSUNGc2ZHS0ZBEAE!2m1!1s0x0:0x31da8bddfa31e797!3m1!1s2@1:CIHM0ogKEICAgICFsfGKFA%7C%7C?hl=en,2023-10-28T18:24:15Z,"979, Chandni Chowk Rd, Old Delhi, Outside, Kucha Natwa, Chandni Chowk, New Delhi, Delhi, 110006, India (28.658834, 77.230178)",Google Maps (user review),Reviewer warned that the area is full of pickpockets and advised carrying only digital money and no bags.,Chandni Chowk Metro Station,Chandni Chowk,Scam and Tourist Trap,PICKPOCKETING,28.6588344,77.230178,"979, Chandni Chowk Rd, Old Delhi, Outside, Kucha Natwa, Chandni Chowk, New Delhi, Delhi, 110006, India","New Delhi, Delhi","go to chandani chowk with digital money only and no bags.

You may not buy something cheap but might lose something expensive. Full of pickpocketers.",1,-0.8,3,0.95,WARNING,REVIEW,INC-6c85844560110acd,ChIJWY9nBh_9DDkRl-cx-t2L2jE,https://www.google.com/maps/search/?api=1&query=Chandni%20Chowk%20Metro%20Station&query_place_id=ChIJWY9nBh_9DDkRl-cx-t2L2jE,ChZDSUhNMG9nS0VJQ0FnSUNGc2ZHS0ZBEAE,ANAKIN_AI,3426c7b810e6890332fb6cf6454065632fec95ccce457d868d41a68ae4879826,2026-09-26T09:16:57.940Z,7,1,1,1,2,0,0,2,0,Harassment,3,40,40,incident
Overcharging at Metro Cash Counter,Fraud,https://www.google.com/maps/reviews/data=!4m8!14m7!1m6!2m5!1sChZDSUhNMG9nS0VJQ0FnSUMwMm8yc1JnEAE!2m1!1s0x0:0xee13fa53508b1544!3m1!1s2@1:CIHM0ogKEICAgIC02o2sRg%7C%7C?hl=en,2019-09-23T03:50:34Z,"Old Delhi, Kaccha Bagh Area, Chandni Chowk, New Delhi, Delhi, 110006, India (28.658826, 77.230356)",Google Maps (user review),Reviewer reported being overcharged for metro tokens at the cash counter.,Chandni Chowk,Chandni Chowk,Scam and Tourist Trap,OVERCHARGING,28.6588265,77.2303565,"Old Delhi, Kaccha Bagh Area, Chandni Chowk, New Delhi, Delhi, 110006, India","New Delhi, Delhi",SCAM ALERT In Metro cash counters ! The guys in the cash counters charge double the amount for tickets for tourists who are new to this place . We had taken 3 tokens for Rajiv chowk and the cash counter guy charged us 70rs instead of 30rs. We realised it only after  crossing the entry gates and we asked for the refund in another cash counter there.,1,-0.8,2,0.98,USER_REPORTED,REVIEW,INC-fef40d3ab77df6cd,ChIJx1C7vhr9DDkRRBWLUFP6E-4,https://www.google.com/maps/search/?api=1&query=Chandni%20Chowk&query_place_id=ChIJx1C7vhr9DDkRRBWLUFP6E-4,ChZDSUhNMG9nS0VJQ0FnSUMwMm8yc1JnEAE,ANAKIN_AI,cfe633826e55eb8aedbc66220e910149cba666025a7823e2acdd2f26862795b0,2026-09-26T09:16:57.940Z,7,1,1,1,2,0,0,2,0,Harassment,3,40,40,incident
Harassment and Extortion by Public Toilet,Harassment,https://www.google.com/maps/reviews/data=!4m8!14m7!1m6!2m5!1sCi9DQUlRQUNvZENodHljRjlvT2pGZk9EVmFVVTlKUlRWTE0zTTVOMVZVU1MxMVZtYxAB!2m1!1s0x0:0xee13fa53508b1544!3m1!1s2@1:CAIQACodChtycF9oOjFfODVaUU9JRTVLM3M5N1VUSS11Vmc%7C%7C?hl=en,2026-04-14T00:28:44Z,"Old Delhi, Kaccha Bagh Area, Chandni Chowk, New Delhi, Delhi, 110006, India (28.658826, 77.230356)",Google Maps (user review),Reviewer reported being misbehaved with and asked for extra charges by a person sitting outside the public toilet.,Chandni Chowk,Chandni Chowk,Scam and Tourist Trap,HARASSMENT,28.6588265,77.2303565,"Old Delhi, Kaccha Bagh Area, Chandni Chowk, New Delhi, Delhi, 110006, India","New Delhi, Delhi",Place is nice security and safety also nice Clean. But person sitting outside of the public toilet misbehave with me and asked for the extra charge. Please check CCTV camera and take action,1,-0.8,2,0.95,USER_REPORTED,REVIEW,INC-66288d103ad1123c,ChIJx1C7vhr9DDkRRBWLUFP6E-4,https://www.google.com/maps/search/?api=1&query=Chandni%20Chowk&query_place_id=ChIJx1C7vhr9DDkRRBWLUFP6E-4,Ci9DQUlRQUNvZENodHljRjlvT2pGZk9EVmFVVTlKUlRWTE0zTTVOMVZVU1MxMVZtYxAB,ANAKIN_AI,7e360ee90493e053c266fb673b4c4d5b79b7ca251c9f89a63099c4d07cd15799,2026-09-26T09:16:57.940Z,7,1,1,1,2,0,0,2,0,Harassment,3,40,40,incident
Staff Misbehavior and Confrontation,Harassment,https://www.google.com/maps/reviews/data=!4m8!14m7!1m6!2m5!1sChZDSUhNMG9nS0VJQ0FnSUQ5cWVpQWJ3EAE!2m1!1s0x0:0x31da8bddfa31e797!3m1!1s2@1:CIHM0ogKEICAgID9qeiAbw%7C%7C?hl=en,2024-03-18T10:01:55Z,"979, Chandni Chowk Rd, Old Delhi, Outside, Kucha Natwa, Chandni Chowk, New Delhi, Delhi, 110006, India (28.658834, 77.230178)",Google Maps (user review),"Reviewer reported that security staff misbehaved, used foul language, and tried to start a fight.",Chandni Chowk Metro Station,Chandni Chowk,Scam and Tourist Trap,HARASSMENT,28.6588344,77.230178,"979, Chandni Chowk Rd, Old Delhi, Outside, Kucha Natwa, Chandni Chowk, New Delhi, Delhi, 110006, India","New Delhi, Delhi","Today, We went to a metro station named Chandni  chowk metro station there was a CISF staff named M.K kumar who was misbehaving with us and using foul language and being disrespectful to us and he was forcing us to do complain  about it  try to create a fight scene.",1,-0.9,2,0.95,USER_REPORTED,REVIEW,INC-f5f3d0f627046a0a,ChIJWY9nBh_9DDkRl-cx-t2L2jE,https://www.google.com/maps/search/?api=1&query=Chandni%20Chowk%20Metro%20Station&query_place_id=ChIJWY9nBh_9DDkRl-cx-t2L2jE,ChZDSUhNMG9nS0VJQ0FnSUQ5cWVpQWJ3EAE,ANAKIN_AI,59cdf5b177575c38c0abfb71b7e08ed9c3ed7b891caf4a2b2aaf79de5392ef58,2026-09-26T09:16:57.940Z,7,1,1,1,2,0,0,2,0,Harassment,3,40,40,incident
Fraudulent Kurta Selling Scam,Scam,https://www.google.com/maps/reviews/data=!4m8!14m7!1m6!2m5!1sChZDSUhNMG9nS0VJQ0FnSUNCcF9DQmV3EAE!2m1!1s0x0:0xee13fa53508b1544!3m1!1s2@1:CIHM0ogKEICAgICBp_CBew%7C%7C?hl=en,2023-01-06T05:03:27Z,"Old Delhi, Kaccha Bagh Area, Chandni Chowk, New Delhi, Delhi, 110006, India (28.658826, 77.230356)",Google Maps (user review),Reviewer alleged that boys selling ladies kurtas engage in fraud by selling old cloth cuttings inside packages.,Chandni Chowk,Chandni Chowk,Scam and Tourist Trap,TOURIST_SCAM,28.6588265,77.2303565,"Old Delhi, Kaccha Bagh Area, Chandni Chowk, New Delhi, Delhi, 110006, India","New Delhi, Delhi","When you entered from LaL aquila to chandani chock fraud is going on by some boys selling ladies kurta Rs 600 for 6 pieces and when you open they are old cutting inside.

Police should take action against them fradulent as they are spoiling whole market of chandani chock.

Arvind Kejriwal please take action against these Fradulent people.",1,-0.9,3,0.95,USER_ALLEGATION,REVIEW,INC-507b1bc0e0e0008b,ChIJx1C7vhr9DDkRRBWLUFP6E-4,https://www.google.com/maps/search/?api=1&query=Chandni%20Chowk&query_place_id=ChIJx1C7vhr9DDkRRBWLUFP6E-4,ChZDSUhNMG9nS0VJQ0FnSUNCcF9DQmV3EAE,ANAKIN_AI,7cab88e0e65accee531deffdcc4ca1e07c4b92c2e32047c4a2dde725482f145b,2026-09-26T09:16:57.940Z,7,1,1,1,2,0,0,2,0,Harassment,3,40,40,incident
Unsafe Route for Women at Night,Unsafe area,https://www.google.com/maps/reviews/data=!4m8!14m7!1m6!2m5!1sChZDSUhNMG9nS0VJQ0FnSUR1ckx2OUdREAE!2m1!1s0x0:0xee13fa53508b1544!3m1!1s2@1:CIHM0ogKEICAgIDurLv9GQ%7C%7C?hl=en,2022-08-15T13:54:30Z,"Old Delhi, Kaccha Bagh Area, Chandni Chowk, New Delhi, Delhi, 110006, India (28.658826, 77.230356)",Google Maps (user review),Reviewer stated that the route to the station is not safe for girls after evening.,Chandni Chowk,Chandni Chowk,Scam and Tourist Trap,UNSAFE_AT_NIGHT,28.6588265,77.2303565,"Old Delhi, Kaccha Bagh Area, Chandni Chowk, New Delhi, Delhi, 110006, India","New Delhi, Delhi",This is normally closed. And this area and route to this station is some how not safe for girls after evening and not recommended the route from Chandni chowk main Street to this station.,1,-0.8,3,0.95,PERCEPTION,REVIEW,INC-0b043a43ed0175bf,ChIJx1C7vhr9DDkRRBWLUFP6E-4,https://www.google.com/maps/search/?api=1&query=Chandni%20Chowk&query_place_id=ChIJx1C7vhr9DDkRRBWLUFP6E-4,ChZDSUhNMG9nS0VJQ0FnSUR1ckx2OUdREAE,ANAKIN_AI,1d0839b8a24c5009d7d41b72f5a90a8782c8e68b480f49e6043bd5bf44216b59,2026-09-26T09:16:57.940Z,7,1,1,1,2,0,0,2,0,Harassment,3,40,40,incident
Overflowing Urinal and Drunk Crowd at Night,Unsafe area,https://www.google.com/maps/reviews/data=!4m8!14m7!1m6!2m5!1sChZDSUhNMG9nS0VJQ0FnSUQyX3VuWlh3EAE!2m1!1s0x0:0x31da8bddfa31e797!3m1!1s2@1:CIHM0ogKEICAgID2_unZXw%7C%7C?hl=en,2022-05-16T10:31:59Z,"979, Chandni Chowk Rd, Old Delhi, Outside, Kucha Natwa, Chandni Chowk, New Delhi, Delhi, 110006, India (28.658834, 77.230178)",Google Maps (user review),Reviewer reported an overflowing urinal and drunk individuals outside the exit after 9 PM.,Chandni Chowk Metro Station,Chandni Chowk,Scam and Tourist Trap,ISOLATED_AREA,28.6588344,77.230178,"979, Chandni Chowk Rd, Old Delhi, Outside, Kucha Natwa, Chandni Chowk, New Delhi, Delhi, 110006, India","New Delhi, Delhi",The exit opposite railway station is having a overflowing urinal that can easily give you infection.... crowded with rickshaw pullers... mostly drunk after nine PM...,1,-0.9,2,0.9,USER_REPORTED,REVIEW,INC-5abe6d9a67d68921,ChIJWY9nBh_9DDkRl-cx-t2L2jE,https://www.google.com/maps/search/?api=1&query=Chandni%20Chowk%20Metro%20Station&query_place_id=ChIJWY9nBh_9DDkRl-cx-t2L2jE,ChZDSUhNMG9nS0VJQ0FnSUQyX3VuWlh3EAE,ANAKIN_AI,00f88e628c84633bd997c3f218ae1f96f48d8d442976f481fb40c89e4ca1bf2c,2026-09-26T09:16:57.940Z,7,1,1,1,2,0,0,2,0,Harassment,3,40,40,incident
Frequent pickpocketing warning,Crime,https://www.google.com/maps/reviews/data=!4m8!14m7!1m6!2m5!1sChdDSUhNMG9nS0VJQ0FnSURWejliZHd3RRAB!2m1!1s0x0:0x2be7eefccedf4b84!3m1!1s2@1:CIHM0ogKEICAgIDVz9bdwwE%7C%7C?hl=en,2023-12-18T20:17:06Z,"Inner Cir, Block B, Connaught Place, New Delhi, Delhi 110001, India (28.632986, 77.219374)",Google Maps (user review),Reviewer warns about frequent pickpocketing and advises guarding cellphones.,Rajiv Chowk,Connaught Place,Scam and Tourist Trap,PICKPOCKETING,28.632986,77.219374,"Inner Cir, Block B, Connaught Place, New Delhi, Delhi 110001, India",New Delhi,I am only giving this station a single star because of the pickpocketing that is happening every single day and the authority is doing nothing to prevent this. Please pay attention on your cellphones while coming in and going out of the metro.,1,-0.8,3,0.95,WARNING,REVIEW,INC-ac8380446b880e43,ChIJr_S96zf9DDkRhEvfzvzu5ys,https://www.google.com/maps/search/?api=1&query=Rajiv%20Chowk&query_place_id=ChIJr_S96zf9DDkRhEvfzvzu5ys,ChdDSUhNMG9nS0VJQ0FnSURWejliZHd3RRAB,ANAKIN_AI,212630aac1cc13abea93d5d9bf5d4f6d2c290eb3a46f781350d42c28772e7fe0,2026-09-26T09:16:57.940Z,6,2,0,3,0,0,0,1,0,Crime,5,80,34,incident
Wallet stolen at station,Crime,https://www.google.com/maps/reviews/data=!4m8!14m7!1m6!2m5!1sChdDSUhNMG9nS0VJQ0FnSURGdXVPUTNnRRAB!2m1!1s0x0:0x2be7eefccedf4b84!3m1!1s2@1:CIHM0ogKEICAgIDFuuOQ3gE%7C%7C?hl=en,2023-11-06T08:28:46Z,"Inner Cir, Block B, Connaught Place, New Delhi, Delhi 110001, India (28.632986, 77.219374)",Google Maps (user review),Reviewer reports that their wallet got stolen at the location.,Rajiv Chowk,Connaught Place,Scam and Tourist Trap,THEFT,28.632986,77.219374,"Inner Cir, Block B, Connaught Place, New Delhi, Delhi 110001, India",New Delhi,"Mann, my wallet got stolen in this place so it deserves a 1★",1,-0.8,3,0.98,USER_REPORTED,REVIEW,INC-f7ee4937cf92674f,ChIJr_S96zf9DDkRhEvfzvzu5ys,https://www.google.com/maps/search/?api=1&query=Rajiv%20Chowk&query_place_id=ChIJr_S96zf9DDkRhEvfzvzu5ys,ChdDSUhNMG9nS0VJQ0FnSURGdXVPUTNnRRAB,ANAKIN_AI,a112a160ab812f925a698a7514cc2d52ac040f174b597ee15205ba747366b67f,2026-09-26T09:16:57.940Z,6,2,0,3,0,0,0,1,0,Crime,5,80,34,incident
Wallet stolen and dangerous crowd,Crime,https://www.google.com/maps/reviews/data=!4m8!14m7!1m6!2m5!1sChdDSUhNMG9nS0VJQ0FnSUQtcnB2dGtBRRAB!2m1!1s0x0:0x2be7eefccedf4b84!3m1!1s2@1:CIHM0ogKEICAgID-rpvtkAE%7C%7C?hl=en,2022-11-30T07:27:15Z,"Inner Cir, Block B, Connaught Place, New Delhi, Delhi 110001, India (28.632986, 77.219374)",Google Maps (user review),Reviewer reports having their wallet stolen after being pushed on the platform.,Rajiv Chowk,Connaught Place,Scam and Tourist Trap,ROBBERY,28.632986,77.219374,"Inner Cir, Block B, Connaught Place, New Delhi, Delhi 110001, India",New Delhi,"I lost my wallet there yesterday
They pushed me in platform
I lost alot of essential documents and money

Please it is very dangerous and crowded place

I am foreigner then , no one help me

Only one kind student who is going to police cabin and explain in Hindi.

Very risk place
They can push me and almost loss my life in platform to steal few money.

People who is taking this station are very dangerous..thier faces are like gangstars..",1,-0.9,4,0.95,USER_REPORTED,REVIEW,INC-efe2099a2dd3834c,ChIJr_S96zf9DDkRhEvfzvzu5ys,https://www.google.com/maps/search/?api=1&query=Rajiv%20Chowk&query_place_id=ChIJr_S96zf9DDkRhEvfzvzu5ys,ChdDSUhNMG9nS0VJQ0FnSUQtcnB2dGtBRRAB,ANAKIN_AI,73654584a938054c78d29506d1caefdf3977bdc62c8cfb59dcb8df20279e3b8b,2026-09-26T09:16:57.940Z,6,2,0,3,0,0,0,1,0,Crime,5,80,34,incident
Warning about local seller scams,Scam,https://www.google.com/maps/reviews/data=!4m8!14m7!1m6!2m5!1sCi9DQUlRQUNvZENodHljRjlvT25SV1EwNU5YMkZOYjNSaGVtbE5XVXQxTTJGS1RYYxAB!2m1!1s0x0:0x93f1aeef58a374a7!3m1!1s2@1:CAIQACodChtycF9oOnRWQ05NX2FNb3RhemlNWUt1M2FKTXc%7C%7C?hl=en,2026-01-01T12:55:46Z,"J6J9+9CG, Palika Bazar, Connaught Place, New Delhi, Delhi 110001, India (28.630929, 77.218572)",Google Maps (user review),Reviewer warns others to be careful with local sellers who might scam them into paying for slightly damaged items by falsely claiming the reviewer damaged them.,CP Market,Connaught Place,Scam and Tourist Trap,TOURIST_SCAM,28.6309294,77.2185722,"J6J9+9CG, Palika Bazar, Connaught Place, New Delhi, Delhi 110001, India",New Delhi,"be very careful with the local seller
dont touch anything until they show it for you
as the products are slighty damaged and they would scam you that we damaged the item",3,-0.6,2,0.95,WARNING,REVIEW,INC-f3b73e4100102673,ChIJNWjXS0X9DDkRp3SjWO-u8ZM,https://www.google.com/maps/search/?api=1&query=CP%20Market&query_place_id=ChIJNWjXS0X9DDkRp3SjWO-u8ZM,Ci9DQUlRQUNvZENodHljRjlvT25SV1EwNU5YMkZOYjNSaGVtbE5XVXQxTTJGS1RYYxAB,ANAKIN_AI,6347567d6f68620193e498976415b1f76cbb10308c71b6d0754736d39136b13b,2026-09-26T09:16:57.940Z,6,2,0,3,0,0,0,1,0,Crime,5,80,34,incident
Possible ticket scam warning,Scam,https://www.google.com/maps/reviews/data=!4m8!14m7!1m6!2m5!1sChdDSUhNMG9nS0VJQ0FnSUNycGVLdW9nRRAB!2m1!1s0x0:0x2be7eefccedf4b84!3m1!1s2@1:CIHM0ogKEICAgICrpeKuogE%7C%7C?hl=en,2024-07-09T12:12:27Z,"Inner Cir, Block B, Connaught Place, New Delhi, Delhi 110001, India (28.632986, 77.219374)",Google Maps (user review),Reviewer warns that a scam may be occurring regarding metro tickets.,Rajiv Chowk,Connaught Place,Scam and Tourist Trap,SCAM,28.632986,77.219374,"Inner Cir, Block B, Connaught Place, New Delhi, Delhi 110001, India",New Delhi,"At all Delhi metro stations, if you buy the wrong ticket and then go back, they will just take your ticket and let you go without any hassle. There seems to be a scam going on, so take care.",1,-0.7,2,0.85,WARNING,REVIEW,INC-27220c1c4ebca8e0,ChIJr_S96zf9DDkRhEvfzvzu5ys,https://www.google.com/maps/search/?api=1&query=Rajiv%20Chowk&query_place_id=ChIJr_S96zf9DDkRhEvfzvzu5ys,ChdDSUhNMG9nS0VJQ0FnSUNycGVLdW9nRRAB,ANAKIN_AI,45d9aac597ffcb1e270c4cc37775207bbf6a4c3244e57269eccba42e472679dc,2026-09-26T09:16:57.940Z,6,2,0,3,0,0,0,1,0,Crime,5,80,34,incident
Rude behavior from security guard at exit,Unsafe area,https://www.google.com/maps/reviews/data=!4m8!14m7!1m6!2m5!1sChZDSUhNMG9nS0VJQ0FnSUNnX3JIVEdnEAE!2m1!1s0x0:0x2be7eefccedf4b84!3m1!1s2@1:CIHM0ogKEICAgICg_rHTGg%7C%7C?hl=en,2017-10-17T03:35:40Z,"Inner Cir, Block B, Connaught Place, New Delhi, Delhi 110001, India (28.632986, 77.219374)",Google Maps (user review),Reviewer reported rude behavior and misbehavior from a security guard at the metro exit gate.,Rajiv Chowk,Connaught Place,Scam and Tourist Trap,OTHER,28.632986,77.219374,"Inner Cir, Block B, Connaught Place, New Delhi, Delhi 110001, India",New Delhi,"Right now I am standing on rajiv chownk exit gate opposite to lic building the security guard. Arranged by metro is so rude giving duty in sleepers eating tobacco and spitted all over on exit gate when I stop him to do so he started misbehaving
So request to metro that by putting such kind of security's will not stop crime instead increase
Do take some necessary action
17oct2017 time 7:30am
Batch embark on chest of r.k jain & son securities",1,-0.8,1,0.95,USER_REPORTED,REVIEW,INC-5ef3fcbd3d1a58af,ChIJr_S96zf9DDkRhEvfzvzu5ys,https://www.google.com/maps/search/?api=1&query=Rajiv%20Chowk&query_place_id=ChIJr_S96zf9DDkRhEvfzvzu5ys,ChZDSUhNMG9nS0VJQ0FnSUNnX3JIVEdnEAE,ANAKIN_AI,137d4889d4e4656978b5e2f3da9571dd74a92022145653845495a7645a97a10a,2026-09-26T09:16:57.940Z,6,2,0,3,0,0,0,1,0,Crime,5,80,34,incident
Daily Mobile Thefts Reported,Crime,https://www.google.com/maps/reviews/data=!4m8!14m7!1m6!2m5!1sCi9DQUlRQUNvZENodHljRjlvT25KSlptNHhUVjlxYlMwNE1HeG1SREpwY25ocFdGRRAB!2m1!1s0x0:0xf9682ad53ebe1e08!3m1!1s2@1:CAIQACodChtycF9oOnJJZm4xTV9qbS04MGxmRDJpcnhpWFE%7C%7C?hl=en,2025-12-25T14:04:41Z,"G6V4+HFH, Block F, Police Colony, Hauz Khas, New Delhi, Delhi 110016, India (28.543939, 77.206247)",Google Maps (user review),Reviewer warns that mobile phones are stolen here daily and advises travelers to be careful.,Hauz Khas Metro,Hauz Khas Village,Scam and Tourist Trap,THEFT,28.5439392,77.2062467,"G6V4+HFH, Block F, Police Colony, Hauz Khas, New Delhi, Delhi 110016, India",New Delhi,"Yha mobile chori hote h hr roj
Dhyan se safar kre",1,-0.8,3,0.95,WARNING,REVIEW,INC-bff9cd0d84727d82,ChIJBbqpwPXjDDkRCB6-PtUqaPk,https://www.google.com/maps/search/?api=1&query=Hauz%20Khas%20Metro&query_place_id=ChIJBbqpwPXjDDkRCB6-PtUqaPk,Ci9DQUlRQUNvZENodHljRjlvT25KSlptNHhUVjlxYlMwNE1HeG1SREpwY25ocFdGRRAB,ANAKIN_AI,e7f02d01c933350fc26aaa0fd2905b1366effc862f135e9683276bee8d7b4463,2026-09-26T09:16:57.940Z,2,0,0,1,0,0,0,0,1,Crime,5,60,27,incident
Dangerous Bad Pavement Near Metro Station,Infrastructure hazard,https://www.google.com/maps/reviews/data=!4m8!14m7!1m6!2m5!1sChdDSUhNMG9nS0VJQ0FnSUNJMy03bDlRRRAB!2m1!1s0x0:0xac6d819d2f1aeb6e!3m1!1s2@1:CIHM0ogKEICAgICI3-7l9QE%7C%7C?hl=en,2018-12-14T17:25:27Z,"Jia Sarai, Gamal Abdel Nasser Marg, Block F, Deer Park, Hauz Khas, New Delhi, Delhi 110016, India (28.543950, 77.206239)",Google Maps (user review),Reviewer reported a dangerous bad pavement near Mayfair Gardens metro station putting pedestrians at risk of injury.,Hauz Khas,Hauz Khas Village,Scam and Tourist Trap,BROKEN_ROAD,28.5439504,77.2062395,"Jia Sarai, Gamal Abdel Nasser Marg, Block F, Deer Park, Hauz Khas, New Delhi, Delhi 110016, India",New Delhi,REAL SAD AND DANGEROUS  STATE OF AFFAIRS NEAR MAYFAIR GARDENS METRO STATION.BAD PAVEMENT.CONTRACTOR SHOULD BE FINED. AT HUNDREDS PASS THIS SECTION PUTTING  THEMSELVES AT RISK TO INJURY.,1,-0.8,2,0.95,USER_REPORTED,REVIEW,INC-599e56f33a038796,ChIJe3ktJBDiDDkRbusaL52Bbaw,https://www.google.com/maps/search/?api=1&query=Hauz%20Khas&query_place_id=ChIJe3ktJBDiDDkRbusaL52Bbaw,ChdDSUhNMG9nS0VJQ0FnSUNJMy03bDlRRRAB,ANAKIN_AI,8afc892bb3ff74c219c549e33cbd83d6fbd14b40ea7111e7c0e46e33c0a60db4,2026-09-26T09:16:57.940Z,2,0,0,1,0,0,0,0,1,Crime,5,60,27,incident
Parking Overcharging Issue,Fraud,https://www.google.com/maps/reviews/data=!4m8!14m7!1m6!2m5!1sCi9DQUlRQUNvZENodHljRjlvT21sSVZIWnpPVTVCVXpOR2EzQXpZUzFETmtGWU9WRRAB!2m1!1s0x0:0xb725c5047baa432!3m1!1s2@1:CAIQACodChtycF9oOmlIVHZzOU5BUzNGa3AzYS1DNkFYOVE%7C%7C?hl=en,2026-03-13T14:16:21Z,"Delhi, 110037, India (28.555325, 77.085746)",Google Maps (user review),Reviewer reported being overcharged for parking with force at the boom barrier.,IGI Airport Terminal 3,Indira Gandhi International Airport Terminal 3 Arrivals,Scam and Tourist Trap,OVERCHARGING,28.555325,77.085746,"Delhi, 110037, India",Delhi,Parking of private cars..they scam u with 160 rupees...even if ur car is less than 10 min..they put the boom barrier down n force u to pay..it's a scam to harass innocent passengers and is a shame on indira gandhi airport svs.,1,-0.9,2,0.92,USER_REPORTED,REVIEW,INC-2d2dcdcb3b8add37,ChIJR-1ZJJobDTkRMqS6R1Bccgs,https://www.google.com/maps/search/?api=1&query=IGI%20Airport%20Terminal%203&query_place_id=ChIJR-1ZJJobDTkRMqS6R1Bccgs,Ci9DQUlRQUNvZENodHljRjlvT21sSVZIWnpPVTVCVXpOR2EzQXpZUzFETmtGWU9WRRAB,ANAKIN_AI,24b342684427013fdd874f4d7c00a1076cada27627ddc96a10007b87a7247dda,2026-09-26T09:16:57.940Z,13,7,4,0,1,0,0,1,0,Scam,6,100,100,incident
Excessive Taxi Overcharging at Airport,Fraud,https://www.google.com/maps/reviews/data=!4m8!14m7!1m6!2m5!1sCi9DQUlRQUNvZENodHljRjlvT21sT2VHNVNSVTVUWlhOTVdqSjFWWEY1V2pGb2FHYxAB!2m1!1s0x0:0xb725c5047baa432!3m1!1s2@1:CAIQACodChtycF9oOmlOeG5SRU5TZXNMWjJ1VXF5WjFoaGc%7C%7C?hl=en,2026-03-01T21:32:51Z,"Delhi, 110037, India (28.555325, 77.085746)",Google Maps (user review),Reviewer reported being heavily overcharged for a taxi service within the airport premises.,IGI Airport Terminal 3,Indira Gandhi International Airport Terminal 3 Arrivals,Scam and Tourist Trap,OVERCHARGING,28.555325,77.085746,"Delhi, 110037, India",Delhi,The taxi service within the airport premises which is assumed to be fairly priced was INR 1200 as fare to Paharganj. What is left to trust when there is so much overprice loot right within the premises.,1,-0.9,2,0.95,USER_REPORTED,REVIEW,INC-3c6f8d9a15abe511,ChIJR-1ZJJobDTkRMqS6R1Bccgs,https://www.google.com/maps/search/?api=1&query=IGI%20Airport%20Terminal%203&query_place_id=ChIJR-1ZJJobDTkRMqS6R1Bccgs,Ci9DQUlRQUNvZENodHljRjlvT21sT2VHNVNSVTVUWlhOTVdqSjFWWEY1V2pGb2FHYxAB,ANAKIN_AI,7b502d79357a2418ca1219615513001ee1e1317a7dcda531b4740873e966a5f2,2026-09-26T09:16:57.940Z,13,7,4,0,1,0,0,1,0,Scam,6,100,100,incident
Counter staff short-changed purposefully,Fraud,https://www.google.com/maps/reviews/data=!4m8!14m7!1m6!2m5!1sCi9DQUlRQUNvZENodHljRjlvT2tnMGVGTkxhRkJqWkMxS01HdHJORVoxUjNoME5YYxAB!2m1!1s0x0:0x48ebc8589e6367b8!3m1!1s2@1:CAIQACodChtycF9oOkg0eFNLaFBjZC1KMGtrNEZ1R3h0NXc%7C%7C?hl=en,2026-01-04T03:55:03Z,"Indira Gandhi Int'l Airport, Terminal 2, हवाईअड्डा, Delhi, 110037, India (28.557090, 77.086840)",Google Maps (user review),Reviewer stated that the counter staff intentionally gave incorrect change and pretended ignorance.,Airport (T-3),Indira Gandhi International Airport Terminal 3 Arrivals,Scam and Tourist Trap,OVERCHARGING,28.55709,77.08684,"Indira Gandhi Int'l Airport, Terminal 2, हवाईअड्डा, Delhi, 110037, India","हवाईअड्डा, Delhi",Counter guy tried to scam me on purpose by giving too less change. Played stupid after.,1,-0.8,2,0.9,USER_REPORTED,REVIEW,INC-1f0a74db89872b61,ChIJbxcLt5sbDTkRuGdjnljI60g,https://www.google.com/maps/search/?api=1&query=Airport%20(T-3)&query_place_id=ChIJbxcLt5sbDTkRuGdjnljI60g,Ci9DQUlRQUNvZENodHljRjlvT2tnMGVGTkxhRkJqWkMxS01HdHJORVoxUjNoME5YYxAB,ANAKIN_AI,23d6471445c3df4e2419deee595d198dda69ab1fa44fc698d796d23284b96812,2026-09-26T09:16:57.940Z,13,7,4,0,1,0,0,1,0,Scam,6,100,100,incident
Overpriced taxi charges late at night,Fraud,https://www.google.com/maps/reviews/data=!4m8!14m7!1m6!2m5!1sChZDSUhNMG9nS0VJQ0FnSUMzaTVPQmJREAE!2m1!1s0x0:0x7663a14a849f5d74!3m1!1s2@1:CIHM0ogKEICAgIC3i5OBbQ%7C%7C?hl=en,2024-11-09T05:32:00Z,"H33P+VGH, Unnamed Road, Indira Gandhi International Airport, New Delhi, Delhi 110037, India (28.554678, 77.086347)",Google Maps (user review),Reviewer reported being overpriced by a taxi service charging ₹600 for a 4.3 km trip at night.,Taxi Stand Indira Gandhi Airport New Delhi,Indira Gandhi International Airport Terminal 3 Arrivals,Scam and Tourist Trap,OVERCHARGING,28.5546778,77.0863468,"H33P+VGH, Unnamed Road, Indira Gandhi International Airport, New Delhi, Delhi 110037, India","New Delhi, Delhi",Overpriced taxis! UBER charged ₹600 for 4.3 kms at 2:00 AM,1,-0.8,2,0.95,USER_REPORTED,REVIEW,INC-62d5e315a4dc5f80,ChIJBTSF3L0bDTkRdF2fhEqhY3Y,https://www.google.com/maps/search/?api=1&query=Taxi%20Stand%20Indira%20Gandhi%20Airport%20New%20Delhi&query_place_id=ChIJBTSF3L0bDTkRdF2fhEqhY3Y,ChZDSUhNMG9nS0VJQ0FnSUMzaTVPQmJREAE,ANAKIN_AI,c4b1ef46adc8c0bc4b3b5c9adfb8697464ecff13b4a895dd1a48e044b3443d00,2026-09-26T09:16:57.940Z,13,7,4,0,1,0,0,1,0,Scam,6,100,100,incident
Harassment and humiliation by airport staff,Harassment,https://www.google.com/maps/reviews/data=!4m8!14m7!1m6!2m5!1sCi9DQUlRQUNvZENodHljRjlvT2twaFYxSk9kMVY0YVZCbU5rMTNkVGxKV0VGd05IYxAB!2m1!1s0x0:0xbef376182c43ed9d!3m1!1s2@1:CAIQACodChtycF9oOkphV1JOd1V4aVBmNk13dTlJWEFwNHc%7C%7C?hl=en,2026-08-02T11:00:49Z,"New Delhi, Delhi 110037, India (28.556144, 77.099962)",Google Maps (user review),Reviewer reported being harassed and flirted with by airport staff and forced to discard items.,Indira Gandhi International Airport,Indira Gandhi International Airport Terminal 3 Arrivals,Scam and Tourist Trap,HARASSMENT,28.5561437,77.0999623,"New Delhi, Delhi 110037, India",New Delhi,"I’m used to this airport. I’ve never had any complaints about it until today. The man at the entrance who inspects checked baggage wasted my time because he just wanted to flirt with me and ask if I was married. But the worst part of all was Gulf Air. First and last time in my life. I’m traumatized. I was harassed by the women at the counter, and their manager. All they care about is money. I was humiliated. The woman made me throw my shorts, my underwear, my cap, and my pant right in front of her into the trash. Explain to me how that changes the weight of my luggage? I almost missed my flight. She just wanted to humiliate and belittle me, I don't understand. And another woman keeps flirting with all the men. I saw her again before boarding the plane, and she yelled at me because I was taking a picture of the plane. She just wanted to harass me. I’m posting the “forbidden” photo here. There are nothing but frustrated and jealous women at Gulf Air. Never again in my life.",1,-0.9,2,0.95,USER_REPORTED,REVIEW,INC-4c9a2335b2c86017,ChIJiS0q_IUbDTkRne1DLBh2874,https://www.google.com/maps/search/?api=1&query=Indira%20Gandhi%20International%20Airport&query_place_id=ChIJiS0q_IUbDTkRne1DLBh2874,Ci9DQUlRQUNvZENodHljRjlvT2twaFYxSk9kMVY0YVZCbU5rMTNkVGxKV0VGd05IYxAB,ANAKIN_AI,6367339549fb320314f0c6ad8ca4eb8ca12e2adb63e039a5af512c83ba118d8b,2026-09-26T09:16:57.940Z,13,7,4,0,1,0,0,1,0,Scam,6,100,100,incident
Overcharged for tickets at counter,Scam,https://www.google.com/maps/reviews/data=!4m8!14m7!1m6!2m5!1sCi9DQUlRQUNvZENodHljRjlvT210dFlYZFVaa05vYzFSWmQzZHFiakpNTlRGSVptYxAB!2m1!1s0x0:0x48ebc8589e6367b8!3m1!1s2@1:CAIQACodChtycF9oOmttYXdUZkNoc1RZd3dqbjJMNTFIZmc%7C%7C?hl=en,2026-02-08T23:27:32Z,"Indira Gandhi Int'l Airport, Terminal 2, हवाईअड्डा, Delhi, 110037, India (28.557090, 77.086840)",Google Maps (user review),Reviewer reported being overcharged for tickets at counter 3 with no receipt provided.,Airport (T-3),Indira Gandhi International Airport Terminal 3 Arrivals,Scam and Tourist Trap,OVERCHARGING,28.55709,77.08684,"Indira Gandhi Int'l Airport, Terminal 2, हवाईअड्डा, Delhi, 110037, India","हवाईअड्डा, Delhi",Becareful :1 single ticket 64RS ! Guy by counter 3. just charge us 256 Rs for 2 tickets !  Only cash no recipe! Total scam!,1,-0.9,2,0.95,USER_REPORTED,REVIEW,INC-0e8cd1cd2ecb815a,ChIJbxcLt5sbDTkRuGdjnljI60g,https://www.google.com/maps/search/?api=1&query=Airport%20(T-3)&query_place_id=ChIJbxcLt5sbDTkRuGdjnljI60g,Ci9DQUlRQUNvZENodHljRjlvT210dFlYZFVaa05vYzFSWmQzZHFiakpNTlRGSVptYxAB,ANAKIN_AI,e9e78c897b54da612970014a4950adc09c76541a63f1a4ce76bbeb56f614a37e,2026-09-26T09:16:57.940Z,13,7,4,0,1,0,0,1,0,Scam,6,100,100,incident
Alleged deceptive taxi booking practice,Scam,https://www.google.com/maps/reviews/data=!4m8!14m7!1m6!2m5!1sCi9DQUlRQUNvZENodHljRjlvT204eGJtRjFWMk15V1dKelIwUnBOR3R2VVVKUFpYYxAB!2m1!1s0x0:0x69d51967bda271e1!3m1!1s2@1:CAIQACodChtycF9oOm8xbmF1V2MyWWJzR0RpNGtvUUJPZXc%7C%7C?hl=en,2026-02-07T07:03:11Z,"Indira Gandhi Int'l Airport, Terminal 3, Domestic airport, New Delhi, Delhi 110037, India (28.554647, 77.088360)",Google Maps (user review),Reviewer alleges a deceptive taxi-booking practice in the parking area involving higher-priced rides.,Multi Level Car Park,Indira Gandhi International Airport Terminal 3 Arrivals,Scam and Tourist Trap,TOURIST_SCAM,28.5546473,77.0883605,"Indira Gandhi Int'l Airport, Terminal 3, Domestic airport, New Delhi, Delhi 110037, India","New Delhi, Delhi","I think there is a scam going on inside Uber parking area. Yesterday i booked uber through app and reached the parking area. There was a small waiting consisting of 10 people. One lady uber employee name starting ""S"" approached and told me it will take around 30 to 40 minutes to get the cab, so better go for premier ( u""get cab within a minute). Obviously i followed her instructions as i was in a hurry. She booked the cab from her phone and gave the OTP. I had to give around 300 rupees extra. Though the journey was uneventful, i had some douts in my mind.
1. Why there was so much delay as there is enough cab available.
2. Why are they encouraging to take premier taxi.",1,-0.7,2,0.95,USER_ALLEGATION,REVIEW,INC-718813affbab490a,ChIJQ2B-0T4bDTkR4XGivWcZ1Wk,https://www.google.com/maps/search/?api=1&query=Multi%20Level%20Car%20Park&query_place_id=ChIJQ2B-0T4bDTkR4XGivWcZ1Wk,Ci9DQUlRQUNvZENodHljRjlvT204eGJtRjFWMk15V1dKelIwUnBOR3R2VVVKUFpYYxAB,ANAKIN_AI,ed859055b7359512200e6bea680a047ef3347a71e80de62c7a4bdf7efacc2a42,2026-09-26T09:16:57.940Z,13,7,4,0,1,0,0,1,0,Scam,6,100,100,incident
Prepaid taxi booth scam and overcharging,Scam,https://www.google.com/maps/reviews/data=!4m8!14m7!1m6!2m5!1sCi9DQUlRQUNvZENodHljRjlvT2s1cGNURnFNSE5pVkdaUmJEUlRRa040UW05VE1sRRAB!2m1!1s0x0:0x7663a14a849f5d74!3m1!1s2@1:CAIQACodChtycF9oOk5pcTFqMHNiVGZRbDRTQkN4Qm9TMlE%7C%7C?hl=en,2025-07-15T08:22:58Z,"H33P+VGH, Unnamed Road, Indira Gandhi International Airport, New Delhi, Delhi 110037, India (28.554678, 77.086347)",Google Maps (user review),Reviewer claims they were scammed and overcharged by personnel at the prepaid taxi kiosk.,Taxi Stand Indira Gandhi Airport New Delhi,Indira Gandhi International Airport Terminal 3 Arrivals,Scam and Tourist Trap,TOURIST_SCAM,28.5546778,77.0863468,"H33P+VGH, Unnamed Road, Indira Gandhi International Airport, New Delhi, Delhi 110037, India","New Delhi, Delhi","Be careful, the prepaid taxi of the traffic police also cheats! At least the one at Terminal 3 on the left. We were supposed to pay 800 IDR. After paying, I didn't get any ticket, even though I asked for one. The guy at the kiosk got another one to look for a taxi for us. The whole thing was terribly delayed. We were in a hurry. And do you know how it all turned out? Our taxi driver asked for another 700 IDR and the guy from the official taxi service of the traffic police gave him two 500 IDR bills. It happened on July 9, 2025 at 6:15 PM. In the end, our taxi driver got stuck with us in a huge traffic jam and thanks to all these incompetent scammers, we didn't make it to the sight we were looking forward to. Because the scammers had to line their pockets. Shame on the government traffic police!",1,-0.9,3,0.95,USER_REPORTED,REVIEW,INC-c62e5c4ab613f30a,ChIJBTSF3L0bDTkRdF2fhEqhY3Y,https://www.google.com/maps/search/?api=1&query=Taxi%20Stand%20Indira%20Gandhi%20Airport%20New%20Delhi&query_place_id=ChIJBTSF3L0bDTkRdF2fhEqhY3Y,Ci9DQUlRQUNvZENodHljRjlvT2s1cGNURnFNSE5pVkdaUmJEUlRRa040UW05VE1sRRAB,ANAKIN_AI,7014fdc76ef2b77fc7c0760d7866cd22c5c03cca81d43c17662fea24ee23a237,2026-09-26T09:16:57.940Z,13,7,4,0,1,0,0,1,0,Scam,6,100,100,incident
Warning about nightmarish taxi counter experience,Scam,https://www.google.com/maps/reviews/data=!4m8!14m7!1m6!2m5!1sChZDSUhNMG9nS0VJQ0FnSUNOX2ZTZUJBEAE!2m1!1s0x0:0x7663a14a849f5d74!3m1!1s2@1:CIHM0ogKEICAgICN_fSeBA%7C%7C?hl=en,2024-01-17T05:42:33Z,"H33P+VGH, Unnamed Road, Indira Gandhi International Airport, New Delhi, Delhi 110037, India (28.554678, 77.086347)",Google Maps (user review),Reviewer warns fellow travelers about a nightmarish experience at the taxi stand and recommends using an alternative counter outside.,Taxi Stand Indira Gandhi Airport New Delhi,Indira Gandhi International Airport Terminal 3 Arrivals,Scam and Tourist Trap,TOURIST_SCAM,28.5546778,77.0863468,"H33P+VGH, Unnamed Road, Indira Gandhi International Airport, New Delhi, Delhi 110037, India","New Delhi, Delhi",OH MY GOD.!  Nightmarish experience! Fellow travelers  there is another counter outside endorsed by Delhi Police. Use that!,1,-0.9,3,0.9,WARNING,REVIEW,INC-20c51640d99a96e2,ChIJBTSF3L0bDTkRdF2fhEqhY3Y,https://www.google.com/maps/search/?api=1&query=Taxi%20Stand%20Indira%20Gandhi%20Airport%20New%20Delhi&query_place_id=ChIJBTSF3L0bDTkRdF2fhEqhY3Y,ChZDSUhNMG9nS0VJQ0FnSUNOX2ZTZUJBEAE,ANAKIN_AI,8d652cae7b921302b5c1481d97f52fb87c7fd6658a7a72e847ecf3f4558ce61e,2026-09-26T09:16:57.940Z,13,7,4,0,1,0,0,1,0,Scam,6,100,100,incident
Airport pre-paid taxi overcharging tourists,Scam,https://www.google.com/maps/reviews/data=!4m8!14m7!1m6!2m5!1sChdDSUhNMG9nS0VJQ0FnSUNsanJMLTBnRRAB!2m1!1s0x0:0x7663a14a849f5d74!3m1!1s2@1:CIHM0ogKEICAgICljrL-0gE%7C%7C?hl=en,2023-11-18T12:15:24Z,"H33P+VGH, Unnamed Road, Indira Gandhi International Airport, New Delhi, Delhi 110037, India (28.554678, 77.086347)",Google Maps (user review),Reviewer warns that the pre-paid taxi stand personnel overcharge tourists.,Taxi Stand Indira Gandhi Airport New Delhi,Indira Gandhi International Airport Terminal 3 Arrivals,Scam and Tourist Trap,TOURIST_SCAM,28.5546778,77.0863468,"H33P+VGH, Unnamed Road, Indira Gandhi International Airport, New Delhi, Delhi 110037, India","New Delhi, Delhi","The person at the pre-paid taxi stand scam tourists. Uber will cost 400 rupees but they will charge you 700 depending on you look.Drivers take 20% commission of it, so it is only benefiting the taxi service company itself more.
Any tourists coming to Delhi, would be better to take Uber than any of the pre-paid taxi services at the airport.",1,-0.7,2,0.9,WARNING,REVIEW,INC-a8d136b4b5cdf4e6,ChIJBTSF3L0bDTkRdF2fhEqhY3Y,https://www.google.com/maps/search/?api=1&query=Taxi%20Stand%20Indira%20Gandhi%20Airport%20New%20Delhi&query_place_id=ChIJBTSF3L0bDTkRdF2fhEqhY3Y,ChdDSUhNMG9nS0VJQ0FnSUNsanJMLTBnRRAB,ANAKIN_AI,28712a05f9d2c947ed68d1665148eb437b325ef59808b3ccfd47765525350ffc,2026-09-26T09:16:57.940Z,13,7,4,0,1,0,0,1,0,Scam,6,100,100,incident
Prepaid taxi booth cash-switching scam,Scam,https://www.google.com/maps/reviews/data=!4m8!14m7!1m6!2m5!1sChZDSUhNMG9nS0VJQ0FnSUM1c19qUGNBEAE!2m1!1s0x0:0x7663a14a849f5d74!3m1!1s2@1:CIHM0ogKEICAgIC5s_jPcA%7C%7C?hl=en,2023-10-17T01:49:06Z,"H33P+VGH, Unnamed Road, Indira Gandhi International Airport, New Delhi, Delhi 110037, India (28.554678, 77.086347)",Google Maps (user review),Reviewer reports that the cashier at the prepaid taxi booth switches currency notes to trick customers into paying more.,Taxi Stand Indira Gandhi Airport New Delhi,Indira Gandhi International Airport Terminal 3 Arrivals,Scam and Tourist Trap,SCAM,28.5546778,77.0863468,"H33P+VGH, Unnamed Road, Indira Gandhi International Airport, New Delhi, Delhi 110037, India","New Delhi, Delhi","At the prepaid taxi booth, the cashier will fraud you, if you give him Rs 500 notes, he will quickly change to Rs 100 notes in his hands, and tell you that you need to make more payment.
Please be careful, better to use Uber/Ola",1,-0.8,3,0.95,USER_REPORTED,REVIEW,INC-2c35590b01d1e96e,ChIJBTSF3L0bDTkRdF2fhEqhY3Y,https://www.google.com/maps/search/?api=1&query=Taxi%20Stand%20Indira%20Gandhi%20Airport%20New%20Delhi&query_place_id=ChIJBTSF3L0bDTkRdF2fhEqhY3Y,ChZDSUhNMG9nS0VJQ0FnSUM1c19qUGNBEAE,ANAKIN_AI,10e8430020023b8310be696f9577efc439e65bc69bb71d68fb9dbfcded2102c5,2026-09-26T09:16:57.940Z,13,7,4,0,1,0,0,1,0,Scam,6,100,100,incident
Pre-paid taxi operators cheating travelers,Scam,https://www.google.com/maps/reviews/data=!4m8!14m7!1m6!2m5!1sChdDSUhNMG9nS0VJQ0FnSUR3NkxueXF3RRAB!2m1!1s0x0:0x48ebc8589e6367b8!3m1!1s2@1:CIHM0ogKEICAgIDw6LnyqwE%7C%7C?hl=en,2018-10-24T02:46:48Z,"Indira Gandhi Int'l Airport, Terminal 2, हवाईअड्डा, Delhi, 110037, India (28.557090, 77.086840)",Google Maps (user review),Reviewer reported openly cheating pre-paid taxi operators at the airport.,Airport (T-3),Indira Gandhi International Airport Terminal 3 Arrivals,Scam and Tourist Trap,TOURIST_SCAM,28.55709,77.08684,"Indira Gandhi Int'l Airport, Terminal 2, हवाईअड्डा, Delhi, 110037, India","हवाईअड्डा, Delhi","One of the worst airports to travel through. Unfortunately I have to use it quite often as one of the main gateways to India. Hardly anything positive to mention about this unfriendly place where the only professional staff who are doing their job well are the toilet cleaners. The rest are rude, unwilling to assist travelers and often openly hostile towards poor fellas whose bad luck has brought them to this airport. On top of other problems can mention the absence of free wi-fi for non-Indians, openly cheating pre-paid taxi operators and knucklehead military security at the entrance who can easily not let you inside the airport if they happen to be unable to read your printed ticket language",1,-0.9,2,0.95,USER_REPORTED,REVIEW,INC-a988540671a0b587,ChIJbxcLt5sbDTkRuGdjnljI60g,https://www.google.com/maps/search/?api=1&query=Airport%20(T-3)&query_place_id=ChIJbxcLt5sbDTkRuGdjnljI60g,ChdDSUhNMG9nS0VJQ0FnSUR3NkxueXF3RRAB,ANAKIN_AI,9982b2763c27526ae5f11cae3122c7dd500e7565fdffb4937435e77fbbadcf88,2026-09-26T09:16:57.940Z,13,7,4,0,1,0,0,1,0,Scam,6,100,100,incident
Staff misconduct and anxiety at check-in,Unsafe area,https://www.google.com/maps/reviews/data=!4m8!14m7!1m6!2m5!1sCi9DQUlRQUNvZENodHljRjlvT2toa2JYTlhOa3AxU0ZGZlRYQTJaa2RQY0RCRGFsRRAB!2m1!1s0x0:0xbef376182c43ed9d!3m1!1s2@1:CAIQACodChtycF9oOkhkbXNXNkp1SFFfTXA2ZkdPcDBDalE%7C%7C?hl=en,2026-08-06T08:55:33Z,"New Delhi, Delhi 110037, India (28.556144, 77.099962)",Google Maps (user review),Reviewer reported airport ground staff touching personal belongings without permission and displaying rude behavior causing a panic attack.,Indira Gandhi International Airport,Indira Gandhi International Airport Terminal 3 Arrivals,Scam and Tourist Trap,OTHER,28.5561437,77.0999623,"New Delhi, Delhi 110037, India",New Delhi,"The airport itself isn't bad, but 90% of the staff was very rude and unkind, especially the Air India ones. I was flying with LOT, but the check-in counter in Delhi was staffed by Air India ground staff. On my day of departure, at check in, I had some extra weight on my checked bag and carry-on. I accepted to pay for the extra weight, even though it was expensive, I decided to pay. I was only struggling with the WIFI and with my card (bank account), which took a few minutes. You could really see I was struggling and stressed. The lady at the counter wasn't trying to understand and kept saying ""Faster, faster,"" which gave me even more anxiety. Plus, the man who was working kept touching my stuff/personal belongings without my permission. After check in, I had a really bad panic attack. Worst experience of my life. Being kind and understanding isn't difficult. It's basic manners.",1,-0.8,1,0.95,USER_REPORTED,REVIEW,INC-be5ad85d02bc837c,ChIJiS0q_IUbDTkRne1DLBh2874,https://www.google.com/maps/search/?api=1&query=Indira%20Gandhi%20International%20Airport&query_place_id=ChIJiS0q_IUbDTkRne1DLBh2874,Ci9DQUlRQUNvZENodHljRjlvT2toa2JYTlhOa3AxU0ZGZlRYQTJaa2RQY0RCRGFsRRAB,ANAKIN_AI,5aad004805faaf24fa9736a5ee091ce3d9889d86ac4f65dd23c332ae15293a1a,2026-09-26T09:16:57.940Z,13,7,4,0,1,0,0,1,0,Scam,6,100,100,incident
Prevalent pickpocketing and snatchers,Crime,https://www.google.com/maps/reviews/data=!4m8!14m7!1m6!2m5!1sChdDSUhNMG9nS0VJQ0FnSUNyOU9teG9nRRAB!2m1!1s0x0:0x6e7a5d69ca0eece8!3m1!1s2@1:CIHM0ogKEICAgICr9OmxogE%7C%7C?hl=en,2024-07-04T13:51:11Z,"Grand Trunk Rd, New Delhi, Delhi 110033, India (28.725860, 77.162790)",Google Maps (user review),Reviewer stated that pickpocketing and snatching are prevalent and warned others to be aware.,Jahangirpuri,Jahangirpuri,Street-Crime and High-Risk,PICKPOCKETING,28.72586,77.16279,"Grand Trunk Rd, New Delhi, Delhi 110033, India","New Delhi, Delhi","pocketpickers, snatchers have free hand here, they are supported by local police and they do not do anything but know everthing , aware from them. Also take precaution in riding bus and metro, one of the worst place of Delhi.",1,-0.9,3,0.95,PERCEPTION,REVIEW,INC-a9da8602374ad7cc,ChIJ4TwM35ABDTkR6OwOymldem4,https://www.google.com/maps/search/?api=1&query=Jahangirpuri&query_place_id=ChIJ4TwM35ABDTkR6OwOymldem4,ChdDSUhNMG9nS0VJQ0FnSUNyOU9teG9nRRAB,ANAKIN_AI,f76c4cee5e4a764b03878dbf9523000857e056eb08ef55d74e8a820d86213f5e,2026-09-26T09:16:57.940Z,5,0,0,4,1,0,0,0,0,Crime,4,60,58,incident
Pickpockets and traffic issues,Crime,https://www.google.com/maps/reviews/data=!4m8!14m7!1m6!2m5!1sChdDSUhNMG9nS0VJQ0FnSUNMdzY2WTl3RRAB!2m1!1s0x0:0x6e7a5d69ca0eece8!3m1!1s2@1:CIHM0ogKEICAgICLw66Y9wE%7C%7C?hl=en,2024-06-22T16:29:22Z,"Grand Trunk Rd, New Delhi, Delhi 110033, India (28.725860, 77.162790)",Google Maps (user review),Reviewer reported that pickpockets and snatchers operate freely on the road.,Jahangirpuri,Jahangirpuri,Street-Crime and High-Risk,PICKPOCKETING,28.72586,77.16279,"Grand Trunk Rd, New Delhi, Delhi 110033, India","New Delhi, Delhi","Road under it is a nuisance spot, pick pockets, snatchers have free hand here, they are supported by the bloody perennial jam starting Azadpur Subzi Mandi where traffic policing and general policing has gone to dogs",1,-0.9,3,0.95,PERCEPTION,REVIEW,INC-c96257672e43a96f,ChIJ4TwM35ABDTkR6OwOymldem4,https://www.google.com/maps/search/?api=1&query=Jahangirpuri&query_place_id=ChIJ4TwM35ABDTkR6OwOymldem4,ChdDSUhNMG9nS0VJQ0FnSUNMdzY2WTl3RRAB,ANAKIN_AI,c77ba5d20a8ca3265e2600b0b1473a6589c38345790e2371df5397151dfaab2d,2026-09-26T09:16:57.940Z,5,0,0,4,1,0,0,0,0,Crime,4,60,58,incident
Phone stolen at metro station,Crime,https://www.google.com/maps/reviews/data=!4m8!14m7!1m6!2m5!1sChZDSUhNMG9nS0VJQ0FnSUNOc092REV3EAE!2m1!1s0x0:0x6e7a5d69ca0eece8!3m1!1s2@1:CIHM0ogKEICAgICNsOvDEw%7C%7C?hl=en,2024-01-11T13:44:53Z,"Grand Trunk Rd, New Delhi, Delhi 110033, India (28.725860, 77.162790)",Google Maps (user review),Reviewer reported that their phone was stolen at the metro station a day ago.,Jahangirpuri,Jahangirpuri,Street-Crime and High-Risk,THEFT,28.72586,77.16279,"Grand Trunk Rd, New Delhi, Delhi 110033, India","New Delhi, Delhi","Avoid this metro station there are a lot of theives roaming around you
My phone was stolen from here a day ago. Please beware please..",1,-0.95,4,1,USER_REPORTED,REVIEW,INC-7b548ba16f5bd045,ChIJ4TwM35ABDTkR6OwOymldem4,https://www.google.com/maps/search/?api=1&query=Jahangirpuri&query_place_id=ChIJ4TwM35ABDTkR6OwOymldem4,ChZDSUhNMG9nS0VJQ0FnSUNOc092REV3EAE,ANAKIN_AI,c0867304596b429249383689a4d70ab45c89148bad5e89f3a2f17f28c260bb0c,2026-09-26T09:16:57.940Z,5,0,0,4,1,0,0,0,0,Crime,4,60,58,incident
Pickpocketing and Criminals in Market,Crime,https://www.google.com/maps/reviews/data=!4m8!14m7!1m6!2m5!1sChdDSUhNMG9nS0VJQ0FnSURHeThMZnFnRRAB!2m1!1s0x0:0x1669b5a08f2c43b7!3m1!1s2@1:CIHM0ogKEICAgIDGy8LfqgE%7C%7C?hl=en,2021-12-09T13:48:45Z,"1462, B Block Rd, Bhalswa Jahangirpuri, Jahangirpuri, Delhi, 110033, India (28.727761, 77.167943)",Google Maps (user review),Reviewer reports that groups of criminals roam the market and commit pickpocketing.,Mangal Bajar B Block Jahangir Puri,Jahangirpuri,Street-Crime and High-Risk,PICKPOCKETING,28.7277614,77.1679428,"1462, B Block Rd, Bhalswa Jahangirpuri, Jahangirpuri, Delhi, 110033, India",Delhi,SO MANY GROUPS OF CRIMINALS ALWAYS ROAMING IN THE MARKET IN THE BLINK OF EYE YOUR PURSE MOBILES MONEY WILL BE PICKPOCKETED SO PLEASE NEVER GO TO THIS PLACE,1,-0.9,3,0.95,USER_REPORTED,REVIEW,INC-77b5efa98f18013e,ChIJXYjQeZQBDTkRt0Msj6C1aRY,https://www.google.com/maps/search/?api=1&query=Mangal%20Bajar%20B%20Block%20Jahangir%20Puri&query_place_id=ChIJXYjQeZQBDTkRt0Msj6C1aRY,ChdDSUhNMG9nS0VJQ0FnSURHeThMZnFnRRAB,ANAKIN_AI,34f70c759fdd222b797e4a50fd137188f34866cdfabf58f8b0a0bb9984935136,2026-09-26T09:16:57.940Z,5,0,0,4,1,0,0,0,0,Crime,4,60,58,incident
Staff abusive behavior witnessed,Harassment,https://www.google.com/maps/reviews/data=!4m8!14m7!1m6!2m5!1sChZDSUhNMG9nS0VJQ0FnSUNmdjkyUENnEAE!2m1!1s0x0:0x6e7a5d69ca0eece8!3m1!1s2@1:CIHM0ogKEICAgICfv92PCg%7C%7C?hl=en,2025-01-03T04:18:26Z,"Grand Trunk Rd, New Delhi, Delhi 110033, India (28.725860, 77.162790)",Google Maps (user review),Reviewer reported witnessing staff members displaying abusive behavior toward passengers.,Jahangirpuri,Jahangirpuri,Street-Crime and High-Risk,HARASSMENT,28.72586,77.16279,"Grand Trunk Rd, New Delhi, Delhi 110033, India","New Delhi, Delhi","Dear Metro Staff,

I hope this message finds you well. I am writing to express my concern regarding an incident I witnessed involving some staff members displaying abusive behavior towards passengers. Such conduct is not only unprofessional but also creates a negative atmosphere for everyone using the metro services.

I believe that maintaining a respectful and courteous environment is essential for the comfort and safety of all passengers. I kindly urge you to address this issue and ensure that all staff members are trained to handle situations with patience and respect.

Thank you for your attention to this matter.

Sincerely,
Shubham",1,-0.6,2,0.9,USER_REPORTED,REVIEW,INC-3cd7e4dcce43e600,ChIJ4TwM35ABDTkR6OwOymldem4,https://www.google.com/maps/search/?api=1&query=Jahangirpuri&query_place_id=ChIJ4TwM35ABDTkR6OwOymldem4,ChZDSUhNMG9nS0VJQ0FnSUNmdjkyUENnEAE,ANAKIN_AI,d5064e9f548ab9e12726c9b0055256b0d6163679308cd5129ed7bc879f8101f4,2026-09-26T09:16:57.940Z,5,0,0,4,1,0,0,0,0,Crime,4,60,58,incident
Cheating and overcrowding reported,Fraud,https://www.google.com/maps/reviews/data=!4m8!14m7!1m6!2m5!1sCi9DQUlRQUNvZENodHljRjlvT2tGRlVsSTRUbFEzUnpnMlpXc3lTbWhFZVV0dlVGRRAB!2m1!1s0x0:0xb3489e0fc930becf!3m1!1s2@1:CAIQACodChtycF9oOkFFUlI4TlQ3Rzg2ZWsySmhEeUtvUFE%7C%7C?hl=en,2026-06-10T09:17:13Z,"J6H9+JGJ, Janpath Rd, Janpath, Connaught Place, New Delhi, Delhi 110001, India (28.629079, 77.218764)",Google Maps (user review),Reviewer alleged that there is cheating in the market along with overcrowding and encroachment.,Janpath Market,Janpath Market,Scam and Tourist Trap,OVERCHARGING,28.6290786,77.2187638,"J6H9+JGJ, Janpath Rd, Janpath, Connaught Place, New Delhi, Delhi 110001, India",New Delhi,"Too much crowd , too much noice, too much cheating, too much dirt and filth, too much encroachment due to which too much cramped. We go just for nostalgia.",1,-0.9,2,0.85,USER_ALLEGATION,REVIEW,INC-565f17cc53f97c72,ChIJh_UvczX9DDkRz74wyQ-eSLM,https://www.google.com/maps/search/?api=1&query=Janpath%20Market&query_place_id=ChIJh_UvczX9DDkRz74wyQ-eSLM,Ci9DQUlRQUNvZENodHljRjlvT2tGRlVsSTRUbFEzUnpnMlpXc3lTbWhFZVV0dlVGRRAB,ANAKIN_AI,470cbff40a2371a0204f11ad5d914b7a8abc239d0f99ba7355104ea80698b80a,2026-09-26T09:16:57.940Z,4,1,2,0,1,0,0,0,0,Fraud,5,80,39,incident
Overcharging and inflated product prices,Fraud,https://www.google.com/maps/reviews/data=!4m8!14m7!1m6!2m5!1sCi9DQUlRQUNvZENodHljRjlvT2xBMUxXaFJkRzlHUVhGbGExUTJUVmc1ZFdsNVprRRAB!2m1!1s0x0:0xb3489e0fc930becf!3m1!1s2@1:CAIQACodChtycF9oOlA1LWhRdG9GQXFla1Q2TVg5dWl5ZkE%7C%7C?hl=en,2026-03-09T14:40:08Z,"J6H9+JGJ, Janpath Rd, Janpath, Connaught Place, New Delhi, Delhi 110001, India (28.629079, 77.218764)",Google Maps (user review),Reviewer reported being charged 5x the fair price of products due to lack of experience.,Janpath Market,Janpath Market,Scam and Tourist Trap,OVERCHARGING,28.6290786,77.2187638,"J6H9+JGJ, Janpath Rd, Janpath, Connaught Place, New Delhi, Delhi 110001, India",New Delhi,In janpath market you should go with person with experience otherwise it will be nightmare for you just like me 🥲 as you won't judge the price of product and will get it for 5x more than it deserves,1,-0.85,3,0.95,USER_REPORTED,REVIEW,INC-b032b058c60a5670,ChIJh_UvczX9DDkRz74wyQ-eSLM,https://www.google.com/maps/search/?api=1&query=Janpath%20Market&query_place_id=ChIJh_UvczX9DDkRz74wyQ-eSLM,Ci9DQUlRQUNvZENodHljRjlvT2xBMUxXaFJkRzlHUVhGbGExUTJUVmc1ZFdsNVprRRAB,ANAKIN_AI,9ddfd3ab92040c6f53e239461771c1f199230b717d8e48bd4b88f7628244538e,2026-09-26T09:16:57.940Z,4,1,2,0,1,0,0,0,0,Fraud,5,80,39,incident
Shopkeeper rude to female customers,Harassment,https://www.google.com/maps/reviews/data=!4m8!14m7!1m6!2m5!1sCi9DQUlRQUNvZENodHljRjlvT21oQlpuUmlVMVJ0ZVZCSlNHRmpjVFpaYlRreWVWRRAB!2m1!1s0x0:0xb3489e0fc930becf!3m1!1s2@1:CAIQACodChtycF9oOmhBZnRiU1RteVBJSGFjcTZZbTkyeVE%7C%7C?hl=en,2025-07-13T18:59:36Z,"J6H9+JGJ, Janpath Rd, Janpath, Connaught Place, New Delhi, Delhi 110001, India (28.629079, 77.218764)",Google Maps (user review),Reviewer reported that a shopkeeper was rude and lacked basic manners while speaking to female customers.,Janpath Market,Janpath Market,Scam and Tourist Trap,HARASSMENT,28.6290786,77.2187638,"J6H9+JGJ, Janpath Rd, Janpath, Connaught Place, New Delhi, Delhi 110001, India",New Delhi,"Visited Janpath Bazaar recently and was quite disappointed. The market was overcrowded and congested, making it hard to move around comfortably. Basic amenities were lacking — no proper sanitation or sitting areas. To make things worse, there was litter everywhere, and the area felt poorly maintained. 1st Shop from main entrance, The shopkeeper was rude and lacked basic manners while speaking to female customers.
Definitely not a pleasant shopping experience. Not recommended for tourists or families.",1,-0.8,2,0.95,USER_REPORTED,REVIEW,INC-ca36187926dc2cff,ChIJh_UvczX9DDkRz74wyQ-eSLM,https://www.google.com/maps/search/?api=1&query=Janpath%20Market&query_place_id=ChIJh_UvczX9DDkRz74wyQ-eSLM,Ci9DQUlRQUNvZENodHljRjlvT21oQlpuUmlVMVJ0ZVZCSlNHRmpjVFpaYlRreWVWRRAB,ANAKIN_AI,001287f2f7aebf22bd643a8918c3a63df8a56ecc9e47b37830f580b2e30c004e,2026-09-26T09:16:57.940Z,4,1,2,0,1,0,0,0,0,Fraud,5,80,39,incident
Allegations of severe overpricing by shopkeepers,Scam,https://www.google.com/maps/reviews/data=!4m8!14m7!1m6!2m5!1sCi9DQUlRQUNvZENodHljRjlvT21aV2IxQXhiMFpEVUV4a1RrVmtVMnhQY2s1b1UxRRAB!2m1!1s0x0:0xb3489e0fc930becf!3m1!1s2@1:CAIQACodChtycF9oOmZWb1Axb0ZDUExkTkVkU2xPck5oU1E%7C%7C?hl=en,2025-09-25T02:50:27Z,"J6H9+JGJ, Janpath Rd, Janpath, Connaught Place, New Delhi, Delhi 110001, India (28.629079, 77.218764)",Google Maps (user review),Reviewer alleges that shopkeepers overprice items significantly to take advantage of buyers.,Janpath Market,Janpath Market,Scam and Tourist Trap,TOURIST_SCAM,28.6290786,77.2187638,"J6H9+JGJ, Janpath Rd, Janpath, Connaught Place, New Delhi, Delhi 110001, India",New Delhi,"The place was full of crowd.
Yet the shopkeepers just want to loot you. The first price they'll give you is far beyond and about 5-6 times morethan the actual. Even if you bargain they won't let you take the item for the actual price. As I've been to many other markets so i know how much the item I'm purchasing cost actually.
So it's better to just go and roam ther only not to buy anything from there.",1,-0.8,2,0.95,USER_ALLEGATION,REVIEW,INC-bc0b4f44684d884c,ChIJh_UvczX9DDkRz74wyQ-eSLM,https://www.google.com/maps/search/?api=1&query=Janpath%20Market&query_place_id=ChIJh_UvczX9DDkRz74wyQ-eSLM,Ci9DQUlRQUNvZENodHljRjlvT21aV2IxQXhiMFpEVUV4a1RrVmtVMnhQY2s1b1UxRRAB,ANAKIN_AI,8e7e16521746978f6739c56f7a524290b851dbea86037fd6b102c867b906c8c1,2026-09-26T09:16:57.940Z,4,1,2,0,1,0,0,0,0,Fraud,5,80,39,incident
Fall injury on slippery flooring,Accident,https://www.google.com/maps/reviews/data=!4m8!14m7!1m6!2m5!1sChZDSUhNMG9nS0VJQ0FnSURncmVmRERnEAE!2m1!1s0x0:0x840e3f6a0250e134!3m1!1s2@1:CIHM0ogKEICAgIDgrefDDg%7C%7C?hl=en,2016-06-07T04:22:46Z,"Karampura Flyover, Block 1, Kirti Nagar Industrial Area, Kirti Nagar, New Delhi, Delhi, 110015, India (28.655676, 77.150814)",Google Maps (user review),Reviewer reported that their mother slipped on the steel flooring in the metro change area and fractured her wrist.,Kirti Nagar,Kirti Nagar,Scam and Tourist Trap,FALL_INJURY,28.6556764,77.1508142,"Karampura Flyover, Block 1, Kirti Nagar Industrial Area, Kirti Nagar, New Delhi, Delhi, 110015, India","New Delhi, Delhi","While crossing the steel flooring in metro change area, my mother got slipped and have fracture in her left wrist. It's not safe so please careful.",1,-0.8,3,0.95,SECOND_HAND,REVIEW,INC-f1409a421dc3128e,ChIJdci9x_0CDTkRNOFQAmo_DoQ,https://www.google.com/maps/search/?api=1&query=Kirti%20Nagar&query_place_id=ChIJdci9x_0CDTkRNOFQAmo_DoQ,ChZDSUhNMG9nS0VJQ0FnSURncmVmRERnEAE,ANAKIN_AI,9f5aaf29d65833060ea1114fe9cfa91e41b87c186f3695571db2b1731edd61a2,2026-09-26T09:16:57.940Z,6,3,0,1,0,1,0,1,0,Scam,4,60,56,incident
Police involvement required for refund,Crime,https://www.google.com/maps/reviews/data=!4m8!14m7!1m6!2m5!1sChdDSUhNMG9nS0VJQ0FnSUNPM3ZmRXp3RRAB!2m1!1s0x0:0xc3810143d3a59f54!3m1!1s2@1:CIHM0ogKEICAgICO3vfEzwE%7C%7C?hl=en,2022-06-11T05:03:16Z,"1st Floor, 8/33, Under Pass Road, Block 8, Kirti Nagar Industrial Area, Kirti Nagar, Delhi, 110015, India (28.649617, 77.145850)",Google Maps (user review),Reviewer reports having to involve the police to get their advance payment back after severe order delays and design changes.,The Furniture Park,Kirti Nagar,Scam and Tourist Trap,OTHER_CRIME,28.6496167,77.14585,"1st Floor, 8/33, Under Pass Road, Block 8, Kirti Nagar Industrial Area, Kirti Nagar, Delhi, 110015, India",Delhi,"When I visited the store first time, I had a great experience. They promised 15 days delivery and followed up with me for structure, cloth everything.
After paying the advance, the story changed. Even after 40 days the sofa was not ready. I had to call always for update. And the final version they made was so different from initial Design. Thankfully I had written down all requirements on our WhatsApp chat otherwise they would not have even agreed that they did work as discussed.
I had to finally involve police to get my advance back.
Unexpected flip from their sales person Tushar, worst customer service.",1,-0.9,3,0.9,USER_REPORTED,REVIEW,INC-dbad85338e02757f,ChIJzfOqySkDDTkRVJ-l00MBgcM,https://www.google.com/maps/search/?api=1&query=The%20Furniture%20Park&query_place_id=ChIJzfOqySkDDTkRVJ-l00MBgcM,ChdDSUhNMG9nS0VJQ0FnSUNPM3ZmRXp3RRAB,ANAKIN_AI,168e0c004b0726da42f51b35ec529790ba837950f8c15a2230f1d25bb1cc4461,2026-09-26T09:16:57.940Z,6,3,0,1,0,1,0,1,0,Scam,4,60,56,incident
Scammed with horrible-quality furniture,Scam,https://www.google.com/maps/reviews/data=!4m8!14m7!1m6!2m5!1sChZDSUhNMG9nS0VJQ0FnSUNMbEl2QWR3EAE!2m1!1s0x0:0xc3810143d3a59f54!3m1!1s2@1:CIHM0ogKEICAgICLlIvAdw%7C%7C?hl=en,2026-06-09T16:23:42Z,"1st Floor, 8/33, Under Pass Road, Block 8, Kirti Nagar Industrial Area, Kirti Nagar, Delhi, 110015, India (28.649617, 77.145850)",Google Maps (user review),Reviewer claims they were scammed with horrible-quality furniture.,The Furniture Park,Kirti Nagar,Scam and Tourist Trap,SCAM,28.6496167,77.14585,"1st Floor, 8/33, Under Pass Road, Block 8, Kirti Nagar Industrial Area, Kirti Nagar, Delhi, 110015, India",Delhi,"Reply to your response:

You already know exactly what my issue has been. This reply from the company is just another attempt to make it look like they care about customers. It has been more than 2 years, and nobody from your side has ever reached out to me. You have my personal number and are fully aware of everything that went wrong. Please read the full incident below.

This guy (TUSHAR) keeps deleting or hiding my review and calling it fake again and again. He’s such a liar. Please don’t buy furniture from this place. The quality is horrible, and if you face any issues, he’ll simply say that you never bought furniture from him. He might even reply asking for receipts of the purchase, fully knowing that posting such documents publicly is against Google’s policies.

PLEASE BE AWARE. I was scammed with horrible-quality furniture, and the same thing can happen to others. I spent lakhs of rupees here on furniture that I had shipped from India to the USA. Please trust me and be careful. I have all the proof, including chats, photos, videos, and voice recordings. I also keep seeing him reply to customers saying their reviews are fake. Why would anyone spend time writing a fake review? It makes no sense.

HE IS TRYING TO CLEAN UP HIS IMAGE BY MAKING INSTAGRAM REELS AND HIRING BLOGGERS, BUT THAT DOESN’T CHANGE WHAT HAPPENED.

Yes, you might find some of the cheapest furniture in Kirti Nagar at this store, but at what cost? You could end up receiving extremely poor quality products. It’s better to spend your money at a reputable place that stands behind its work.

My experience:

I found this place through Google. There’s a guy named Tushar. I asked him to make several customized furniture pieces for my home, which I had to ship abroad. I ordered a bed, side tables, an 8-seater dining table with 8 chairs, a 6-seater L-shaped sofa, and a 2-seater sofa.

I clearly told him that everything needed to be made properly and be durable because it was being shipped from India to the USA. I even paid extra money to get better foam installed in the sofas.

While the furniture was being made, I repeatedly asked him to send me photos of the progress, but he always ignored those requests. Most of the furniture, especially the dining table and chairs, was finished at the very last minute when my movers and packers were already at his shop.

After about five months, once the shipment arrived in the USA, I started assembling everything and was shocked by what I received.

The holes in the box bed and headboard were completely misaligned. I had to pay around ₹16,000 (about $200) just to get new holes made so the bed could be assembled properly.

The dining chairs were even worse. All 8 chairs had major issues. There was barely any back support, four chairs broke within a month, the chair legs were uneven, the backrests lacked proper support, and the chairs were all shaped differently. There were also white spots on the dining table.

The L-shaped sofa was another disappointment. I had specifically paid EXTRA MONEY for memory foam so that the seating would stay firm. Today, one half of the sofa is firm while the other half is completely squishy.

The moment I received the furniture, I sent him videos and photos showing all these problems and explaining that the dining chairs had clear manufacturing and design defects. I strongly believe I should have been compensated because I ended up having to replace all 8 chairs myself.

Later, when I visited India again, I went to their store and showed them the photos of the damaged and defective chairs. I explained every issue in detail. They literally accepted that there was a problem and simply said, “Ab kya kar sakte hai?”

Even after admitting the issue, they made no effort to compensate me for the chairs or take responsibility.

So please think twice before buying furniture from here. My biggest issue was not just the defects, but the complete lack of accountability after the sale. Quality and customer service were both extremely disappointing.",1,-1,2,0.9,USER_REPORTED,REVIEW,INC-c7ee86b41fd905ed,ChIJzfOqySkDDTkRVJ-l00MBgcM,https://www.google.com/maps/search/?api=1&query=The%20Furniture%20Park&query_place_id=ChIJzfOqySkDDTkRVJ-l00MBgcM,ChZDSUhNMG9nS0VJQ0FnSUNMbEl2QWR3EAE,ANAKIN_AI,df63ed3e51f591f6c959bcdd5695f7e7bfa019dace734e7694f88777f2fdd5c3,2026-09-26T09:16:57.940Z,6,3,0,1,0,1,0,1,0,Scam,4,60,56,incident
Allegations of fake review marketing,Scam,https://www.google.com/maps/reviews/data=!4m8!14m7!1m6!2m5!1sChdDSUhNMG9nS0VJQ0FnSURicmRtOXF3RRAB!2m1!1s0x0:0xc3810143d3a59f54!3m1!1s2@1:CIHM0ogKEICAgIDbrdm9qwE%7C%7C?hl=en,2024-08-08T08:24:07Z,"1st Floor, 8/33, Under Pass Road, Block 8, Kirti Nagar Industrial Area, Kirti Nagar, Delhi, 110015, India (28.649617, 77.145850)",Google Maps (user review),Reviewer alleges that the store's high online ratings are part of a fake scam marketing scheme and describes poor customer service.,The Furniture Park,Kirti Nagar,Scam and Tourist Trap,SCAM,28.6496167,77.14585,"1st Floor, 8/33, Under Pass Road, Block 8, Kirti Nagar Industrial Area, Kirti Nagar, Delhi, 110015, India",Delhi,"Worst experience as a customer! Being harassed for 4 months since we bought a bed from this store. Third class quality and finishing of the bed. They take your  money in advance and forget to deliver the after sale services.

PLEASE DONT GO BY WITH THEIR ONLINE REVIEWS!!! Their 4.1 rating on internet is just all a part of FAKE SCAM marketing. Worst of all furniture stores. Waste of money time and efforts",1,-0.9,1,0.8,USER_ALLEGATION,REVIEW,INC-55a4174c705f38c0,ChIJzfOqySkDDTkRVJ-l00MBgcM,https://www.google.com/maps/search/?api=1&query=The%20Furniture%20Park&query_place_id=ChIJzfOqySkDDTkRVJ-l00MBgcM,ChdDSUhNMG9nS0VJQ0FnSURicmRtOXF3RRAB,ANAKIN_AI,a5672bd2f9a8450efa946fa76219a7526549471093b82e80cca9dcd7c25a90f4,2026-09-26T09:16:57.940Z,6,3,0,1,0,1,0,1,0,Scam,4,60,56,incident
Showroom accused of scamming customers,Scam,https://www.google.com/maps/reviews/data=!4m8!14m7!1m6!2m5!1sChZDSUhNMG9nS0VJQ0FnSUNEdXAzX0tnEAE!2m1!1s0x0:0xc3810143d3a59f54!3m1!1s2@1:CIHM0ogKEICAgICDup3_Kg%7C%7C?hl=en,2024-03-27T09:21:30Z,"1st Floor, 8/33, Under Pass Road, Block 8, Kirti Nagar Industrial Area, Kirti Nagar, Delhi, 110015, India (28.649617, 77.145850)",Google Maps (user review),Reviewer claims the showroom scams customers by selling cheap products and refusing to refund or respond.,The Furniture Park,Kirti Nagar,Scam and Tourist Trap,SCAM,28.6496167,77.14585,"1st Floor, 8/33, Under Pass Road, Block 8, Kirti Nagar Industrial Area, Kirti Nagar, Delhi, 110015, India",Delhi,"Dont buy anything from this showroom, they will scam you by seeling cheap products and then will stop responding to calls. They forgot to add hydraulic system in bed and never refunded or bothered to make things right.
I would strongly advise to find some other showroom as they are frauds and will give you low quality furniture.",1,-0.9,2,0.85,USER_REPORTED,REVIEW,INC-789304c217ea4b2f,ChIJzfOqySkDDTkRVJ-l00MBgcM,https://www.google.com/maps/search/?api=1&query=The%20Furniture%20Park&query_place_id=ChIJzfOqySkDDTkRVJ-l00MBgcM,ChZDSUhNMG9nS0VJQ0FnSUNEdXAzX0tnEAE,ANAKIN_AI,a1fa1dfbfcf7e1cc3607957292569c593d170da4fad19e56df4a2b3f79f705b0,2026-09-26T09:16:57.940Z,6,3,0,1,0,1,0,1,0,Scam,4,60,56,incident
Unsafe conditions in women's coach at night,Unsafe area,https://www.google.com/maps/reviews/data=!4m8!14m7!1m6!2m5!1sCi9DQUlRQUNvZENodHljRjlvT2pCWGVFUTFMWGcyZUdnMWNXcGxTMEoxTVhsWmFGRRAB!2m1!1s0x0:0x840e3f6a0250e134!3m1!1s2@1:CAIQACodChtycF9oOjBXeEQ1LXg2eGg1cWplS0J1MXlZaFE%7C%7C?hl=en,2026-04-23T15:50:32Z,"Karampura Flyover, Block 1, Kirti Nagar Industrial Area, Kirti Nagar, New Delhi, Delhi, 110015, India (28.655676, 77.150814)",Google Maps (user review),"Reviewer reported that men were present in the women's coach without a guard or proper facilities, making it feel unsafe at night.",Kirti Nagar,Kirti Nagar,Scam and Tourist Trap,UNSAFE_AT_NIGHT,28.6556764,77.1508142,"Karampura Flyover, Block 1, Kirti Nagar Industrial Area, Kirti Nagar, New Delhi, Delhi, 110015, India","New Delhi, Delhi","There are so many men in the women’s coach, no guard and no proper facilities—then why even make a women’s coach? It doesn’t feel safe, especially at this time of night. I’m in Paschim Vihar and the situation is really bad. Who is responsible for this?",1,-0.8,3,0.95,USER_REPORTED,REVIEW,INC-779d156e69c7fb6d,ChIJdci9x_0CDTkRNOFQAmo_DoQ,https://www.google.com/maps/search/?api=1&query=Kirti%20Nagar&query_place_id=ChIJdci9x_0CDTkRNOFQAmo_DoQ,Ci9DQUlRQUNvZENodHljRjlvT2pCWGVFUTFMWGcyZUdnMWNXcGxTMEoxTVhsWmFGRRAB,ANAKIN_AI,a20954a0a08fcea1435e55830a34c41baaa5b9064f10c27e5515f84435c736d4,2026-09-26T09:16:57.940Z,6,3,0,1,0,1,0,1,0,Scam,4,60,56,incident
Pickpocketing and snatching warning,Crime,https://www.google.com/maps/reviews/data=!4m8!14m7!1m6!2m5!1sChZDSUhNMG9nS0VJQ0FnSUQ2MHRQRVRREAE!2m1!1s0x0:0x816a689e248f81d7!3m1!1s2@1:CIHM0ogKEICAgID60tPETQ%7C%7C?hl=en,2021-09-25T09:29:49Z,"M3QR+CGC Katran market, Block Q, Mangolpuri, New Delhi, Delhi, 110083, India (28.688565, 77.091261)",Google Maps (user review),Reviewer warns that the market is prone to pickpocketing and mobile snatching.,N. N Fashion katran market Mangol Puri,Mangolpuri,Street-Crime and High-Risk,PICKPOCKETING,28.6885649,77.0912609,"M3QR+CGC Katran market, Block Q, Mangolpuri, New Delhi, Delhi, 110083, India","New Delhi, Delhi","It's a biggest place of pocket pickers, n chain/mobile snickers.... Be careful.",1,-0.8,3,0.95,WARNING,REVIEW,INC-cd84a5cc4d27b810,ChIJC9Mq0w8EDTkR14GPJJ5oaoE,https://www.google.com/maps/search/?api=1&query=N.%20N%20Fashion%20katran%20market%20Mangol%20Puri&query_place_id=ChIJC9Mq0w8EDTkR14GPJJ5oaoE,ChZDSUhNMG9nS0VJQ0FnSUQ2MHRQRVRREAE,ANAKIN_AI,e0e4eba2a3c2bed9603e70d996631b5f112f284febb4cc624030ddb773fec358,2026-09-26T09:16:57.940Z,4,2,1,1,0,0,0,0,0,Scam,4,60,40,incident
Selling fish underweight,Fraud,https://www.google.com/maps/reviews/data=!4m8!14m7!1m6!2m5!1sChdDSUhNMG9nS0VJQ0FnSURCa0otbzlnRRAB!2m1!1s0x0:0xcd3838ca6ac62f0b!3m1!1s2@1:CIHM0ogKEICAgIDBkJ-o9gE%7C%7C?hl=en,2023-01-09T18:14:47Z,"M3VH+4MF, Mangolpuri, New Delhi, Delhi, 110083, India (28.692804, 77.079176)",Google Maps (user review),Reviewer claims that sellers engage in cheating by selling fish underweight.,Mangolpuri Fish Market,Mangolpuri,Street-Crime and High-Risk,OVERCHARGING,28.6928044,77.0791762,"M3VH+4MF, Mangolpuri, New Delhi, Delhi, 110083, India","New Delhi, Delhi","So much cheating
Selling fish underweight.",1,-0.85,2,0.95,USER_REPORTED,REVIEW,INC-760ef406b7f46137,ChIJg8wna3EFDTkRCy_Gaso4OM0,https://www.google.com/maps/search/?api=1&query=Mangolpuri%20Fish%20Market&query_place_id=ChIJg8wna3EFDTkRCy_Gaso4OM0,ChdDSUhNMG9nS0VJQ0FnSURCa0otbzlnRRAB,ANAKIN_AI,7c804b66d4cc5044f46fe7d99ff3754f321a7065f66113e72dca001983a3ff67,2026-09-26T09:16:57.940Z,4,2,1,1,0,0,0,0,0,Scam,4,60,40,incident
Too much scam reported,Scam,https://www.google.com/maps/reviews/data=!4m8!14m7!1m6!2m5!1sChdDSUhNMG9nS0VJQ0FnSURoODZIYWp3RRAB!2m1!1s0x0:0xcd3838ca6ac62f0b!3m1!1s2@1:CIHM0ogKEICAgIDh86HajwE%7C%7C?hl=en,2023-03-17T13:22:30Z,"M3VH+4MF, Mangolpuri, New Delhi, Delhi, 110083, India (28.692804, 77.079176)",Google Maps (user review),Reviewer alleges that there is too much scam at the place.,Mangolpuri Fish Market,Mangolpuri,Street-Crime and High-Risk,SCAM,28.6928044,77.0791762,"M3VH+4MF, Mangolpuri, New Delhi, Delhi, 110083, India","New Delhi, Delhi",Tooo much scam. Bad man's,1,-0.8,2,0.9,USER_ALLEGATION,REVIEW,INC-7a521cdf8e1a0ff1,ChIJg8wna3EFDTkRCy_Gaso4OM0,https://www.google.com/maps/search/?api=1&query=Mangolpuri%20Fish%20Market&query_place_id=ChIJg8wna3EFDTkRCy_Gaso4OM0,ChdDSUhNMG9nS0VJQ0FnSURoODZIYWp3RRAB,ANAKIN_AI,91c75851ae511c74db88f55f2894718517f2f114b52243c698e83718bc29ff01,2026-09-26T09:16:57.940Z,4,2,1,1,0,0,0,0,0,Scam,4,60,40,incident
Shopkeepers cheating customers with fish replacement,Scam,https://www.google.com/maps/reviews/data=!4m8!14m7!1m6!2m5!1sChZDSUhNMG9nS0VJQ0FnSUNJcnFqQ1V3EAE!2m1!1s0x0:0xcd3838ca6ac62f0b!3m1!1s2@1:CIHM0ogKEICAgICIrqjCUw%7C%7C?hl=en,2021-02-18T17:02:29Z,"M3VH+4MF, Mangolpuri, New Delhi, Delhi, 110083, India (28.692804, 77.079176)",Google Maps (user review),Reviewer claims shopkeepers replace healthy fish with rotten fish and cheat customers.,Mangolpuri Fish Market,Mangolpuri,Street-Crime and High-Risk,SCAM,28.6928044,77.0791762,"M3VH+4MF, Mangolpuri, New Delhi, Delhi, 110083, India","New Delhi, Delhi","It's a dirty unhygienic place, awful. Shopkeepers are dengerous and fight with customers. Don't buy fish from this place they will show you healthy fish but will replace with rotten one 😜 cheat frauds stay away.",1,-0.9,2,0.95,USER_REPORTED,REVIEW,INC-2b29f0f25b08ccf9,ChIJg8wna3EFDTkRCy_Gaso4OM0,https://www.google.com/maps/search/?api=1&query=Mangolpuri%20Fish%20Market&query_place_id=ChIJg8wna3EFDTkRCy_Gaso4OM0,ChZDSUhNMG9nS0VJQ0FnSUNJcnFqQ1V3EAE,ANAKIN_AI,c98a510dc8c46524192a6606146b7eb6a23fc6565cd0d31b6ff89a450d245f5e,2026-09-26T09:16:57.940Z,4,2,1,1,0,0,0,0,0,Scam,4,60,40,incident
Allegations of fraudulent catering practices and overcharging,Fraud,https://www.google.com/maps/reviews/data=!4m8!14m7!1m6!2m5!1sChdDSUhNMG9nS0VJQ0FnSURRaDVDSnF3RRAB!2m1!1s0x0:0xf8190a082b834f70!3m1!1s2@1:CIHM0ogKEICAgIDQh5CJqwE%7C%7C?hl=en,2016-01-31T13:26:12Z,"Najafgarh Rd, Meenakshi Garden, Ashok Nagar, New Delhi, Delhi, 110018, India (28.640390, 77.104950)",Google Maps (user review),Reviewer alleged that the catering service used deceptive stories to extract extra money and inflated the plate count.,Subhash Nagar,Meenakshi Garden,Scam and Tourist Trap,OVERCHARGING,28.64039,77.10495,"Najafgarh Rd, Meenakshi Garden, Ashok Nagar, New Delhi, Delhi, 110018, India","New Delhi, Delhi","Marwaha caterers are the meanest of the mean in unethical catering services and use all fraudulent tricks to cheat and deceive you in catering. They will tell you all kinds of SOB stories of EXCISE raids on their office and their staff running away with cash, to extract some extra money and finally cheat you by increasing the number of plates by up to FIFTY PERCENT.  Most untrustworthy caterers in business.",1,-0.9,3,0.9,USER_ALLEGATION,REVIEW,INC-9b24500f56644d8c,ChIJ84X8mmEDDTkRcE-DKwgKGfg,https://www.google.com/maps/search/?api=1&query=Subhash%20Nagar&query_place_id=ChIJ84X8mmEDDTkRcE-DKwgKGfg,ChdDSUhNMG9nS0VJQ0FnSURRaDVDSnF3RRAB,ANAKIN_AI,777cd79b2a4156e78764e44d9aa66f7d783d4d8a6f8e1e70a5d9a84e71f0c46a,2026-09-26T09:16:57.940Z,2,0,1,0,0,0,0,1,0,Fraud,4,53,21,incident
Lack of security and crowd congestion outside station,Unsafe area,https://www.google.com/maps/reviews/data=!4m8!14m7!1m6!2m5!1sChZDSUhNMG9nS0VJQ0FnSURyc3FTT2V3EAE!2m1!1s0x0:0xf8190a082b834f70!3m1!1s2@1:CIHM0ogKEICAgIDrsqSOew%7C%7C?hl=en,2024-07-16T12:57:14Z,"Najafgarh Rd, Meenakshi Garden, Ashok Nagar, New Delhi, Delhi, 110018, India (28.640390, 77.104950)",Google Maps (user review),Reviewer reported a lack of security guards and disorderly e-rickshaw crowds outside the metro station.,Subhash Nagar,Meenakshi Garden,Scam and Tourist Trap,POOR_SECURITY,28.64039,77.10495,"Najafgarh Rd, Meenakshi Garden, Ashok Nagar, New Delhi, Delhi, 110018, India","New Delhi, Delhi",Metro is good station is good but NO maintainces  No security guards outside the station  thousands thousands e rikshaw chowks the gate  unneccacery  they will ask to you  so many drivers  kahan jana hai  nahi bhai  we have our own vehicle,1,-0.6,2,0.85,USER_REPORTED,REVIEW,INC-ef60eaadc3826bb7,ChIJ84X8mmEDDTkRcE-DKwgKGfg,https://www.google.com/maps/search/?api=1&query=Subhash%20Nagar&query_place_id=ChIJ84X8mmEDDTkRcE-DKwgKGfg,ChZDSUhNMG9nS0VJQ0FnSURyc3FTT2V3EAE,ANAKIN_AI,af6fd2f5dc055bbfd4e3b3fb7ca1ee162a84209c1b2c366b1b3a5e10c2c9c306,2026-09-26T09:16:57.940Z,2,0,1,0,0,0,0,1,0,Fraud,4,53,21,incident
Area perceived as unsafe,Unsafe area,https://www.google.com/maps/reviews/data=!4m8!14m7!1m6!2m5!1sCi9DQUlRQUNvZENodHljRjlvT2t0RWRVNU5lbDlNWlZsU1pYaFhkVzlGTVMxS01VRRAB!2m1!1s0x0:0xaceead1678b9a8a8!3m1!1s2@1:CAIQACodChtycF9oOktEdU5Nel9MZVlSZXhXdW9FMS1KMUE%7C%7C?hl=en,2026-06-14T15:04:01Z,"Mangal Pandey Marg, Nand Nagri, Mandoli, New Delhi, Delhi, 110093, India (28.698900, 77.306290)",Google Maps (user review),Reviewer perceives the area as unsafe.,Nand Nagari,Nand Nagri,Street-Crime and High-Risk,STREET_SAFETY,28.6989,77.30629,"Mangal Pandey Marg, Nand Nagri, Mandoli, New Delhi, Delhi, 110093, India","New Delhi, Delhi",Not a safe place at all,2,-0.8,2,0.95,PERCEPTION,REVIEW,INC-28a470f3409aa102,ChIJAw-s95T7DDkRqKi5eBat7qw,https://www.google.com/maps/search/?api=1&query=Nand%20Nagari&query_place_id=ChIJAw-s95T7DDkRqKi5eBat7qw,Ci9DQUlRQUNvZENodHljRjlvT2t0RWRVNU5lbDlNWlZsU1pYaFhkVzlGTVMxS01VRRAB,ANAKIN_AI,366d2ef814a8bc9737b8f31df2841a39f0ba21dd53c12d9dbde7f5bc267519cb,2026-09-26T09:16:57.940Z,1,0,0,0,0,0,0,1,0,Unsafe area,4,45,15,incident
Thefts common at railway station,Crime,https://www.google.com/maps/reviews/data=!4m8!14m7!1m6!2m5!1sCi9DQUlRQUNvZENodHljRjlvT2pobWVIWkthRE5xZEY5aVZYRjZORkZoYUZKRmIyYxAB!2m1!1s0x0:0xf8913afee1665916!3m1!1s2@1:CAIQACodChtycF9oOjhmeHZKaDNqdF9iVXF6NFFhaFJFb2c%7C%7C?hl=en,2026-05-15T01:59:07Z,"Bhavbhuti Marg, Ratan Lal Market, Kamla Market, Ajmeri Gate, New Delhi, Delhi, 110006, India (28.642892, 77.219089)",Google Maps (user review),Reviewer states that thefts are common at the station.,New Delhi,New Delhi Railway Station,Scam and Tourist Trap,THEFT,28.6428915,77.2190894,"Bhavbhuti Marg, Ratan Lal Market, Kamla Market, Ajmeri Gate, New Delhi, Delhi, 110006, India","New Delhi, Delhi",If I say this is the worst railway station in India that would still be a compliment. Thefts are common. Mismanagement is on top. Wrong signboards everywhere confusing the travellers. It's like a maze with no exit. U,1,-0.9,2,0.95,USER_REPORTED,REVIEW,INC-40ddf8db852413be,ChIJBXs6ETz9DDkRFllm4f46kfg,https://www.google.com/maps/search/?api=1&query=New%20Delhi&query_place_id=ChIJBXs6ETz9DDkRFllm4f46kfg,Ci9DQUlRQUNvZENodHljRjlvT2pobWVIWkthRE5xZEY5aVZYRjZORkZoYUZKRmIyYxAB,ANAKIN_AI,465877309cba8b831928ccba47924c90a2230ee33bf65df0c856fa5557c3e768,2026-09-26T09:26:11.044Z,3,1,0,1,0,0,0,1,0,Scam,1,20,20,incident
Auto drivers overcharging and bribing,Scam,https://www.google.com/maps/reviews/data=!4m8!14m7!1m6!2m5!1sChdDSUhNMG9nS0VJQ0FnSURuOUk2Vm1BRRAB!2m1!1s0x0:0xf8913afee1665916!3m1!1s2@1:CIHM0ogKEICAgIDn9I6VmAE%7C%7C?hl=en,2024-10-05T02:12:45Z,"Bhavbhuti Marg, Ratan Lal Market, Kamla Market, Ajmeri Gate, New Delhi, Delhi, 110006, India (28.642892, 77.219089)",Google Maps (user review),Reviewer warns that auto drivers intentionally overcharge and loot money.,New Delhi,New Delhi Railway Station,Scam and Tourist Trap,TOURIST_SCAM,28.6428915,77.2190894,"Bhavbhuti Marg, Ratan Lal Market, Kamla Market, Ajmeri Gate, New Delhi, Delhi, 110006, India","New Delhi, Delhi","One of the worst experience ever at the station, bribing is on top..this is delhi roads were muddy 🙄🙄 out side the station so dont walk. No washroom on plateform. Dirty delhi white smog type everywhere, not clear vew, even after rain smog don't cear populated and polluted capital of India, garbage is mandatory and everywhere. Auto drivers 😑 intentionally loot money in terms of rent so be careful, and people's wre angry, annoying, bad attitude, only money is priority, rest of things are abusive for them, be carefull while visiting delhi, and a lot more bad experiences.....My city is much more clear and clean than delhi..",1,-0.9,2,0.9,WARNING,REVIEW,INC-5ebf714329a79102,ChIJBXs6ETz9DDkRFllm4f46kfg,https://www.google.com/maps/search/?api=1&query=New%20Delhi&query_place_id=ChIJBXs6ETz9DDkRFllm4f46kfg,ChdDSUhNMG9nS0VJQ0FnSURuOUk2Vm1BRRAB,ANAKIN_AI,65b6f44f29731cc5c5afb45ecd24c8c1464ac4b1312b7ca5d5828aeae3417570,2026-09-26T09:26:11.044Z,3,1,0,1,0,0,0,1,0,Scam,1,20,20,incident
Aggressive begging and touts outside station,Unsafe area,https://www.google.com/maps/reviews/data=!4m8!14m7!1m6!2m5!1sCi9DQUlRQUNvZENodHljRjlvT2pKcU1FZE5Zak14WVZWeU0yVjJPRmR5YjBaT01WRRAB!2m1!1s0x0:0xf8913afee1665916!3m1!1s2@1:CAIQACodChtycF9oOjJqMEdNYjMxYVVyM2V2OFdyb0ZOMVE%7C%7C?hl=en,2026-07-26T02:25:03Z,"Bhavbhuti Marg, Ratan Lal Market, Kamla Market, Ajmeri Gate, New Delhi, Delhi, 110006, India (28.642892, 77.219089)",Google Maps (user review),Reviewer experienced aggressive begging and touts immediately upon exiting the station.,New Delhi,New Delhi Railway Station,Scam and Tourist Trap,OTHER,28.6428915,77.2190894,"Bhavbhuti Marg, Ratan Lal Market, Kamla Market, Ajmeri Gate, New Delhi, Delhi, 110006, India","New Delhi, Delhi","Mismanagement, Lack of Navigation, Security Issues, and Poor Passenger Facilities at New Delhi Railway Station

Respected Sir/Madam,
My recent first-time visit was an extremely distressing experience due to systemic negligence across multiple operational departments.

Below are the details of the issues faced during my visit:

### 1. Direction & Signage Department: Lack of Entry/Exit and Platform Navigation

* **Comments:** There is an absolute lack of clear, legible navigation signage for passengers entering, exiting, or trying to locate specific platforms. Navigating through the station premises feels confusing and disorganized, causing immense unnecessary stress to commuters, especially first-time visitors carrying heavy luggage.

### 2. Station Security & Law Enforcement: Uncontrolled Aggressive Begging and Touts

* **Comments:** Immediately upon exiting the station, passengers are continuously swarmed and harassed by aggressive beggars, hawkers, and touts who refuse to leave visitors alone. There appears to be zero security intervention or patrolling by the Railway Protection Force (RPF) or local police to maintain basic decorum and public order outside the station premises.

### 3. Traffic Management & Parking Division: Complete Chaos in Pickup, Drop-off, and Parking Areas

* **Comments:** The vehicular management outside the station is completely dysfunctional. Vehicles are roaming aimlessly without any designated flow for pickup and drop-off. Parking rules are non-existent, and there is a total absence of traffic police officers directing traffic. The entire station compound remains choked in a chaotic bottleneck.

### 4. Public Health & Sanitation Department: Open Smoking and Littering on Station Grounds

* **Comments:** Public health and sanitation guidelines are being completely ignored. People are freely smoking cigarettes and eating on public roads and beside shop stalls, throwing garbage everywhere. The lack of strict monitoring or penalties for public nuisance has turned the surroundings into an unsanitary mess.

### 5. Commercial & Transport Authority: Unregulated Private Taxis, Touts, and Lack of Uniforms

* **Comments:** Auto and taxi operations outside the station are entirely unorganized. Unregistered drivers without uniforms continually harass arriving passengers (""where to go, where to go, come with me""). There is no visible enforcement of prepaid taxi booths or official transport management systems, leaving passengers exposed to overcharging and potential safety risks.

### 6. Passenger Assistance & Railway Police: Lack of Support and Arbitrary Pedestrian Blockades

* **Comments:** There are virtually no help desks, station staff, or police officers available to guide passengers to their designated platforms. To make matters worse, while attempting to reach Platform No. 5 via the foot overbridge near the Metro connection, an officer arbitrarily blocked our path, forcing us to backtrack, go down through the reservation section, and navigate a lengthy workaround. Such uncoordinated pedestrian diversions show a total lack of concern for passenger convenience.

7. Digital Grievance & Feedback Infrastructure: Lack of On-Site QR Codes and Instant LINKS.

​Comments: In modern public transport hubs, immediate complaint mechanisms are standard. However, across the New Delhi Railway Station premises and inside coach compartments, there is a distinct absence of visible, scannable QR codes, instant WhatsApp helplines, or prominent links for passengers to raise immediate complaints or access digital feedback/surveys. Relying on passive posters or expecting passengers to search for portals independently while navigating chaos makes it nearly impossible to lodge real-time grievances.",1,-0.8,2,0.85,USER_REPORTED,REVIEW,INC-012e70287fb1f8ef,ChIJBXs6ETz9DDkRFllm4f46kfg,https://www.google.com/maps/search/?api=1&query=New%20Delhi&query_place_id=ChIJBXs6ETz9DDkRFllm4f46kfg,Ci9DQUlRQUNvZENodHljRjlvT2pKcU1FZE5Zak14WVZWeU0yVjJPRmR5YjBaT01WRRAB,ANAKIN_AI,599c39b1beacdbfb878fda57daeaa09d3a6c4fba9f304d59cc8be8d387ec701b,2026-09-26T09:26:11.044Z,3,1,0,1,0,0,0,1,0,Scam,1,20,20,incident
Phone Theft and Accusation Against Staff,Crime,https://www.google.com/maps/reviews/data=!4m8!14m7!1m6!2m5!1sChZDSUhNMG9nS0VJQ0FnSUNPcy1UME5BEAE!2m1!1s0x0:0x377fcd44a7b47880!3m1!1s2@1:CIHM0ogKEICAgICOs-T0NA%7C%7C?hl=en,2022-06-19T07:17:02Z,"Bharat Nagar, Paharganj, New Delhi, Delhi 110001, India (28.639240, 77.208560)",Google Maps (user review),Reviewer claims their iPhone was stolen at the metro station and accuses the security staff of involvement and deleting CCTV footage.,Ramakrishna Ashram Marg,Paharganj,Scam and Tourist Trap,THEFT,28.63924,77.20856,"Bharat Nagar, Paharganj, New Delhi, Delhi 110001, India",New Delhi,Worst station i have came across RK Ashram Marg. Staff is pathetic and theif over their. Don't trust the security as they are theif and fool general public. I lost my iPhone their at metro station and they delete CCTV footage as they theft my phone. Be aware and take care of ur belongings as staff is very pathetic.,1,-0.9,4,0.95,USER_REPORTED,REVIEW,INC-e8b9bf396814e9d9,ChIJ31v1hkT9DDkRgHi0p0TNfzc,https://www.google.com/maps/search/?api=1&query=Ramakrishna%20Ashram%20Marg&query_place_id=ChIJ31v1hkT9DDkRgHi0p0TNfzc,ChZDSUhNMG9nS0VJQ0FnSUNPcy1UME5BEAE,ANAKIN_AI,8fe78af5f4788ae36fea37f1a70ac6b7a770d493fdba0f7a56e3a1d1b16dc776,2026-09-26T09:16:57.940Z,6,1,0,1,0,0,0,4,0,Unsafe area,4,42,40,incident
Ticket Counter Overcharging and Misleading Sale,Scam,https://www.google.com/maps/reviews/data=!4m8!14m7!1m6!2m5!1sCi9DQUlRQUNvZENodHljRjlvT2tRNFoya3RYMXBCVldZM1pFNXhhRlZYV2taR00zYxAB!2m1!1s0x0:0x377fcd44a7b47880!3m1!1s2@1:CAIQACodChtycF9oOkQ4Z2ktX1pBVWY3ZE5xaFVXWkZGM3c%7C%7C?hl=en,2025-12-29T19:53:46Z,"Bharat Nagar, Paharganj, New Delhi, Delhi 110001, India (28.639240, 77.208560)",Google Maps (user review),"Reviewer states that ticket counter staff forced them to buy a Tourist Smart Card, charged them twice, and gave false refund promises.",Ramakrishna Ashram Marg,Paharganj,Scam and Tourist Trap,TOURIST_SCAM,28.63924,77.20856,"Bharat Nagar, Paharganj, New Delhi, Delhi 110001, India",New Delhi,"I had a very bad experience at Ramakrishna Ashram Marg Metro Station ticket counter. The staff forced me to take a Tourist Smart Card and charged me twice. I was clearly told that the extra amount would be refunded at any exit station, which is not true.
Later I found out that Delhi Metro has no such easy refund process at exit stations. Getting a refund is very difficult and time-consuming. This feels like a misleading practice / scam, especially targeting tourists and first-time users.
DMRC should take strict action against such staff and clearly inform passengers about correct rules. Please be careful before buying Tourist Cards here.",1,-0.8,3,0.95,USER_REPORTED,REVIEW,INC-c15a90578994909f,ChIJ31v1hkT9DDkRgHi0p0TNfzc,https://www.google.com/maps/search/?api=1&query=Ramakrishna%20Ashram%20Marg&query_place_id=ChIJ31v1hkT9DDkRgHi0p0TNfzc,Ci9DQUlRQUNvZENodHljRjlvT2tRNFoya3RYMXBCVldZM1pFNXhhRlZYV2taR00zYxAB,ANAKIN_AI,a00b8888327966405f4654a70d1b143912b5efb9de32c0a7dcc3e8ffb021889b,2026-09-26T09:16:57.940Z,6,1,0,1,0,0,0,4,0,Unsafe area,4,42,40,incident
Reckless Rickshaws Endangering Pedestrians,Unsafe area,https://www.google.com/maps/reviews/data=!4m8!14m7!1m6!2m5!1sCi9DQUlRQUNvZENodHljRjlvT2sxZlJtazJhek5RVGtobVJraDZWbnB6TlZVeUxYYxAB!2m1!1s0x0:0x377fcd44a7b47880!3m1!1s2@1:CAIQACodChtycF9oOk1fRmk2azNQTkhmRkh6VnpzNVUyLXc%7C%7C?hl=en,2026-02-05T13:56:14Z,"Bharat Nagar, Paharganj, New Delhi, Delhi 110001, India (28.639240, 77.208560)",Google Maps (user review),Reviewer reports that reckless rickshaw driving outside the metro station endangers pedestrians during late evening.,Ramakrishna Ashram Marg,Paharganj,Scam and Tourist Trap,STREET_SAFETY,28.63924,77.20856,"Bharat Nagar, Paharganj, New Delhi, Delhi 110001, India",New Delhi,"Overcrowding of rickshaws right outside the exit. They keep shouting, pissing around and recklessly picking drives. It’s endangering the physical safety of bypassing passengers. I’ve seen them dangerously hitting against each other and people walking towards metro station (late evening).",1,-0.8,2,0.9,USER_REPORTED,REVIEW,INC-509209c59f3b296e,ChIJ31v1hkT9DDkRgHi0p0TNfzc,https://www.google.com/maps/search/?api=1&query=Ramakrishna%20Ashram%20Marg&query_place_id=ChIJ31v1hkT9DDkRgHi0p0TNfzc,Ci9DQUlRQUNvZENodHljRjlvT2sxZlJtazJhek5RVGtobVJraDZWbnB6TlZVeUxYYxAB,ANAKIN_AI,08a338f7e6baaa2527c3a45297164842302a67e752aa59ee45c3bafa53e7f055,2026-09-26T09:16:57.940Z,6,1,0,1,0,0,0,4,0,Unsafe area,4,42,40,incident
Narrow roads filled with sketchy people,Unsafe area,https://www.google.com/maps/reviews/data=!4m8!14m7!1m6!2m5!1sChdDSUhNMG9nS0VJQ0FnSURIdlpfN2d3RRAB!2m1!1s0x0:0xd3a8773fe6fe98d7!3m1!1s2@1:CIHM0ogKEICAgIDHvZ_7gwE%7C%7C?hl=en,2024-09-19T05:41:59Z,"Multani Dhanda, Paharganj, New Delhi, Delhi 110055, India (28.648037, 77.212987)",Google Maps (user review),Reviewer felt unsafe due to narrow roads filled with sketchy people.,Paharganj Market,Paharganj,Scam and Tourist Trap,ISOLATED_AREA,28.6480367,77.2129871,"Multani Dhanda, Paharganj, New Delhi, Delhi 110055, India",New Delhi,Really bad. Nothing at the given location except for worst than toilet narrow roads filled with sketchy people.,1,-0.9,2,0.85,PERCEPTION,REVIEW,INC-a788599cf0740d75,ChIJy4f911n9DDkR15j-5j93qNM,https://www.google.com/maps/search/?api=1&query=Paharganj%20Market&query_place_id=ChIJy4f911n9DDkR15j-5j93qNM,ChdDSUhNMG9nS0VJQ0FnSURIdlpfN2d3RRAB,ANAKIN_AI,5af5d844284af513982bdbabceb5d29cd80bb60ae6c67ace02cb15096e8b88ab,2026-09-26T09:16:57.940Z,6,1,0,1,0,0,0,4,0,Unsafe area,4,42,40,incident
Sketchy night experience at market,Unsafe area,https://www.google.com/maps/reviews/data=!4m8!14m7!1m6!2m5!1sChZDSUhNMG9nS0VJQ0FnSUQ5N1pUZmN3EAE!2m1!1s0x0:0xd3a8773fe6fe98d7!3m1!1s2@1:CIHM0ogKEICAgID97ZTfcw%7C%7C?hl=en,2024-03-20T00:43:27Z,"Multani Dhanda, Paharganj, New Delhi, Delhi 110055, India (28.648037, 77.212987)",Google Maps (user review),Reviewer experienced a sketchy situation when visiting the location at night.,Paharganj Market,Paharganj,Scam and Tourist Trap,UNSAFE_AT_NIGHT,28.6480367,77.2129871,"Multani Dhanda, Paharganj, New Delhi, Delhi 110055, India",New Delhi,"I follow the google's location at night, and it was a very sketchy experience. Not sure why people say is the best one for tourist. I then went to Main Bazard road and it was a completely different experience, there is where the tourist are. I would suggest you stick to Main Bazard or visit this location during day time at least.",1,-0.7,2,0.9,PERCEPTION,REVIEW,INC-63bd9e54741040f2,ChIJy4f911n9DDkR15j-5j93qNM,https://www.google.com/maps/search/?api=1&query=Paharganj%20Market&query_place_id=ChIJy4f911n9DDkR15j-5j93qNM,ChZDSUhNMG9nS0VJQ0FnSUQ5N1pUZmN3EAE,ANAKIN_AI,cf629da091c444e4dccf7a86944b72e0e689f3e13593d435563b66c2905bb4b4,2026-09-26T09:16:57.940Z,6,1,0,1,0,0,0,4,0,Unsafe area,4,42,40,incident
Unreliable Bus Timings and Safety Warning,Unsafe area,https://www.google.com/maps/reviews/data=!4m8!14m7!1m6!2m5!1sChZDSUhNMG9nS0VJQ0FnSUQ2LUlpalhREAE!2m1!1s0x0:0x377fcd44a7b47880!3m1!1s2@1:CIHM0ogKEICAgID6-IijXQ%7C%7C?hl=en,2021-09-20T13:37:40Z,"Bharat Nagar, Paharganj, New Delhi, Delhi 110001, India (28.639240, 77.208560)",Google Maps (user review),Reviewer warns that changing bus timings makes the location unsafe.,Ramakrishna Ashram Marg,Paharganj,Scam and Tourist Trap,OTHER,28.63924,77.20856,"Bharat Nagar, Paharganj, New Delhi, Delhi 110001, India",New Delhi,"Be careful they change bus timings according to them, not safe.",1,-0.6,2,0.85,WARNING,REVIEW,INC-ba52ddd1f55f4b7d,ChIJ31v1hkT9DDkRgHi0p0TNfzc,https://www.google.com/maps/search/?api=1&query=Ramakrishna%20Ashram%20Marg&query_place_id=ChIJ31v1hkT9DDkRgHi0p0TNfzc,ChZDSUhNMG9nS0VJQ0FnSUQ2LUlpalhREAE,ANAKIN_AI,10a68519fcca49b1c84c5cec4ce20d6e7acfe12570ca2a1cfdc1ddc0d2492ef0,2026-09-26T09:16:57.940Z,6,1,0,1,0,0,0,4,0,Unsafe area,4,42,40,incident
Beware of pickpockets and inflated prices,Crime,https://www.google.com/maps/reviews/data=!4m8!14m7!1m6!2m5!1sChZDSUhNMG9nS0VJQ0FnSURKLXFuM05BEAE!2m1!1s0x0:0x36404bb04ee0070e!3m1!1s2@1:CIHM0ogKEICAgIDJ-qn3NA%7C%7C?hl=en,2023-07-15T15:51:38Z,"Gali Number 9, Multani Dhanda, Paharganj, New Delhi, Delhi 110055, India (28.648037, 77.212987)",Google Maps (user review),Reviewer warns about pickpockets and inflated prices at the market.,Palika Market,Palika Bazaar,Scam and Tourist Trap,PICKPOCKETING,28.6480367,77.2129871,"Gali Number 9, Multani Dhanda, Paharganj, New Delhi, Delhi 110055, India",New Delhi,Be aware of pickpocket and half the price what shopkeepers told and compare accordingly because they make too much fool to customers.,2,-0.6,2,0.95,WARNING,REVIEW,INC-d2ead006c03281ff,ChIJFUx9N2r9DDkRDgfgTrBLQDY,https://www.google.com/maps/search/?api=1&query=Palika%20Market&query_place_id=ChIJFUx9N2r9DDkRDgfgTrBLQDY,ChZDSUhNMG9nS0VJQ0FnSURKLXFuM05BEAE,ANAKIN_AI,188dd2acfe9439519f8b49a694f98ecbc3fadbf6ad6d479f51d07f3c7bbfd2c8,2026-09-26T09:16:57.940Z,8,3,3,1,1,0,0,0,0,Scam,6,74,50,incident
Overpriced duplicate goods,Fraud,https://www.google.com/maps/reviews/data=!4m8!14m7!1m6!2m5!1sChZDSUhNMG9nS0VJQ0FnSURleXF2MEV3EAE!2m1!1s0x0:0xa7d0f6a628256109!3m1!1s2@1:CIHM0ogKEICAgIDeyqv0Ew%7C%7C?hl=en,2022-10-07T12:43:17Z,"Palika Bazar, Palika Bazaar Road, Palika Bazar, Connaught Place, New Delhi, Delhi 110001, India (28.631137, 77.219089)",Google Maps (user review),Reviewer reports duplicate goods sold with very high price tags requiring intense bargaining.,Palika Bazar Market – Connaught Place CP,Palika Bazaar,Scam and Tourist Trap,OVERCHARGING,28.6311368,77.2190886,"Palika Bazar, Palika Bazaar Road, Palika Bazar, Connaught Place, New Delhi, Delhi 110001, India",New Delhi,All duplicate and low quality stuff with very high price tags than normal outside markets which tests ur bargaining power to the core.,1,-0.8,2,0.85,USER_ALLEGATION,REVIEW,INC-4699aa0590d58f87,ChIJgS4Ww_b9DDkRCWElKKb20Kc,https://www.google.com/maps/search/?api=1&query=Palika%20Bazar%20Market%20%E2%80%93%20Connaught%20Place%20CP&query_place_id=ChIJgS4Ww_b9DDkRCWElKKb20Kc,ChZDSUhNMG9nS0VJQ0FnSURleXF2MEV3EAE,ANAKIN_AI,b17c346acbe97e1a8d6091478a455c06808e6319851d3b78c5561282c9c2f7b8,2026-09-26T09:16:57.940Z,8,3,3,1,1,0,0,0,0,Scam,6,74,50,incident
Extreme price markup and rude behavior,Fraud,https://www.google.com/maps/reviews/data=!4m8!14m7!1m6!2m5!1sChdDSUhNMG9nS0VJQ0FnSUN5dllYMWxnRRAB!2m1!1s0x0:0xa7d0f6a628256109!3m1!1s2@1:CIHM0ogKEICAgICyvYX1lgE%7C%7C?hl=en,2021-02-10T09:37:49Z,"Palika Bazar, Palika Bazaar Road, Palika Bazar, Connaught Place, New Delhi, Delhi 110001, India (28.631137, 77.219089)",Google Maps (user review),Reviewer reports extreme price inflation where an item quoted at Rs 250 was ultimately sold for Rs 75.,Palika Bazar Market – Connaught Place CP,Palika Bazaar,Scam and Tourist Trap,OVERCHARGING,28.6311368,77.2190886,"Palika Bazar, Palika Bazaar Road, Palika Bazar, Connaught Place, New Delhi, Delhi 110001, India",New Delhi,"Behaviour of shopkeepers are very rude. Prices are very much bargaining. They told me Rs 250 for an item and finally gave me Rs 75 only.
So beware before purchase.
I suggest don't purchase anything",1,-0.8,2,0.9,USER_REPORTED,REVIEW,INC-cb5effefab83959c,ChIJgS4Ww_b9DDkRCWElKKb20Kc,https://www.google.com/maps/search/?api=1&query=Palika%20Bazar%20Market%20%E2%80%93%20Connaught%20Place%20CP&query_place_id=ChIJgS4Ww_b9DDkRCWElKKb20Kc,ChdDSUhNMG9nS0VJQ0FnSUN5dllYMWxnRRAB,ANAKIN_AI,528c05fa515ed28c3e8e18c382cf194c01a6dfc5ebe3cdb57b95e4e2cd4efc19,2026-09-26T09:16:57.940Z,8,3,3,1,1,0,0,0,0,Scam,6,74,50,incident
Unfair pricing and arrogant shopkeepers,Fraud,https://www.google.com/maps/reviews/data=!4m8!14m7!1m6!2m5!1sChZDSUhNMG9nS0VJQ0FnSUQwallXN2VREAE!2m1!1s0x0:0xa7d0f6a628256109!3m1!1s2@1:CIHM0ogKEICAgID0jYW7eQ%7C%7C?hl=en,2019-11-15T07:04:07Z,"Palika Bazar, Palika Bazaar Road, Palika Bazar, Connaught Place, New Delhi, Delhi 110001, India (28.631137, 77.219089)",Google Maps (user review),Reviewer alleges that shopkeepers loot the public through aggressive bargaining and lack of fixed prices.,Palika Bazar Market – Connaught Place CP,Palika Bazaar,Scam and Tourist Trap,OVERCHARGING,28.6311368,77.2190886,"Palika Bazar, Palika Bazaar Road, Palika Bazar, Connaught Place, New Delhi, Delhi 110001, India",New Delhi,Shopkeepers are very arrogant. Bad behaviour of all shopkeepers. Price is too cheap but you have to bargain very hard. No fixed price. They loots the public.,1,-0.9,2,0.85,USER_ALLEGATION,REVIEW,INC-729b64fcd9000ce5,ChIJgS4Ww_b9DDkRCWElKKb20Kc,https://www.google.com/maps/search/?api=1&query=Palika%20Bazar%20Market%20%E2%80%93%20Connaught%20Place%20CP&query_place_id=ChIJgS4Ww_b9DDkRCWElKKb20Kc,ChZDSUhNMG9nS0VJQ0FnSUQwallXN2VREAE,ANAKIN_AI,f79cc21321b742ee713de52bab993aa48cb9819a47f3ce89b03b86945ce98b9f,2026-09-26T09:16:57.940Z,8,3,3,1,1,0,0,0,0,Scam,6,74,50,incident
Aggressive behavior and arguments by shopkeepers,Harassment,https://www.google.com/maps/reviews/data=!4m8!14m7!1m6!2m5!1sChZDSUhNMG9nS0VJQ0FnSURZaS1mMld3EAE!2m1!1s0x0:0xa7d0f6a628256109!3m1!1s2@1:CIHM0ogKEICAgIDYi-f2Ww%7C%7C?hl=en,2019-05-22T18:55:18Z,"Palika Bazar, Palika Bazaar Road, Palika Bazar, Connaught Place, New Delhi, Delhi 110001, India (28.631137, 77.219089)",Google Maps (user review),Reviewer reports that shopkeepers passed comments and started aggressive arguments when their friend decided not to buy.,Palika Bazar Market – Connaught Place CP,Palika Bazaar,Scam and Tourist Trap,HARASSMENT,28.6311368,77.2190886,"Palika Bazar, Palika Bazaar Road, Palika Bazar, Connaught Place, New Delhi, Delhi 110001, India",New Delhi,"DON'T visit this market, shop keepers really don't know manners. If you buy any thing specially jeans or t-shirts they are very low grade stuff. Few cloths are dry cleaned old stuff.
Beware of fake things. Instead of this place visit janpat markets still better place. I recently visited palika bazar when one of my friend was checking t-shirt and he thought the price is to much he came out of the shop, Shop keeper started to pass comments and literally arguments to take the T-SHIRTS. Hell shopping",1,-0.9,2,0.9,USER_REPORTED,REVIEW,INC-c706820c2f5e7f56,ChIJgS4Ww_b9DDkRCWElKKb20Kc,https://www.google.com/maps/search/?api=1&query=Palika%20Bazar%20Market%20%E2%80%93%20Connaught%20Place%20CP&query_place_id=ChIJgS4Ww_b9DDkRCWElKKb20Kc,ChZDSUhNMG9nS0VJQ0FnSURZaS1mMld3EAE,ANAKIN_AI,f430ad58f0c0b5ad947f7c81915b9acb1c94dbd0522a9cf1aca7f634d3786cc9,2026-09-26T09:16:57.940Z,8,3,3,1,1,0,0,0,0,Scam,6,74,50,incident
Deceptive sizing and sales practices,Scam,https://www.google.com/maps/reviews/data=!4m8!14m7!1m6!2m5!1sCi9DQUlRQUNvZENodHljRjlvT25kVU4yZG1jQzEwTWpNNVMxOU1TbFJaTVhwRlZIYxAB!2m1!1s0x0:0xa7d0f6a628256109!3m1!1s2@1:CAIQACodChtycF9oOndUN2dmcC10MjM5S19MSlRZMXpFVHc%7C%7C?hl=en,2025-08-05T02:02:42Z,"Palika Bazar, Palika Bazaar Road, Palika Bazar, Connaught Place, New Delhi, Delhi 110001, India (28.631137, 77.219089)",Google Maps (user review),Reviewer reports that shopkeepers refuse trials and sell smaller sizes.,Palika Bazar Market – Connaught Place CP,Palika Bazaar,Scam and Tourist Trap,SCAM,28.6311368,77.2190886,"Palika Bazar, Palika Bazaar Road, Palika Bazar, Connaught Place, New Delhi, Delhi 110001, India",New Delhi,"They don't give the option of trial bcz they will sell u , lower size ! Scam Scam Scam",1,-0.9,3,0.9,USER_REPORTED,REVIEW,INC-fee53e55e627940e,ChIJgS4Ww_b9DDkRCWElKKb20Kc,https://www.google.com/maps/search/?api=1&query=Palika%20Bazar%20Market%20%E2%80%93%20Connaught%20Place%20CP&query_place_id=ChIJgS4Ww_b9DDkRCWElKKb20Kc,Ci9DQUlRQUNvZENodHljRjlvT25kVU4yZG1jQzEwTWpNNVMxOU1TbFJaTVhwRlZIYxAB,ANAKIN_AI,a01fbe2207bc891555528e0254b66d3196dd674d9614d2b9f6a3a066c33b0b8e,2026-09-26T09:16:57.940Z,8,3,3,1,1,0,0,0,0,Scam,6,74,50,incident
Warning about tourist overcharging and poor hygiene,Scam,https://www.google.com/maps/reviews/data=!4m8!14m7!1m6!2m5!1sChZDSUhNMG9nS0VJQ0FnSURodHNpWVVBEAE!2m1!1s0x0:0xa7d0f6a628256109!3m1!1s2@1:CIHM0ogKEICAgIDhtsiYUA%7C%7C?hl=en,2023-03-08T09:18:15Z,"Palika Bazar, Palika Bazaar Road, Palika Bazar, Connaught Place, New Delhi, Delhi 110001, India (28.631137, 77.219089)",Google Maps (user review),Reviewer warns tourists and non-Hindi speakers that they may be cheated by high prices and poor quality goods.,Palika Bazar Market – Connaught Place CP,Palika Bazaar,Scam and Tourist Trap,TOURIST_SCAM,28.6311368,77.2190886,"Palika Bazar, Palika Bazaar Road, Palika Bazar, Connaught Place, New Delhi, Delhi 110001, India",New Delhi,"YOU MAY BE CHEATED if you're a tourist or someone who doesn't speak Hindi. Good place for locals, who wish to buy substandard but trendy outfits and wearables.

Quality of goods here are very poor but the prices are very high. BARGAINING SKILL IS MUST TO AVOID GETTING CHEATED.

Sanitation and hygiene is zero. No drinking water. No clean toilets.

Heavy crowd, especially on weekends. Give it a miss, if it's not must for you to visit here.",1,-0.8,2,0.95,WARNING,REVIEW,INC-84566d5add532624,ChIJgS4Ww_b9DDkRCWElKKb20Kc,https://www.google.com/maps/search/?api=1&query=Palika%20Bazar%20Market%20%E2%80%93%20Connaught%20Place%20CP&query_place_id=ChIJgS4Ww_b9DDkRCWElKKb20Kc,ChZDSUhNMG9nS0VJQ0FnSURodHNpWVVBEAE,ANAKIN_AI,a0d159e64c173389d56f870810ff6acef9aca7969137ef0eb89b15856e53703f,2026-09-26T09:16:57.940Z,8,3,3,1,1,0,0,0,0,Scam,6,74,50,incident
Warning about market full of scammers,Scam,https://www.google.com/maps/reviews/data=!4m8!14m7!1m6!2m5!1sChZDSUhNMG9nS0VJQ0FnSUNNejV6RmZ3EAE!2m1!1s0x0:0xa7d0f6a628256109!3m1!1s2@1:CIHM0ogKEICAgICMz5zFfw%7C%7C?hl=en,2019-12-10T09:07:48Z,"Palika Bazar, Palika Bazaar Road, Palika Bazar, Connaught Place, New Delhi, Delhi 110001, India (28.631137, 77.219089)",Google Maps (user review),Reviewer warns that the market is full of scammers selling overpriced and poor quality products.,Palika Bazar Market – Connaught Place CP,Palika Bazaar,Scam and Tourist Trap,SCAM,28.6311368,77.2190886,"Palika Bazar, Palika Bazaar Road, Palika Bazar, Connaught Place, New Delhi, Delhi 110001, India",New Delhi,"Tatti market
Overpriced and poor quality.products
Full of scammers
If u wanna buy clothes better visit some local store because ull regret shopping from palika afterwards",1,-0.95,2,0.9,USER_ALLEGATION,REVIEW,INC-793509cea902e101,ChIJgS4Ww_b9DDkRCWElKKb20Kc,https://www.google.com/maps/search/?api=1&query=Palika%20Bazar%20Market%20%E2%80%93%20Connaught%20Place%20CP&query_place_id=ChIJgS4Ww_b9DDkRCWElKKb20Kc,ChZDSUhNMG9nS0VJQ0FnSUNNejV6RmZ3EAE,ANAKIN_AI,0dc0bdd1d803f2ec5fdc7c5779335a3f8d412548f89b62c22d5f59677e248b5f,2026-09-26T09:16:57.940Z,8,3,3,1,1,0,0,0,0,Scam,6,74,50,incident
Wallet stolen by pickpocket,Crime,https://www.google.com/maps/reviews/data=!4m8!14m7!1m6!2m5!1sChdDSUhNMG9nS0VJQ0FnSUM2d0tldWtBRRAB!2m1!1s0x0:0xb405e62dc56f1296!3m1!1s2@1:CIHM0ogKEICAgIC6wKeukAE%7C%7C?hl=en,2021-08-27T14:11:38Z,"6012/4, Bajaj Market Gali Matke wali, Sadar Bazar, Delhi, 110006, India (28.657969, 77.215332)",Google Maps (user review),Reviewer reported that their wallet was stolen from their pocket at the location.,Sadar Bazar Mart,Sadar Bazar,Street-Crime and High-Risk,PICKPOCKETING,28.6579687,77.2153316,"6012/4, Bajaj Market Gali Matke wali, Sadar Bazar, Delhi, 110006, India",Delhi,Its very bad because the pocket thief are cut my violet,1,-0.9,3,0.95,USER_REPORTED,REVIEW,INC-a1a50ae1c08fc2e0,ChIJ18zcLTP9DDkRlhJvxS3mBbQ,https://www.google.com/maps/search/?api=1&query=Sadar%20Bazar%20Mart&query_place_id=ChIJ18zcLTP9DDkRlhJvxS3mBbQ,ChdDSUhNMG9nS0VJQ0FnSUM2d0tldWtBRRAB,ANAKIN_AI,ac4d5dc3aafda0451cea29dfbe654656d1157994b5c689b6a63f2e6507b3ea12,2026-09-26T09:16:57.940Z,2,0,0,2,0,0,0,0,0,Crime,4,60,46,incident
Warning about thefts and lost items,Crime,https://www.google.com/maps/reviews/data=!4m8!14m7!1m6!2m5!1sChZDSUhNMG9nS0VJQ0FnSUNLcnQtNFRnEAE!2m1!1s0x0:0xb405e62dc56f1296!3m1!1s2@1:CIHM0ogKEICAgICKrt-4Tg%7C%7C?hl=en,2021-04-06T07:23:22Z,"6012/4, Bajaj Market Gali Matke wali, Sadar Bazar, Delhi, 110006, India (28.657969, 77.215332)",Google Maps (user review),Reviewer warned that people frequently lose their phones and money at this place.,Sadar Bazar Mart,Sadar Bazar,Street-Crime and High-Risk,THEFT,28.6579687,77.2153316,"6012/4, Bajaj Market Gali Matke wali, Sadar Bazar, Delhi, 110006, India",Delhi,"This place is thief place all people are losted a mobile,money etc",1,-0.9,3,0.9,WARNING,REVIEW,INC-91d3df2805c9dc29,ChIJ18zcLTP9DDkRlhJvxS3mBbQ,https://www.google.com/maps/search/?api=1&query=Sadar%20Bazar%20Mart&query_place_id=ChIJ18zcLTP9DDkRlhJvxS3mBbQ,ChZDSUhNMG9nS0VJQ0FnSUNLcnQtNFRnEAE,ANAKIN_AI,a079f022cc33bc3ee30dc8a85d5f36b3f1f309d8a42daa6d427351edcdb3f32f,2026-09-26T09:16:57.940Z,2,0,0,2,0,0,0,0,0,Crime,4,60,46,incident
Flooding and Bad Roads During Monsoon,Natural disaster,https://www.google.com/maps/reviews/data=!4m8!14m7!1m6!2m5!1sChZDSUhNMG9nS0VJQ0FnSUQwaU9pSUJBEAE!2m1!1s0x0:0x22f700bd5bf8158c!3m1!1s2@1:CIHM0ogKEICAgID0iOiIBA%7C%7C?hl=en,2024-08-29T06:10:19Z,"L- 1 ,863/14, Asthal Mandir Rd, Block L 1, Devli, Sangam Vihar, New Delhi, Delhi 110080, India (28.496435, 77.228669)",Google Maps (user review),Reviewer reported pathetic roads and water flooding during the monsoon.,Budh Bazar Market,Sangam Vihar,Street-Crime and High-Risk,FLOOD_PRONE,28.4964348,77.2286688,"L- 1 ,863/14, Asthal Mandir Rd, Block L 1, Devli, Sangam Vihar, New Delhi, Delhi 110080, India",New Delhi,Pathetic roads and water flood in monsoon really if someone won't come inside the colony from outer or ring road visitor will feel pathetic experience vehicle issues will face to reach at this location,1,-0.8,2,0.95,USER_REPORTED,REVIEW,INC-cb9ce0dd0ae7fd65,ChIJXduqJrDhDDkRjBX4W70A9yI,https://www.google.com/maps/search/?api=1&query=Budh%20Bazar%20Market&query_place_id=ChIJXduqJrDhDDkRjBX4W70A9yI,ChZDSUhNMG9nS0VJQ0FnSUQwaU9pSUJBEAE,ANAKIN_AI,585d8ffeb6644ca6b17947e04e9a9fe287a190e56ab29f4ff2a1f0874f4698c8,2026-09-26T09:16:57.940Z,1,0,0,0,0,0,1,0,0,Natural disaster,4,40,24,incident
Shoes stolen by thieves in market,Crime,https://www.google.com/maps/reviews/data=!4m8!14m7!1m6!2m5!1sChdDSUhNMG9nS0VJQ0FnSUR6eXQ2X25RRRAB!2m1!1s0x0:0x7c3a1da840fba8ea!3m1!1s2@1:CIHM0ogKEICAgIDzyt6_nQE%7C%7C?hl=en,2024-06-09T05:39:05Z,"M7G8+G95, New Seelampur Phase II, New Seelampur, Shahdara, Delhi, 110053, India (28.676260, 77.265997)",Google Maps (user review),Reviewer reported that shoes worth 15k were stolen after being followed by a thief in the market.,New Seelampur Cloth Market,Seelampur,Street-Crime and High-Risk,THEFT,28.6762604,77.2659971,"M7G8+G95, New Seelampur Phase II, New Seelampur, Shahdara, Delhi, 110053, India",Delhi,Plz do not go there it's a market full of thieves we went there we were followed by a thief our 15k worth shoes were stolen. If you still want to go please don't wear anything expensive be it shoes watches bags or any other expensive things. We have the worst experience. All the shop owners knows about the stealing still they won't inform you after things get stolen they will tell you yes this happens etc etc be careful,1,-0.9,4,1,USER_REPORTED,REVIEW,INC-3ef6ab8947d35175,ChIJRfNjUWD8DDkR6qj7QKgdOnw,https://www.google.com/maps/search/?api=1&query=New%20Seelampur%20Cloth%20Market&query_place_id=ChIJRfNjUWD8DDkR6qj7QKgdOnw,ChdDSUhNMG9nS0VJQ0FnSUR6eXQ2X25RRRAB,ANAKIN_AI,af24ee3fd6fd86d007765da9d7146ddfb2a62c3d8faff8bec82da243fd45fdb1,2026-09-26T09:16:57.940Z,8,0,1,7,0,0,0,0,0,Crime,5,80,56,incident
Snatching is normal in market,Crime,https://www.google.com/maps/reviews/data=!4m8!14m7!1m6!2m5!1sChZDSUhNMG9nS0VJQ0FnSUNCdUttVWZREAE!2m1!1s0x0:0x7c3a1da840fba8ea!3m1!1s2@1:CIHM0ogKEICAgICBuKmUfQ%7C%7C?hl=en,2022-12-16T19:28:12Z,"M7G8+G95, New Seelampur Phase II, New Seelampur, Shahdara, Delhi, 110053, India (28.676260, 77.265997)",Google Maps (user review),Reviewer stated that snatching is normal in the selampur market.,New Seelampur Cloth Market,Seelampur,Street-Crime and High-Risk,PICKPOCKETING,28.6762604,77.2659971,"M7G8+G95, New Seelampur Phase II, New Seelampur, Shahdara, Delhi, 110053, India",Delhi,Snatching is normal in selampur market. And it isn't clean market,1,-0.7,3,1,PERCEPTION,REVIEW,INC-77429d07453e04cc,ChIJRfNjUWD8DDkR6qj7QKgdOnw,https://www.google.com/maps/search/?api=1&query=New%20Seelampur%20Cloth%20Market&query_place_id=ChIJRfNjUWD8DDkR6qj7QKgdOnw,ChZDSUhNMG9nS0VJQ0FnSUNCdUttVWZREAE,ANAKIN_AI,172f7cfd52a2b6f09d15d262479d6cb2122447502e6430f84c0ccff4384e0005,2026-09-26T09:16:57.940Z,8,0,1,7,0,0,0,0,0,Crime,5,80,56,incident
Warning regarding thieves and snatchers,Crime,https://www.google.com/maps/reviews/data=!4m8!14m7!1m6!2m5!1sChZDSUhNMG9nS0VJQ0FnSUNCbUxHb0dREAE!2m1!1s0x0:0x3a18dbcca1aa151e!3m1!1s2@1:CIHM0ogKEICAgICBmLGoGQ%7C%7C?hl=en,2022-12-16T11:47:52Z,"G155, New Seelampur Phase II, New Seelampur, Shahdara, Delhi, 110053, India (28.674459, 77.268259)",Google Maps (user review),Reviewer states that the area has many snatchers and thieves and advises not to visit without an adult.,Seelampur Thursday Market,Seelampur,Street-Crime and High-Risk,PHONE_SNATCHING,28.6744587,77.2682587,"G155, New Seelampur Phase II, New Seelampur, Shahdara, Delhi, 110053, India",Delhi,Shopkeepers are very bad they'll never replace your defective product. Seelampur is very bad area there are lots of snatchers and thieves. Don't come here without any adult.,1,-0.9,3,0.95,WARNING,REVIEW,INC-d57015e4c7c960a5,ChIJfb62sv39DDkRHhWqoczbGDo,https://www.google.com/maps/search/?api=1&query=Seelampur%20Thursday%20Market&query_place_id=ChIJfb62sv39DDkRHhWqoczbGDo,ChZDSUhNMG9nS0VJQ0FnSUNCbUxHb0dREAE,ANAKIN_AI,c69717d93e7b90a7351553b22b9396ae16d7632d0adefeb56cb4ce8c371ebed5,2026-09-26T09:16:57.940Z,8,0,1,7,0,0,0,0,0,Crime,5,80,56,incident
Thieves operating in the market,Crime,https://www.google.com/maps/reviews/data=!4m8!14m7!1m6!2m5!1sChdDSUhNMG9nS0VJQ0FnSUR1MXRtN2tnRRAB!2m1!1s0x0:0x3a18dbcca1aa151e!3m1!1s2@1:CIHM0ogKEICAgIDu1tm7kgE%7C%7C?hl=en,2022-08-20T08:30:27Z,"G155, New Seelampur Phase II, New Seelampur, Shahdara, Delhi, 110053, India (28.674459, 77.268259)",Google Maps (user review),Reviewer reports the presence of numerous thieves in the market.,Seelampur Thursday Market,Seelampur,Street-Crime and High-Risk,THEFT,28.6744587,77.2682587,"G155, New Seelampur Phase II, New Seelampur, Shahdara, Delhi, 110053, India",Delhi,"Totally momdans market,there are so many thiefs in burkas",1,-0.8,3,0.9,USER_REPORTED,REVIEW,INC-b7e2a5fd795567b6,ChIJfb62sv39DDkRHhWqoczbGDo,https://www.google.com/maps/search/?api=1&query=Seelampur%20Thursday%20Market&query_place_id=ChIJfb62sv39DDkRHhWqoczbGDo,ChdDSUhNMG9nS0VJQ0FnSUR1MXRtN2tnRRAB,ANAKIN_AI,91a69f2918fe285d5c718991375f8b9c0c82c0c9f0119762c83fe53c61d6f35e,2026-09-26T09:16:57.940Z,8,0,1,7,0,0,0,0,0,Crime,5,80,56,incident
Pickpockets and snatchers in crowded area,Crime,https://www.google.com/maps/reviews/data=!4m8!14m7!1m6!2m5!1sChZDSUhNMG9nS0VJQ0FnSUQyaUwzR0hREAE!2m1!1s0x0:0x3a18dbcca1aa151e!3m1!1s2@1:CIHM0ogKEICAgID2iL3GHQ%7C%7C?hl=en,2022-05-04T18:37:12Z,"G155, New Seelampur Phase II, New Seelampur, Shahdara, Delhi, 110053, India (28.674459, 77.268259)",Google Maps (user review),Reviewer reports that the area is very crowded and pickpockets and snatchers are found there.,Seelampur Thursday Market,Seelampur,Street-Crime and High-Risk,PICKPOCKETING,28.6744587,77.2682587,"G155, New Seelampur Phase II, New Seelampur, Shahdara, Delhi, 110053, India",Delhi,"Very crowded area no space for walking & snatch hers, pickpocket are found here...",1,-0.8,2,0.9,USER_REPORTED,REVIEW,INC-7292af093e6b30a6,ChIJfb62sv39DDkRHhWqoczbGDo,https://www.google.com/maps/search/?api=1&query=Seelampur%20Thursday%20Market&query_place_id=ChIJfb62sv39DDkRHhWqoczbGDo,ChZDSUhNMG9nS0VJQ0FnSUQyaUwzR0hREAE,ANAKIN_AI,175fb45183fa167b93f9b1deb6653cb70a0a8f4fd30690be1c7c42a88d315e45,2026-09-26T09:16:57.940Z,8,0,1,7,0,0,0,0,0,Crime,5,80,56,incident
Beware of pickpockets,Crime,https://www.google.com/maps/reviews/data=!4m8!14m7!1m6!2m5!1sChdDSUhNMG9nS0VJQ0FnSUR5bkpYbGx3RRAB!2m1!1s0x0:0x7c3a1da840fba8ea!3m1!1s2@1:CIHM0ogKEICAgIDynJXllwE%7C%7C?hl=en,2021-02-27T16:33:32Z,"M7G8+G95, New Seelampur Phase II, New Seelampur, Shahdara, Delhi, 110053, India (28.676260, 77.265997)",Google Maps (user review),Reviewer warned people to beware of pickpockets at the filthy and parking-less place.,New Seelampur Cloth Market,Seelampur,Street-Crime and High-Risk,PICKPOCKETING,28.6762604,77.2659971,"M7G8+G95, New Seelampur Phase II, New Seelampur, Shahdara, Delhi, 110053, India",Delhi,Worst place. No parking. Filthy place. Beware of pick pockets.,1,-0.8,3,1,WARNING,REVIEW,INC-c243143d351b92e4,ChIJRfNjUWD8DDkR6qj7QKgdOnw,https://www.google.com/maps/search/?api=1&query=New%20Seelampur%20Cloth%20Market&query_place_id=ChIJRfNjUWD8DDkR6qj7QKgdOnw,ChdDSUhNMG9nS0VJQ0FnSUR5bkpYbGx3RRAB,ANAKIN_AI,52759d38f637dde00314e30b5880510aed071b1c44ce1fd33381b37bb82506e9,2026-09-26T09:16:57.940Z,8,0,1,7,0,0,0,0,0,Crime,5,80,56,incident
Warning Regarding Thieves,Crime,https://www.google.com/maps/reviews/data=!4m8!14m7!1m6!2m5!1sChdDSUhNMG9nS0VJQ0FnSUNRN2ZuV3NBRRAB!2m1!1s0x0:0xa27a09c1ae5de1c3!3m1!1s2@1:CIHM0ogKEICAgICQ7fnWsAE%7C%7C?hl=en,2018-02-17T19:47:16Z,"Delhi, 110053, India (28.670322, 77.266022)",Google Maps (user review),Reviewer warned others to watch out for thieves.,Seelampur,Seelampur,Street-Crime and High-Risk,THEFT,28.6703222,77.2660219,"Delhi, 110053, India",,Chor se bach jer rahe,2,-0.7,2,0.9,WARNING,REVIEW,INC-931038660857630d,ChIJq6pqoYv8DDkRw-FdrsEJeqI,https://www.google.com/maps/search/?api=1&query=Seelampur&query_place_id=ChIJq6pqoYv8DDkRw-FdrsEJeqI,ChdDSUhNMG9nS0VJQ0FnSUNRN2ZuV3NBRRAB,ANAKIN_AI,af98d708d353365fce28eebcb95c625e6dff2498abd94a3533d19033cfbf5f34,2026-09-26T09:16:57.940Z,8,0,1,7,0,0,0,0,0,Crime,5,80,56,incident
Bribe Extortion Allegation at Metro Station,Fraud,https://www.google.com/maps/reviews/data=!4m8!14m7!1m6!2m5!1sChdDSUhNMG9nS0VJQ0FnSURJNzV6TS13RRAB!2m1!1s0x0:0xa27a09c1ae5de1c3!3m1!1s2@1:CIHM0ogKEICAgIDI75zM-wE%7C%7C?hl=en,2019-01-28T04:57:03Z,"Delhi, 110053, India (28.670322, 77.266022)",Google Maps (user review),Reviewer reported being forced to pay a bribe by metro staff.,Seelampur,Seelampur,Street-Crime and High-Risk,OVERCHARGING,28.6703222,77.2660219,"Delhi, 110053, India",,"Whole metro staff are cheater .they looted me without any reason.  They take bribe 1000₹ from me
Sabhi Police wale chor hi ish metro station ke",1,-0.9,3,0.95,USER_REPORTED,REVIEW,INC-d82c1b3be78c6bd8,ChIJq6pqoYv8DDkRw-FdrsEJeqI,https://www.google.com/maps/search/?api=1&query=Seelampur&query_place_id=ChIJq6pqoYv8DDkRw-FdrsEJeqI,ChdDSUhNMG9nS0VJQ0FnSURJNzV6TS13RRAB,ANAKIN_AI,538a5ea1d1f76581d9d37fcecd635315547e295b9b74f9b6ff536eb88194f464,2026-09-26T09:16:57.940Z,8,0,1,7,0,0,0,0,0,Crime,5,80,56,incident
Pickpockets and chain snatchers reported,Crime,https://www.google.com/maps/reviews/data=!4m8!14m7!1m6!2m5!1sChZDSUhNMG9nS0VJQ0FnSURHd1k2SVN3EAE!2m1!1s0x0:0x87df3b7caf2bb088!3m1!1s2@1:CIHM0ogKEICAgIDGwY6ISw%7C%7C?hl=en,2021-11-30T08:01:27Z,"A Market, D.D, Block D 7, Sultanpuri, Delhi, 110086, India (28.701228, 77.075395)",Google Maps (user review),Reviewer reports the presence of pickpockets and chain snatchers.,Sultanpuri Main Fish Market,Sultanpuri,Street-Crime and High-Risk,PICKPOCKETING,28.7012275,77.0753953,"A Market, D.D, Block D 7, Sultanpuri, Delhi, 110086, India",Delhi,Gutter place. Full of pick pockets. Chain Snatchers.,1,-0.9,3,0.95,USER_REPORTED,REVIEW,INC-2b86ba8ed8662225,ChIJHUBT2ZwFDTkRiLArr3w734c,https://www.google.com/maps/search/?api=1&query=Sultanpuri%20Main%20Fish%20Market&query_place_id=ChIJHUBT2ZwFDTkRiLArr3w734c,ChZDSUhNMG9nS0VJQ0FnSURHd1k2SVN3EAE,ANAKIN_AI,e721e57487b4da08f055ad9a614e56c896761761aa9289cf076254824efef727,2026-09-26T09:16:57.940Z,3,0,1,2,0,0,0,0,0,Crime,3,40,22,incident
Pickpockets in unhygienic market,Crime,https://www.google.com/maps/reviews/data=!4m8!14m7!1m6!2m5!1sChZDSUhNMG9nS0VJQ0FnSUNHbHNUakd3EAE!2m1!1s0x0:0x87df3b7caf2bb088!3m1!1s2@1:CIHM0ogKEICAgICGlsTjGw%7C%7C?hl=en,2021-10-28T09:57:23Z,"A Market, D.D, Block D 7, Sultanpuri, Delhi, 110086, India (28.701228, 77.075395)",Google Maps (user review),Reviewer reports unhygienic conditions and lots of pickpockets.,Sultanpuri Main Fish Market,Sultanpuri,Street-Crime and High-Risk,PICKPOCKETING,28.7012275,77.0753953,"A Market, D.D, Block D 7, Sultanpuri, Delhi, 110086, India",Delhi,Unhygienic place with worst smell lots of pickpockets,1,-0.9,3,0.95,USER_REPORTED,REVIEW,INC-97b910795de06158,ChIJHUBT2ZwFDTkRiLArr3w734c,https://www.google.com/maps/search/?api=1&query=Sultanpuri%20Main%20Fish%20Market&query_place_id=ChIJHUBT2ZwFDTkRiLArr3w734c,ChZDSUhNMG9nS0VJQ0FnSUNHbHNUakd3EAE,ANAKIN_AI,349f2a3973c5db44d9d3bc2814908beb188ce6d334bdf075909b12b6f094e015,2026-09-26T09:16:57.940Z,3,0,1,2,0,0,0,0,0,Crime,3,40,22,incident
Shopkeepers underweight cheating scam,Fraud,https://www.google.com/maps/reviews/data=!4m8!14m7!1m6!2m5!1sChdDSUhNMG9nS0VJQ0FnSUNSNXF1SXF3RRAB!2m1!1s0x0:0x87df3b7caf2bb088!3m1!1s2@1:CIHM0ogKEICAgICR5quIqwE%7C%7C?hl=en,2023-03-31T23:50:28Z,"A Market, D.D, Block D 7, Sultanpuri, Delhi, 110086, India (28.701228, 77.075395)",Google Maps (user review),Reviewer reports shopkeepers cheating customers by giving underweight items.,Sultanpuri Main Fish Market,Sultanpuri,Street-Crime and High-Risk,OVERCHARGING,28.7012275,77.0753953,"A Market, D.D, Block D 7, Sultanpuri, Delhi, 110086, India",Delhi,Mostly shopkeepers are cheater.  The shopkeepers there take money from the people for one kilogram but weigh only 600 grams of items.,1,-0.8,2,0.95,USER_REPORTED,REVIEW,INC-f6414fbe2bb20686,ChIJHUBT2ZwFDTkRiLArr3w734c,https://www.google.com/maps/search/?api=1&query=Sultanpuri%20Main%20Fish%20Market&query_place_id=ChIJHUBT2ZwFDTkRiLArr3w734c,ChdDSUhNMG9nS0VJQ0FnSUNSNXF1SXF3RRAB,ANAKIN_AI,ffe1a3e88927a7c5d064223a9e5d75c0a10cefcdef215b6c7375c8c3a5edb7c3,2026-09-26T09:16:57.940Z,3,0,1,2,0,0,0,0,0,Crime,3,40,22,incident
No incidents found in GB Road,None,,,"GB Road, Delhi (28.650702, 77.220545)",Google Maps (user review),0 reviews scanned (0 negative) across 2 place(s); none describe an incident.,,GB Road,Street-Crime and High-Risk,,28.650702,77.2205449,,Delhi,,,,,,,,,,,,,,,0,0,0,0,0,0,0,0,0,,2,0,0,zone_no_incidents
No incidents found in Seemapuri,None,,,"Seemapuri, Delhi (28.680687, 77.330289)",Google Maps (user review),20 reviews scanned (3 negative) across 3 place(s); none describe an incident.,,Seemapuri,Street-Crime and High-Risk,,28.680687,77.3302888,,Delhi,,,,,,,,,,,,,,,0,0,0,0,0,0,0,0,0,,3,20,3,zone_no_incidents
